inmateid,admitted_dt,custody_level,bradh,race,gender,age,inmate_status_code,sealed,srg_flg,top_charge,infraction
20162691,2026-05-31T18:35:43.000,MED,Y,B,M,31.0,CS,N,N,140.25,N
20225436,2023-06-24T19:30:00.000,MAX,N,B,M,24.0,DE,N,N,125.25,Y
20252078,2026-07-30T19:57:52.000,MIN,N,W,M,38.0,DE,N,N,,N
20232432,2024-07-05T11:57:31.000,MIN,Y,O,M,48.0,DE,N,N,120.10,N
20244415,2026-04-19T12:46:32.000,MAX,Y,B,M,22.0,DE,N,Y,160.15,Y
21054,2026-07-21T18:39:23.000,MIN,Y,W,M,40.0,CS,N,N,155.25,N
20241669,2025-11-18T11:55:17.000,MIN,N,W,M,48.0,CS,N,N,,N
20233195,2026-04-01T17:36:00.000,MIN,Y,A,M,54.0,DE,N,N,160.15,Y
20238486,2026-02-18T01:38:17.000,MED,N,O,M,32.0,DE,N,N,140.20,Y
20248070,2026-01-01T17:01:26.000,MIN,N,I,M,29.0,DE,N,N,265.03,N
20221873,2025-07-14T23:45:32.000,MAX,Y,B,M,26.0,DE,N,Y,265.03,Y
20229798,2025-07-13T20:02:52.000,MED,Y,B,M,29.0,DE,N,N,110-125.25,Y
20246541,2026-08-13T17:27:18.000,MED,N,O,M,19.0,DE,N,N,120.06,N
20247341,2025-11-19T17:02:30.000,MAX,N,A,M,19.0,DE,N,Y,105.15,Y
20169071,2023-08-10T00:39:14.000,MAX,Y,B,M,27.0,DE,N,Y,110-125.25,Y
38104,2026-08-30T11:23:26.000,MAX,Y,W,M,37.0,DE,N,N,160.15,N
64318,2026-02-19T11:14:45.000,MAX,Y,B,M,40.0,DE,N,Y,110-125.25,Y
20212224,2026-07-03T14:18:00.000,MAX,Y,B,F,32.0,DE,N,N,140.25,N
20251732,2026-07-12T01:16:45.000,MIN,Y,A,M,50.0,DE,N,N,110-215.40,N
20238216,2026-07-06T02:00:36.000,MED,Y,B,M,21.0,CS,N,N,155.25,N
20223524,2026-04-30T15:58:50.000,MED,Y,B,M,24.0,DE,N,Y,105.17,Y
60288,2026-07-11T16:50:34.000,MIN,N,B,M,51.0,DE,N,N,155.25,N
20226838,2023-09-08T17:23:50.000,MED,N,B,M,49.0,DE,N,N,125.25,Y
169641,2026-06-01T16:26:34.000,MIN,N,B,M,39.0,DE,N,N,120.10,N
20160229,2025-04-25T13:22:36.000,MIN,N,O,M,50.0,DE,N,N,120.10,N
62541,2026-06-18T17:31:00.000,MIN,Y,B,F,53.0,DE,N,N,140.20,N
57111,2026-01-05T17:01:56.000,MED,Y,O,M,49.0,DE,N,N,130.53,N
22186,2025-12-18T17:00:56.000,MED,Y,B,M,55.0,DE,N,N,155.30,Y
20047330,2026-08-14T12:07:23.000,MED,Y,B,M,34.0,DE,N,N,155.30,N
20227751,2025-09-13T01:05:52.000,MED,Y,B,M,33.0,DE,N,N,121.12,Y
20200534,2025-06-26T20:34:52.000,MAX,Y,B,M,29.0,DE,N,Y,125.25,Y
20225764,2026-02-13T19:10:22.000,MIN,N,O,M,24.0,CS,N,N,215.55,N
20200255,2025-10-20T20:26:47.000,MIN,N,B,M,53.0,DE,N,N,155.30,N
20238534,2026-08-24T12:06:00.000,MIN,N,O,M,36.0,CS,N,N,VTL 1224,N
62386,2026-07-10T17:21:41.000,MAX,Y,B,M,62.0,DE,N,N,110-120.10,Y
20245453,2025-08-20T03:28:19.000,MIN,Y,B,M,56.0,DE,N,N,110-125.25,Y
20246890,2025-10-27T17:19:00.000,MED,Y,O,M,26.0,DE,N,N,120.10,Y
20231942,2024-06-12T16:46:36.000,MED,N,B,M,42.0,DPV,N,N,,Y
80811,2023-06-23T21:09:51.000,MED,N,B,M,36.0,DE,N,Y,125.25,Y
20247156,2025-12-10T01:17:50.000,MED,Y,B,M,21.0,DE,N,Y,160.15,Y
20252374,2026-08-14T12:49:07.000,,N,,,,DE,N,N,,N
20041396,2026-08-01T01:27:55.000,MAX,Y,B,M,51.0,DE,N,N,160.15,N
80843,2026-03-18T21:01:52.000,MIN,Y,B,M,64.0,CS,N,N,,Y
20084545,2025-09-05T11:50:01.000,MIN,N,O,M,35.0,DE,N,N,155.40,N
20230285,2024-09-16T20:30:51.000,MED,N,B,M,28.0,DE,N,N,140.25,Y
20232359,2024-07-01T15:55:53.000,MED,Y,W,F,43.0,DE,N,N,125.25,N
10001172,2024-03-16T13:03:30.000,MED,N,O,M,48.0,DE,N,N,220.21,Y
20179992,2025-08-09T00:08:55.000,MAX,N,B,M,28.0,DE,N,Y,160.15,Y
20251559,2026-07-02T18:23:00.000,MED,Y,O,M,39.0,DE,N,N,130.35,N
20230424,2026-06-12T11:28:29.000,MAX,Y,B,M,27.0,DE,N,N,160.15,Y
20226536,2026-06-15T14:52:27.000,MED,N,B,M,23.0,CS,N,N,160.15,N
20250869,2026-05-28T12:26:07.000,MED,N,O,M,22.0,DE,N,N,160.15,N
20251298,2026-06-19T00:59:17.000,MED,Y,W,F,35.0,DE,N,N,220.16,N
20201188,2025-06-28T15:38:20.000,MAX,Y,B,M,26.0,DE,N,Y,125.25,Y
20227477,2026-02-03T00:03:29.000,MIN,Y,O,M,38.0,DE,N,N,140.20,N
20246083,2026-07-16T13:11:03.000,MED,N,B,M,44.0,DE,N,N,140.30,N
20232176,2026-08-18T16:30:58.000,MAX,Y,O,M,28.0,DE,N,N,120.05,N
137238,2026-08-05T21:23:27.000,MED,Y,B,M,61.0,DE,N,N,155.30,N
20232339,2025-08-21T16:08:51.000,MED,Y,B,M,23.0,DE,N,N,140.25,Y
20239098,2026-06-11T12:26:30.000,MAX,Y,O,M,25.0,DE,N,N,160.15,Y
20137344,2025-10-02T12:55:14.000,MIN,Y,B,M,36.0,DE,N,N,121.12,N
20241168,2025-08-28T13:19:30.000,MAX,Y,B,M,23.0,DE,N,Y,105.15,Y
20056163,2026-03-27T14:54:21.000,MIN,Y,B,F,39.0,DE,N,N,220.16,Y
20215819,2025-09-12T16:13:09.000,MAX,Y,B,M,23.0,DE,N,Y,125.25,Y
20247115,2025-11-08T16:39:47.000,MAX,N,O,M,24.0,DE,N,Y,110-125.25,Y
20117451,2026-08-28T14:11:13.000,MAX,N,B,M,30.0,DE,N,Y,170.15,N
20239053,2026-08-15T00:25:23.000,MED,Y,B,M,53.0,DE,N,N,220.03,N
19591,2026-05-05T14:24:26.000,MED,Y,B,M,37.0,DE,N,N,215.56,N
149071,2024-02-14T00:40:01.000,MED,N,O,M,40.0,SSR,N,N,130.35,Y
20061548,2026-08-11T21:48:29.000,MIN,N,O,M,54.0,DE,N,N,140.20,N
92737,2026-03-08T16:15:01.000,MIN,N,O,M,41.0,DE,N,N,215.56,N
20242065,2025-03-10T19:18:00.000,MIN,Y,B,F,48.0,DE,N,N,140.25,Y
20170303,2025-11-19T19:39:00.000,MAX,Y,O,M,28.0,DE,N,N,125.20,Y
20247980,2025-12-25T12:25:00.000,MIN,N,A,M,28.0,DE,N,N,110-125.25,N
20246438,2025-10-05T01:17:00.000,MED,Y,B,M,22.0,DE,N,Y,160.15,Y
20250656,2026-05-17T01:18:50.000,MIN,N,B,M,44.0,DE,N,N,265.03,N
20240850,2025-01-03T16:02:48.000,MED,N,B,M,21.0,DE,N,Y,125.25,Y
84155,2026-05-25T00:41:00.000,MIN,Y,B,F,39.0,DE,N,N,160.10,N
20139484,2026-01-09T20:17:00.000,MAX,Y,B,M,42.0,DEP,N,N,160.10,Y
51414,2024-10-23T13:30:50.000,MED,N,B,M,37.0,DE,N,Y,125.25,Y
20109968,2026-03-24T22:59:00.000,MAX,Y,B,M,31.0,DEP,N,N,110-160.15,Y
20250544,2026-05-12T16:17:14.000,MED,Y,O,F,28.0,DE,N,N,125.25,N
127188,2026-07-10T17:27:50.000,MED,Y,W,M,38.0,DE,N,N,140.25,N
20008130,2026-08-03T16:38:01.000,MED,Y,B,M,35.0,DE,N,Y,120.00,N
20240063,2024-12-12T16:58:10.000,MAX,Y,O,F,32.0,DE,N,N,230.25,Y
94919,2024-09-11T17:40:40.000,MED,N,B,M,35.0,DE,N,Y,125.25,Y
20214838,2024-10-25T20:31:53.000,MAX,Y,B,M,25.0,DE,N,N,110-125.25,Y
20249950,2026-04-14T18:47:56.000,MIN,N,O,M,20.0,DE,N,N,110-125.25,Y
101401,2026-05-23T21:30:07.000,MIN,Y,B,M,48.0,CS,N,N,130.52,N
20251394,2026-06-24T14:57:08.000,MED,N,B,M,36.0,DE,N,N,160.10,Y
133911,2025-02-20T17:28:48.000,MED,Y,B,M,64.0,DE,N,N,125.25,N
20239997,2024-11-18T17:00:02.000,MED,Y,W,M,26.0,DE,N,N,125.25,N
20250011,2026-04-16T17:02:25.000,MED,N,U,M,22.0,DE,N,Y,140.20,Y
20160133,2026-08-15T13:05:51.000,MED,Y,M,M,28.0,DE,N,N,160.05,N
20138822,2026-08-28T17:14:00.000,MED,N,M,M,34.0,DE,N,N,165.50,N
20250067,2026-04-19T00:48:09.000,MIN,N,O,M,33.0,CS,N,N,120.10,Y
20090109,2026-02-19T12:29:34.000,MIN,Y,B,M,49.0,DE,N,N,140.30,N
20252115,2026-08-02T16:24:15.000,MED,Y,B,M,22.0,DE,N,N,120.10,N
46052,2025-11-21T16:30:34.000,MIN,N,B,M,52.0,DE,N,N,110-125.25,N
20221334,2022-10-25T01:30:00.000,MED,Y,B,M,27.0,DE,N,Y,125.25,Y
20208810,2020-03-11T16:25:00.000,MED,Y,O,M,51.0,DE,N,N,125.25,Y
20243577,2025-05-20T12:08:35.000,MAX,Y,O,M,22.0,DE,N,N,110-125.25,Y
20201133,2026-08-22T21:06:01.000,MAX,Y,O,M,35.0,DE,N,N,265.02,N
20251362,2026-06-22T19:31:02.000,MAX,Y,W,M,45.0,DE,N,N,110-125.25,N
20252669,2026-08-31T00:20:00.000,MAX,N,B,M,20.0,DE,N,N,265.03,N
145452,2026-07-15T21:29:11.000,MAX,Y,W,M,43.0,DEP,N,N,VOP,N
51981,2022-12-26T16:04:50.000,MAX,Y,B,M,39.0,DE,N,Y,125.25,Y
20040079,2025-03-21T12:38:35.000,MIN,N,O,M,52.0,DE,N,N,220.43,Y
20244006,2025-06-10T15:20:42.000,MED,Y,O,M,53.0,DE,N,N,130.96,N
149465,2026-08-05T15:56:45.000,MAX,Y,B,M,34.0,DE,N,Y,120.05,N
52513,2026-03-25T12:35:20.000,MIN,Y,B,M,57.0,DE,N,N,265.03,N
20248767,2026-02-11T17:10:54.000,MED,N,B,M,31.0,DE,N,N,130.80,N
139070,2026-07-27T01:44:52.000,MIN,Y,B,M,50.0,DE,N,N,160.15,N
20219855,2024-12-03T15:01:37.000,MED,Y,B,M,22.0,DE,N,Y,105.15,Y
113212,2024-03-14T19:11:27.000,MAX,N,B,M,35.0,DE,N,N,125.25,Y
20249590,2026-03-26T16:22:24.000,MIN,N,O,M,36.0,DE,N,N,220.43,Y
20244657,2026-05-27T16:53:19.000,MIN,Y,O,M,36.0,DE,N,N,120.05,N
20167282,2025-10-05T16:21:31.000,MED,Y,B,M,42.0,DE,N,N,140.20,Y
94753,2026-05-21T17:23:00.000,MAX,Y,B,M,37.0,DEP,N,N,140.25,N
20252499,2026-08-20T18:53:44.000,MIN,Y,B,M,25.0,DE,N,N,130.52,N
20191630,2026-06-14T23:20:25.000,MAX,Y,O,M,37.0,DE,N,N,120.05,N
20242332,2026-08-21T16:23:19.000,MED,N,B,F,20.0,DE,N,N,220.16,N
20216360,2021-11-11T23:13:00.000,MAX,Y,B,M,24.0,DE,N,N,130.95,Y
20109513,2026-02-18T23:49:17.000,MIN,Y,O,M,52.0,DE,N,N,110-125.25,N
20241340,2025-01-29T01:20:53.000,MED,N,B,M,51.0,DE,N,N,110-125.25,N
20249846,2026-04-09T17:20:13.000,MIN,N,H,M,38.0,DE,N,N,220.21,N
20095550,2026-05-27T15:41:30.000,MED,N,B,M,34.0,CSP,N,Y,VOP,N
20173977,2026-02-04T19:30:10.000,MIN,N,B,M,58.0,CS,N,N,,N
135809,2026-08-24T15:25:03.000,MED,Y,B,M,36.0,DE,N,Y,110-140.20,N
120799,2024-01-23T19:26:49.000,MED,N,B,M,42.0,DE,N,Y,125.25,Y
20233165,2024-08-09T20:39:00.000,MED,Y,O,M,26.0,DE,N,N,125.25,Y
10002820,2026-08-23T20:16:00.000,MIN,N,B,M,51.0,DE,N,N,220.16,N
20242732,2025-04-11T17:47:21.000,MED,Y,O,M,37.0,DE,N,N,130.35,N
20252516,2026-08-21T12:40:51.000,MIN,N,B,M,61.0,DE,N,N,265.03,N
53633,2026-05-24T20:39:06.000,MED,Y,O,M,48.0,DE,N,N,160.15,N
20238659,2025-04-05T00:29:16.000,MAX,Y,B,F,39.0,DE,N,N,120.05,Y
20225111,2023-06-08T15:30:29.000,MED,N,B,M,22.0,DE,N,Y,125.25,Y
134600,2026-07-11T13:30:13.000,MED,Y,B,M,37.0,DE,N,N,160.10,N
20245413,2026-07-05T00:40:38.000,MED,N,B,M,19.0,DE,N,Y,160.15,N
15739,2025-08-26T13:04:18.000,MIN,Y,W,M,41.0,DE,N,N,120.05,N
20227348,2026-04-14T23:42:58.000,MED,Y,B,M,26.0,DE,N,N,120.05,Y
20249028,2026-02-26T20:58:00.000,MED,Y,B,M,38.0,DE,N,N,120.18,Y
20041573,2026-05-23T01:52:54.000,MAX,Y,O,M,35.0,DE,N,N,215.52,Y
113141,2026-03-31T16:58:32.000,MIN,N,W,M,64.0,DE,N,N,140.25,N
20251000,2026-06-03T23:48:32.000,MED,Y,O,F,30.0,DE,N,N,160.10,Y
20230878,2026-05-01T12:47:22.000,MAX,N,B,M,20.0,DE,N,Y,105.15,Y
20199821,2025-11-06T14:26:07.000,MAX,Y,B,M,27.0,DE,N,Y,220.16,Y
20169762,2026-07-19T16:29:01.000,MAX,Y,B,M,31.0,DE,N,Y,215.51,N
20049792,2026-03-25T19:43:00.000,MED,N,O,M,49.0,DE,N,N,140.25,N
20252276,2026-08-10T00:32:36.000,MED,N,W,M,20.0,DE,N,Y,160.15,N
20104395,2025-02-18T00:41:10.000,MED,Y,O,M,49.0,DE,N,N,120.05,Y
20133491,2026-06-30T14:29:20.000,MED,Y,B,F,33.0,DE,N,N,155.30,N
20252617,2026-08-27T17:18:17.000,MAX,N,B,M,21.0,DE,N,N,120.05,N
69788,2026-04-18T15:53:00.000,MIN,Y,A,F,39.0,DE,N,N,140.25,Y
20239362,2025-09-01T21:03:43.000,MIN,Y,B,M,64.0,DE,N,N,110-160.15H,N
12761,2026-06-16T23:22:32.000,MED,Y,B,M,59.0,DE,N,N,155.30,N
56396,2026-06-06T16:56:42.000,MIN,Y,B,M,38.0,DE,N,N,220.39,N
99744,2026-06-22T18:06:21.000,MIN,N,B,M,39.0,CS,N,N,,N
20231858,2026-06-03T17:29:52.000,MED,N,O,M,21.0,DE,N,Y,110-125.25,N
20244869,2026-02-04T01:02:17.000,MIN,Y,O,M,31.0,CS,N,N,,Y
20214473,2026-07-09T15:10:45.000,MAX,Y,B,M,26.0,DE,N,N,140.25,N
20218640,2026-05-31T11:59:54.000,MIN,N,B,M,32.0,CS,N,N,155.35,N
20131717,2026-04-23T19:29:32.000,MIN,Y,B,M,36.0,DE,N,N,160.15,Y
20151502,2026-01-14T00:59:13.000,MAX,Y,B,M,29.0,DE,N,Y,160.15,Y
20251208,2026-06-13T17:17:30.000,MED,Y,B,M,27.0,DE,N,N,165.45,Y
20238950,2026-04-29T12:42:07.000,MAX,N,O,M,20.0,DE,N,N,120.10,Y
74965,2025-11-15T17:11:40.000,MED,Y,O,M,57.0,DE,N,N,160.15,N
47969,2026-04-09T15:52:47.000,MIN,N,A,M,57.0,DE,N,N,160.15,Y
20043510,2022-11-29T20:40:00.000,MED,N,B,M,50.0,DE,N,N,125.25,Y
20210983,2026-08-03T17:18:16.000,MAX,Y,O,M,31.0,DE,N,N,110-120.10,N
20155918,2026-08-27T00:25:04.000,MED,Y,O,M,40.0,DE,N,N,155.30,N
20249780,2026-07-20T13:22:00.000,MIN,Y,W,M,35.0,DE,N,N,120.05,N
20251136,2026-06-10T13:00:22.000,MIN,Y,B,M,21.0,DE,N,N,105.15,Y
111459,2026-04-26T12:03:00.000,MIN,Y,O,M,64.0,DE,N,N,140.20,N
20155162,2025-05-25T12:57:20.000,MIN,Y,O,M,30.0,DE,N,N,110-125.25,N
10005163,2026-05-14T11:54:03.000,MAX,N,B,M,35.0,DE,N,N,140.30,N
20246294,2025-09-27T00:49:00.000,MED,N,B,M,59.0,DE,N,N,265.03,Y
20252076,2026-07-30T18:27:02.000,MIN,Y,B,M,34.0,DE,N,N,110-125.25,N
20249858,2026-04-10T00:36:41.000,MIN,N,O,M,49.0,DE,N,N,220.21,N
20242931,2025-04-21T21:25:16.000,MAX,Y,B,M,25.0,DE,N,N,125.25,Y
20224015,2023-04-09T23:20:00.000,MED,Y,B,M,26.0,DE,N,N,130.35,N
3168,2026-08-12T15:40:00.000,MAX,Y,O,M,45.0,DE,N,N,140.25,N
20248235,2026-01-11T12:10:05.000,MED,Y,O,M,21.0,CS,N,N,120.00,Y
20244139,2025-06-17T11:47:04.000,MED,Y,O,M,21.0,DE,N,N,125.25,N
20096201,2026-02-07T20:53:06.000,MIN,Y,B,M,30.0,DE,N,N,160.15,N
20218699,2026-05-10T01:29:50.000,MED,Y,B,M,24.0,DE,N,Y,220.16,N
155288,2025-10-16T12:29:46.000,MED,Y,B,F,42.0,DE,N,N,215.51,Y
43466,2026-04-12T00:43:39.000,MIN,N,O,M,55.0,CS,N,N,140.20,N
20222081,2025-10-07T13:24:54.000,MED,Y,B,M,25.0,DE,N,N,125.27,N
20221961,2025-03-06T11:12:01.000,MAX,Y,W,M,31.0,DE,N,N,130.35,Y
154921,2026-05-08T17:34:28.000,MAX,N,B,M,41.0,DE,N,Y,110-125.25,N
20251784,2026-07-15T00:37:42.000,MIN,N,B,M,23.0,DE,N,N,110-120.07,N
20243317,2026-05-19T13:05:53.000,MIN,Y,O,M,34.0,CS,N,N,,N
20233187,2024-08-11T11:29:25.000,MED,Y,B,M,40.0,DE,N,N,130.35,N
120884,2025-12-14T00:52:00.000,MED,Y,B,M,40.0,DE,N,Y,110-125.25,Y
20197406,2026-08-05T14:40:02.000,MAX,Y,W,M,50.0,DE,N,N,160.05,N
162189,2021-12-23T18:01:06.000,MED,Y,A,M,45.0,DE,N,N,125.25,Y
20161318,2025-04-22T16:47:49.000,MED,Y,O,M,31.0,DE,N,N,120.10,Y
20240515,2024-12-13T21:40:53.000,MED,Y,W,M,44.0,DE,N,N,125.25,N
20251067,2026-06-07T11:08:33.000,MED,Y,B,M,33.0,DE,N,N,130.65,N
20203604,2026-09-01T01:51:28.000,,N,W,F,52.0,DEP,N,N,165.40,N
20224146,2023-04-18T15:25:59.000,MED,N,B,M,29.0,DE,N,N,125.25,Y
10010649,2024-08-05T16:47:00.000,MIN,N,B,M,58.0,DE,N,N,140.30,N
35075,2026-07-13T16:18:55.000,MAX,N,W,M,56.0,DE,N,N,155.35,N
20244630,2025-07-10T19:08:27.000,MED,N,U,M,24.0,DE,N,N,230.34,Y
20202201,2026-06-16T13:52:27.000,MAX,Y,O,F,27.0,DE,N,N,110-120.10,N
20178318,2026-08-31T16:32:49.000,MIN,N,B,M,47.0,DE,N,N,110-160.15,N
20246784,2025-12-24T16:43:35.000,MIN,N,B,M,21.0,DE,N,N,105.15,N
20249261,2026-03-10T20:37:39.000,MAX,Y,B,M,18.0,DE,N,Y,110-125.25,Y
20250734,2026-05-20T21:04:02.000,MIN,N,O,M,26.0,DE,N,N,220.21,N
16635,2026-07-27T13:11:53.000,MED,N,W,M,48.0,DEP,N,Y,165.45,N
137966,2023-02-12T21:43:21.000,MED,Y,B,M,55.0,DE,N,Y,125.27,Y
20210382,2025-12-17T18:38:00.000,MAX,Y,O,F,38.0,DE,N,N,160.10,Y
41637,2024-01-28T01:18:41.000,MAX,N,B,M,37.0,DE,N,N,125.25,Y
20248016,2025-12-29T11:44:20.000,MAX,Y,B,M,34.0,DE,N,N,160.15,Y
45312,2025-08-27T14:49:22.000,MAX,Y,B,M,49.0,DE,N,N,120.05,Y
20231816,2024-06-06T19:46:00.000,MIN,N,B,M,53.0,DE,N,N,110-125.25,N
20218553,2026-09-01T09:00:46.000,,N,B,M,22.0,DE,N,Y,105.15,N
20216459,2025-06-15T18:35:00.000,MAX,N,B,M,23.0,DE,N,Y,160.15,Y
20231961,2026-06-17T11:27:09.000,MIN,N,B,M,32.0,CS,N,N,265.01B,N
20150492,2026-07-04T11:29:48.000,MAX,Y,B,M,45.0,DE,N,N,160.15,Y
20190330,2026-07-23T13:55:30.000,MAX,Y,B,M,25.0,DE,N,Y,120.10,N
20243772,2026-08-04T12:50:07.000,MED,N,W,M,64.0,DE,N,N,140.20,N
20240548,2026-06-02T12:07:59.000,MIN,Y,B,M,42.0,DE,N,N,120.05,Y
20248813,2026-02-13T21:51:13.000,MAX,Y,B,M,27.0,DE,N,N,140.30,Y
20251247,2026-06-16T20:29:59.000,MIN,Y,W,F,31.0,DE,N,N,120.10,N
44694,2026-06-29T00:19:31.000,MED,Y,B,M,47.0,DE,N,N,160.10,Y
24437,2026-02-26T11:40:57.000,MED,Y,O,F,42.0,DE,N,N,110-160.15,N
20243274,2025-05-08T01:14:47.000,MAX,Y,B,M,23.0,DE,N,Y,110-125.25,Y
20238664,2025-08-26T00:04:21.000,MED,Y,O,M,21.0,DE,N,Y,125.25,Y
20242521,2025-04-02T12:18:27.000,MIN,N,O,M,62.0,SSR,N,N,140.30,N
6246,2026-08-30T17:51:52.000,MIN,Y,B,M,56.0,DE,N,N,110-125.25,N
20233060,2025-02-06T01:08:35.000,MED,Y,A,M,37.0,DE,N,N,140.25,Y
20212347,2024-06-25T21:29:26.000,MAX,Y,B,M,26.0,DE,N,N,125.25,Y
20072884,2026-05-18T13:00:08.000,MIN,Y,O,M,59.0,DE,N,N,120.10,Y
20117099,2026-08-30T23:33:02.000,MED,Y,B,M,31.0,DE,N,N,125.27,N
20224721,2026-03-26T15:30:00.000,MED,N,B,M,52.0,DE,N,N,125.25,N
20082365,2026-08-26T19:04:48.000,MED,Y,W,M,43.0,DE,N,N,140.25,N
20218444,2024-08-22T14:49:16.000,MAX,N,B,M,23.0,DE,N,Y,105.15,Y
20188355,2025-11-29T10:56:18.000,MAX,N,B,M,32.0,DE,N,N,140.30,Y
3369,2026-04-22T01:11:16.000,MED,Y,B,F,58.0,DE,N,N,125.25,Y
20211018,2024-04-26T18:33:14.000,MAX,Y,B,M,29.0,DE,N,Y,125.25,Y
20224732,2023-05-18T00:40:00.000,MED,Y,B,M,37.0,DE,N,N,125.25,Y
20243072,2025-04-28T15:32:24.000,MED,N,B,M,45.0,DE,N,N,125.25,N
20225401,2026-05-29T23:30:16.000,MAX,Y,B,M,21.0,DE,N,Y,220.16,Y
20221523,2026-04-12T14:22:00.000,MIN,Y,W,M,35.0,DE,N,N,120.10,N
34576,2026-05-27T19:15:28.000,MED,Y,B,M,41.0,DE,N,N,125.25,N
20170604,2026-08-01T00:34:11.000,MIN,N,O,M,32.0,DE,N,N,155.30,N
21889,2026-05-19T16:48:36.000,MIN,N,B,M,45.0,DE,N,N,160.15,N
20208743,2026-04-20T22:26:06.000,MED,N,O,M,31.0,CSP,N,N,,N
162572,2026-05-18T20:36:22.000,MAX,Y,W,M,35.0,DE,N,N,160.10,N
20250030,2026-04-17T16:07:57.000,MIN,N,O,M,32.0,DE,N,N,110-125.25,N
20251307,2026-06-19T16:58:50.000,MED,Y,O,M,32.0,DE,N,N,125.25,N
26232,2026-08-15T11:48:48.000,MIN,Y,B,M,56.0,DE,N,N,120.14,N
20095625,2023-07-03T20:42:00.000,MED,Y,B,M,42.0,DE,N,N,125.25,Y
10000614,2022-01-19T23:18:00.000,MED,Y,B,M,45.0,DE,N,N,125.25,Y
16565,2026-05-17T21:29:09.000,MED,Y,W,M,64.0,DE,N,N,120.05,Y
152226,2025-12-18T20:28:08.000,MED,N,O,M,36.0,DE,N,N,265.03,N
20243186,2025-12-24T19:18:42.000,MED,Y,B,M,21.0,DE,N,N,160.05,Y
115276,2025-02-22T11:23:05.000,MIN,Y,W,M,43.0,DE,N,N,160.15,Y
20251681,2026-07-09T15:05:48.000,MED,Y,B,M,20.0,DE,N,N,125.25,N
20182318,2026-06-24T17:50:16.000,MED,N,O,M,25.0,DE,N,Y,130.35,Y
20213943,2026-08-30T16:45:07.000,MED,Y,O,M,27.0,DE,N,N,140.25,N
20033874,2025-08-28T18:06:57.000,MIN,N,B,M,42.0,DE,N,N,110-125.25,N
20070661,2026-08-27T12:20:37.000,MAX,N,B,M,31.0,DE,N,Y,120.05,N
20232436,2024-07-05T13:00:19.000,MED,N,B,M,35.0,DE,N,N,125.25,Y
20151644,2026-03-27T16:20:07.000,MED,Y,B,M,54.0,CS,N,N,,Y
20247727,2025-12-10T13:52:08.000,MAX,N,B,M,23.0,DE,N,N,165.15,Y
65888,2025-06-26T17:36:51.000,MIN,Y,B,M,58.0,SSR,N,N,,N
20244010,2025-06-10T16:23:15.000,MED,Y,B,M,22.0,DE,N,Y,110-125.25,Y
20212870,2026-05-26T23:20:33.000,MED,Y,B,M,59.0,DE,N,N,140.25,N
94212,2026-08-11T00:26:18.000,MIN,Y,B,M,60.0,CS,N,N,155.25,N
10696,2023-08-26T11:48:00.000,MED,Y,B,M,60.0,DE,N,N,125.25,Y
20244030,2025-06-11T15:52:00.000,MED,N,O,M,20.0,DE,N,Y,125.25,Y
20242793,2025-04-15T16:40:19.000,MED,N,O,M,23.0,DE,N,N,125.25,Y
20247611,2025-12-04T15:52:36.000,MED,Y,O,M,20.0,DE,N,Y,110-125.25,Y
20229862,2025-09-23T15:00:26.000,MIN,Y,B,M,43.0,DE,N,N,140.20,Y
20215177,2025-10-20T00:44:26.000,MAX,Y,B,M,31.0,DE,N,Y,110-120.10,Y
146968,2025-12-16T21:55:55.000,MAX,Y,B,M,35.0,DE,N,Y,140.30,Y
20249659,2026-08-31T14:43:49.000,MIN,N,B,M,53.0,DE,N,N,,N
84751,2025-07-26T15:59:50.000,MED,N,B,M,38.0,DE,N,N,125.25,N
20242498,2026-03-10T11:08:17.000,MED,Y,O,M,41.0,DE,N,N,120.05,Y
20193736,2026-08-26T21:14:52.000,MAX,Y,W,M,38.0,DE,N,N,120.05,N
20003224,2026-04-17T21:27:44.000,MED,Y,B,M,37.0,DEP,N,N,VOP,N
20225481,2026-07-21T16:26:21.000,MAX,Y,B,M,34.0,DE,N,Y,265.03,Y
20232532,2026-05-26T20:43:15.000,MAX,Y,O,M,24.0,DE,N,N,160.05,Y
20200405,2026-08-21T21:21:38.000,MAX,N,B,M,60.0,CS,N,N,CO,N
20042043,2026-07-07T12:10:59.000,MED,N,O,M,58.0,CSP,N,N,VOP,N
11239,2026-04-26T16:52:58.000,MED,Y,O,M,44.0,DE,N,N,110-125.25,N
791,2026-08-31T00:00:00.000,MIN,N,B,M,64.0,DE,N,N,265.03,N
20086060,2026-02-24T22:26:42.000,MED,Y,B,F,34.0,DE,N,N,140.25,N
20249183,2026-08-27T13:28:33.000,MED,Y,B,F,50.0,DE,N,N,VOP,N
20184211,2025-05-20T16:15:24.000,MAX,Y,W,F,30.0,DE,N,N,120.10,Y
100729,2026-04-21T18:41:52.000,MAX,Y,B,M,64.0,DE,N,N,160.15,N
96460,2025-12-01T12:26:58.000,MED,N,B,M,37.0,DE,N,N,121.12,N
20169142,2026-08-14T11:05:57.000,MED,Y,O,M,27.0,DE,N,N,165.40,N
20215173,2025-09-19T15:07:38.000,MIN,N,W,M,36.0,DE,N,N,140.10,N
20220524,2023-10-14T11:49:00.000,MED,Y,B,M,22.0,DE,N,Y,125.25,Y
20212260,2026-07-01T11:28:05.000,MED,Y,B,M,25.0,DE,N,N,135.25,N
20250844,2026-05-27T17:09:42.000,MED,N,O,M,21.0,DE,N,Y,110-125.25,Y
20206214,2026-08-19T15:07:43.000,MIN,Y,W,F,49.0,DE,N,N,140.20,N
105271,2026-07-27T16:45:15.000,MAX,Y,B,M,40.0,DE,N,Y,,N
20087216,2025-11-22T19:30:00.000,MED,Y,B,M,32.0,DE,N,Y,160.15,Y
10009834,2026-03-17T00:20:02.000,MED,Y,B,M,36.0,DE,N,Y,155.30,Y
20013804,2026-01-06T23:19:07.000,MED,Y,B,M,36.0,DEP,N,N,220.39,N
20245539,2026-08-21T15:26:00.000,MED,N,B,M,31.0,DE,N,N,140.25,N
20251243,2026-06-16T19:07:49.000,MIN,Y,B,F,30.0,DE,N,N,121.12,N
20204388,2026-04-17T19:19:08.000,MAX,Y,B,M,28.0,DE,N,Y,120.05,Y
20102871,2025-04-23T15:26:00.000,MED,Y,B,M,45.0,DE,N,N,125.20,Y
20158359,2026-08-07T18:12:35.000,MAX,Y,W,F,37.0,DE,N,N,120.05,N
20218723,2026-03-02T12:00:54.000,MIN,Y,B,M,55.0,DE,N,N,160.15,N
20243348,2025-08-21T18:03:51.000,MAX,N,B,M,20.0,DE,N,Y,265.03,Y
20230619,2026-08-23T23:11:00.000,MED,Y,B,M,31.0,DE,N,N,215.51,N
20250683,2026-05-18T01:38:38.000,MED,N,B,M,21.0,DE,N,Y,265.03,Y
41571,2025-07-22T10:02:47.000,MAX,Y,W,M,40.0,DE,N,N,110-120.10,Y
20115417,2023-07-07T17:51:13.000,MAX,Y,O,M,31.0,DE,N,Y,125.25,Y
114627,2025-09-26T23:35:15.000,MAX,Y,B,M,62.0,DE,N,N,160.15,Y
20251811,2026-07-16T00:48:00.000,MIN,Y,B,F,28.0,DE,N,N,121.12,N
20075602,2026-04-05T13:21:54.000,MAX,Y,B,M,34.0,DE,N,N,160.15,Y
20215353,2026-02-18T10:22:22.000,MIN,N,A,M,40.0,DE,N,N,265.03,N
145478,2026-08-31T23:31:46.000,,N,B,M,41.0,DE,N,N,160.15,N
20246737,2025-10-19T12:52:44.000,MAX,Y,O,M,21.0,DE,N,Y,105.15,Y
20229025,2025-09-04T22:24:14.000,MAX,N,B,M,22.0,DE,N,Y,125.25,Y
20232217,2024-06-24T15:36:30.000,MED,Y,O,F,55.0,DE,N,N,125.25,Y
20251867,2026-07-18T11:24:50.000,MED,Y,B,M,28.0,DE,N,N,120.05,N
20216501,2026-03-24T15:23:21.000,MAX,Y,B,M,29.0,DE,N,N,215.51,Y
20216833,2025-09-12T12:27:21.000,MAX,Y,B,M,27.0,DE,N,N,160.10,Y
20248752,2026-08-31T16:15:09.000,MED,N,B,M,19.0,DE,N,N,110-125.25,N
20152800,2026-08-12T23:23:44.000,MED,N,B,M,48.0,DE,N,N,265.03,N
20081773,2026-08-10T20:16:00.000,MIN,Y,B,M,70.0,DE,N,N,120.05,N
20248365,2026-01-18T01:27:16.000,MIN,Y,O,M,26.0,DE,N,N,110-120.10,N
20068148,2025-08-22T18:26:31.000,MED,N,O,M,35.0,CS,N,N,155.25,Y
20229463,2026-03-13T14:58:10.000,MED,Y,O,M,23.0,DE,N,N,215.56,Y
20115276,2025-08-02T16:42:32.000,MAX,Y,O,M,32.0,DE,N,Y,160.10,Y
132774,2026-02-11T16:33:00.000,MED,Y,B,M,45.0,DE,N,N,140.20,Y
20251211,2026-06-13T19:39:40.000,MIN,Y,O,M,33.0,DE,N,N,120.05,N
20242680,2025-04-09T13:06:18.000,MAX,N,O,M,30.0,DE,N,N,110-125.25,Y
146829,2026-07-13T01:08:49.000,MED,N,B,M,63.0,DE,N,N,110-125.25,N
10015555,2026-04-20T17:30:25.000,MAX,N,B,M,36.0,DE,N,N,140.25,Y
20242890,2026-08-18T11:08:00.000,MED,N,W,F,31.0,DE,N,N,220.16,N
20120370,2026-02-25T12:10:44.000,MAX,Y,B,M,29.0,DE,N,Y,125.25,Y
20068827,2026-04-19T17:02:07.000,MIN,N,W,M,34.0,CS,N,N,155.25,N
20222714,2025-02-14T07:36:56.000,MAX,N,B,M,24.0,DE,N,Y,105.17,Y
20247353,2025-11-19T20:43:57.000,MIN,Y,,,31.0,DE,N,N,120.05,N
20046038,2025-08-22T01:18:20.000,MED,Y,O,M,49.0,DE,N,N,140.25,Y
20252387,2026-08-15T01:52:17.000,MIN,Y,B,M,48.0,DE,N,N,265.03,N
20017920,2026-07-16T00:09:26.000,MIN,N,O,M,38.0,DE,N,N,220.21,N
20160440,2026-04-13T11:06:48.000,MAX,Y,B,M,27.0,DE,N,Y,110-120.10,Y
20251903,2026-07-20T12:54:28.000,MED,Y,O,M,36.0,DE,N,N,265.03,N
20109850,2026-08-28T16:08:27.000,MED,N,B,M,31.0,DE,N,Y,195.05,N
20247780,2025-12-12T20:39:33.000,MED,N,B,M,19.0,DE,N,Y,160.15,Y
20172746,2026-06-16T11:15:35.000,MIN,Y,A,M,30.0,DE,N,N,160.05,Y
85702,2026-09-01T08:00:23.000,,N,B,M,56.0,DPV,N,N,,N
20224866,2026-03-14T20:25:49.000,MAX,N,B,M,31.0,DE,N,N,220.41,Y
20231480,2026-03-22T12:39:01.000,MIN,N,B,M,38.0,DE,N,N,110-160.15,N
20225099,2026-05-18T11:20:15.000,MED,Y,B,M,63.0,DE,N,N,130.96,N
20251752,2026-07-12T20:01:33.000,MIN,Y,B,M,36.0,DE,N,N,140.25,N
20221010,2026-08-15T11:59:55.000,MIN,Y,O,M,25.0,DE,N,N,140.35,N
20248134,2026-07-04T00:55:50.000,MED,N,O,M,22.0,DE,N,N,140.25,N
20230037,2024-03-07T21:51:51.000,MED,Y,B,M,43.0,DE,N,N,125.25,Y
20249274,2026-03-11T14:54:37.000,MIN,Y,A,M,35.0,DE,N,N,110-125.25,Y
20246893,2025-10-27T20:14:18.000,MAX,N,U,M,20.0,DE,N,Y,125.25,Y
20045613,2026-07-27T17:22:08.000,MIN,Y,O,M,55.0,DE,N,N,140.25,N
20124455,2026-08-30T16:16:28.000,MIN,N,B,M,33.0,DE,N,N,265.03,N
20249961,2026-04-15T01:20:43.000,MED,Y,B,M,68.0,DEP,N,N,110-125.25,N
46447,2026-06-29T16:00:45.000,MIN,Y,B,M,42.0,DE,N,N,140.25,N
20223254,2026-08-09T12:11:25.000,MED,Y,B,M,35.0,DEP,N,N,220.39,N
20904,2026-03-01T17:38:00.000,MIN,N,W,M,58.0,DE,N,N,165.45,N
20246008,2026-05-16T12:46:06.000,MIN,Y,O,M,42.0,DE,N,N,121.12,N
20200274,2025-11-21T20:05:06.000,MED,Y,B,F,35.0,DE,N,N,155.30,Y
38414,2025-08-22T16:58:50.000,MAX,Y,O,M,41.0,DE,N,N,168-T(2),Y
15382,2026-07-22T12:20:05.000,MAX,N,B,M,42.0,DE,N,Y,135.25,N
20062216,2024-12-29T01:26:46.000,MED,Y,B,M,31.0,DE,N,N,110-125.25,Y
20096705,2026-02-11T13:02:50.000,MED,Y,B,M,45.0,DE,N,N,110-125.25,N
20015128,2025-09-13T10:53:44.000,MED,Y,B,F,38.0,DE,N,N,160.10,N
20251896,2026-07-20T00:06:52.000,MIN,N,O,M,31.0,DE,N,N,160.10,N
20227821,2023-11-03T13:32:08.000,MIN,Y,B,M,30.0,DE,N,N,265.13,N
20208438,2026-03-16T11:30:02.000,MIN,Y,W,M,50.0,DE,N,N,140.25,N
20248467,2026-06-13T12:30:12.000,MED,N,W,M,18.0,DE,N,Y,105.15,N
20232626,2026-08-29T15:47:48.000,MED,Y,B,M,63.0,DE,N,N,140.20,N
20068120,2022-10-30T00:49:00.000,MAX,Y,B,M,34.0,DE,N,Y,125.25,Y
76831,2024-11-08T16:52:29.000,MAX,Y,B,M,35.0,DE,N,N,150.15,Y
20001248,2026-03-12T12:44:00.000,MAX,Y,B,M,33.0,DE,N,Y,160.10,Y
20218779,2025-08-25T13:10:41.000,MAX,Y,B,M,22.0,DE,N,Y,265.03,Y
20251954,2026-07-23T19:01:59.000,MIN,Y,B,M,26.0,DE,N,N,140.25,N
20246730,2025-10-19T00:34:00.000,MED,Y,O,M,26.0,DE,N,N,130.65,Y
20249371,2026-05-30T19:22:38.000,MIN,Y,B,M,48.0,DE,N,N,215.51,N
20032985,2026-05-07T15:38:22.000,MIN,Y,B,M,35.0,CS,N,N,,Y
20248765,2026-02-11T16:25:56.000,MIN,N,W,M,31.0,DE,N,N,150.15,N
20241823,2025-05-06T18:05:11.000,MAX,Y,B,M,21.0,DE,N,Y,220.16,Y
746,2025-07-02T17:21:00.000,MED,Y,B,M,38.0,DE,N,N,135.20,Y
20206550,2025-01-15T14:52:45.000,MAX,Y,B,M,25.0,DE,N,Y,265.03,Y
147113,2026-06-30T11:52:00.000,MIN,N,B,M,41.0,DE,N,N,120.05,N
20021645,2026-03-25T00:16:00.000,MED,Y,B,M,53.0,DE,N,N,160.10,N
36477,2026-06-01T14:03:23.000,MIN,Y,B,F,51.0,DE,N,N,140.25,N
20249412,2026-04-21T12:28:16.000,MIN,N,B,M,45.0,DE,N,N,160.15,N
20249373,2026-03-15T12:56:25.000,MIN,N,O,M,21.0,CS,N,N,155.35,Y
3540,2026-05-09T12:10:25.000,MIN,N,B,M,61.0,DE,N,N,120.05,N
20233270,2026-06-24T14:50:11.000,MIN,N,B,M,28.0,DE,N,Y,105.17,N
20231613,2026-08-13T01:57:56.000,MED,Y,O,F,28.0,DE,N,N,140.20,N
20200207,2025-07-25T18:46:24.000,MAX,N,O,M,27.0,DE,N,Y,265.03,Y
20231009,2026-07-27T11:53:18.000,MED,Y,O,M,54.0,DE,N,N,125.25,Y
20125872,2026-02-08T17:02:41.000,MED,N,B,M,32.0,DE,N,N,220.16,Y
20149688,2026-05-18T00:39:00.000,MED,Y,B,M,29.0,CS,N,N,265.01B,N
85629,2024-05-26T16:28:02.000,MED,Y,B,F,62.0,DE,N,N,125.25,Y
20249512,2026-03-22T20:32:00.000,MIN,N,B,M,22.0,DE,N,Y,265.03,Y
20249555,2026-03-25T12:50:30.000,MED,Y,O,M,50.0,DE,N,N,130.35,N
20223698,2026-04-24T15:07:27.000,MAX,Y,B,M,23.0,DE,N,Y,120.05,Y
20250001,2026-04-16T12:54:07.000,MED,Y,B,M,18.0,DE,N,N,125.25,N
75760,2026-06-19T13:08:00.000,MED,Y,O,M,48.0,DE,N,N,130.96,N
20210372,2024-04-09T16:15:47.000,MAX,Y,B,M,32.0,DE,N,Y,125.25,Y
18641,2026-06-13T12:39:38.000,MIN,Y,B,M,67.0,DE,N,N,140.25,N
27139,2025-08-01T20:55:52.000,MIN,Y,B,M,69.0,DE,N,N,121.12,Y
44276,2026-05-12T10:54:38.000,MED,N,B,M,66.0,DE,N,N,125.25,N
20229477,2026-08-31T13:02:25.000,,N,B,F,33.0,DE,N,N,120.05,N
20246682,2026-03-17T13:21:16.000,MIN,N,O,M,37.0,CS,N,N,,N
20190495,2025-02-20T16:42:05.000,MIN,Y,W,F,47.0,DE,N,N,220.41,N
20216801,2025-12-23T11:00:51.000,MED,Y,B,M,38.0,DE,N,N,110-130.25,Y
20240181,2024-11-27T11:55:03.000,MED,Y,W,F,44.0,DE,N,N,125.27,Y
20113954,2026-07-07T13:01:12.000,MIN,Y,B,M,32.0,DE,N,Y,265.03,N
20224255,2023-04-24T18:40:57.000,MED,Y,B,F,38.0,DE,N,N,125.25,Y
20248844,2026-02-15T00:47:09.000,MED,N,O,M,21.0,DE,N,N,110-125.25,Y
20197482,2024-04-25T01:10:00.000,MAX,Y,B,M,24.0,DE,N,Y,220.16,Y
20240333,2026-07-16T10:30:13.000,MAX,Y,B,M,22.0,CS,N,N,160.10,N
20252565,2026-08-24T14:53:57.000,MIN,N,O,M,54.0,DNS,N,N,176.20,N
20247970,2025-12-24T12:27:35.000,MED,Y,B,M,38.0,DE,N,N,130.35,N
20249860,2026-07-17T01:28:20.000,MIN,Y,B,F,31.0,DE,N,N,140.25,N
20157466,2026-08-31T23:59:54.000,,N,O,M,27.0,DE,N,N,160.15,N
20077185,2025-12-02T11:09:00.000,MED,Y,B,M,33.0,DE,N,N,140.25,Y
39842,2026-04-17T12:11:51.000,MIN,Y,O,M,38.0,CS,N,N,155.25,Y
106988,2026-03-25T12:13:43.000,MIN,Y,B,M,38.0,CS,N,N,220.03,N
78558,2025-07-15T23:29:48.000,MIN,Y,B,M,77.0,DE,N,N,110-125.25,N
10010116,2026-07-05T19:31:00.000,MIN,Y,B,M,37.0,DE,N,N,160.10,N
1411,2026-06-25T13:20:27.000,MIN,Y,B,M,37.0,CS,N,N,140.15,N
20247043,2025-11-05T13:20:08.000,MAX,N,B,M,26.0,DE,N,Y,125.25,Y
163962,2024-09-20T16:35:22.000,MAX,N,B,M,34.0,DE,N,Y,155.40,Y
20243292,2026-08-19T20:01:00.000,MIN,N,B,M,58.0,CS,N,N,155.25,N
20240158,2026-01-20T12:44:30.000,MIN,N,O,M,29.0,CS,N,N,,N
20250616,2026-05-14T21:04:25.000,MED,Y,O,M,27.0,DE,N,N,120.05,N
20243426,2026-05-15T12:33:54.000,MIN,Y,O,M,41.0,DE,N,N,220.16,N
57756,2026-08-21T11:00:10.000,MED,Y,B,M,55.0,DE,N,N,220.06,N
20222444,2026-08-19T16:01:27.000,MIN,Y,W,M,25.0,DE,N,N,220.43,N
20206746,2024-12-06T18:13:25.000,MAX,Y,B,M,28.0,DE,N,Y,110-125.25,Y
20217796,2022-03-12T00:34:21.000,MAX,Y,B,M,32.0,DE,N,N,125.25,Y
28444,2026-08-06T16:33:09.000,MIN,N,O,M,51.0,DEP,N,N,140.25,N
20145511,2026-06-16T22:36:00.000,MED,N,B,M,28.0,DE,N,N,120.10,Y
10012703,2022-08-18T12:01:45.000,MAX,N,B,M,44.0,DE,N,Y,125.25,Y
20245204,2025-08-07T19:44:00.000,MAX,Y,O,M,22.0,DE,N,N,110-125.25,Y
20233059,2026-07-29T20:08:06.000,MED,Y,B,M,30.0,DE,N,N,120.05,N
20252686,2026-08-31T23:12:44.000,,N,O,M,35.0,DE,N,N,FOA 900.00,N
20251961,2026-07-24T12:04:04.000,MIN,Y,O,M,33.0,DE,N,N,160.10,N
20243609,2025-05-21T16:27:39.000,MED,Y,O,M,29.0,DE,N,N,130.65,Y
20247390,2026-01-22T00:28:46.000,MIN,N,B,M,20.0,DE,N,N,160.15,N
20202147,2026-03-05T20:00:48.000,MIN,N,O,M,41.0,DE,N,N,155.35,N
20247356,2026-08-14T11:41:12.000,MAX,Y,B,M,19.0,CS,N,Y,110-160.10,N
20251875,2026-07-19T00:40:24.000,MIN,N,B,M,60.0,DE,N,N,120.05,N
20091895,2026-07-24T11:39:55.000,MED,Y,B,M,42.0,CS,N,N,,N
20248800,2026-02-13T13:23:52.000,MIN,Y,B,M,41.0,DE,N,N,110-125.25,Y
159530,2024-08-16T21:41:39.000,MAX,Y,B,M,48.0,DE,N,N,265.03,Y
20152627,2026-03-11T00:29:02.000,MED,N,B,M,37.0,CS,N,N,160.10,Y
20017113,2025-05-26T20:14:24.000,MED,Y,O,M,37.0,DE,N,N,140.20,Y
20031764,2025-12-09T21:26:05.000,MAX,Y,B,F,49.0,DE,N,N,110-120.10,N
36279,2026-09-01T01:28:19.000,,N,B,M,56.0,DE,N,N,140.20,N
37308,2025-09-12T00:47:11.000,MAX,Y,B,M,43.0,DE,N,N,125.27,Y
20247768,2025-12-12T01:05:49.000,MED,N,O,M,19.0,DE,N,Y,110-125.25,Y
20241343,2025-09-08T13:38:53.000,MAX,Y,B,M,22.0,DE,N,Y,105.15,Y
133224,2023-09-06T16:13:00.000,MED,Y,B,M,42.0,DE,N,N,125.25,Y
20240296,2025-10-20T23:36:58.000,MAX,N,O,M,22.0,DE,N,Y,120.06,Y
20251100,2026-06-08T19:22:00.000,MIN,N,A,M,41.0,DE,N,N,155.30,N
56002,2026-06-09T17:17:49.000,MED,Y,B,M,38.0,DEP,N,N,120.05,Y
20042877,2025-10-29T12:26:35.000,MIN,Y,B,M,39.0,DE,N,N,110-120.10,N
20245677,2026-01-21T16:25:13.000,MIN,N,B,M,19.0,CS,N,Y,,Y
20086548,2026-05-10T01:37:36.000,MIN,N,B,M,49.0,DE,N,N,155.30,N
20225407,2025-10-09T12:32:13.000,MIN,Y,B,M,50.0,DE,N,N,140.25,N
20141291,2025-11-06T12:40:32.000,MED,Y,B,M,28.0,DE,N,N,110-125.25,Y
20251679,2025-07-14T19:23:09.000,MED,Y,B,M,21.0,DE,N,Y,105.17,Y
20129060,2022-07-27T16:09:40.000,MED,Y,B,M,29.0,DE,N,Y,125.25,Y
20091732,2026-03-16T15:59:39.000,MAX,Y,O,M,41.0,DE,N,N,120.05,Y
20050505,2026-08-18T14:15:02.000,MED,N,U,M,48.0,DEP,N,N,VOP,N
21965,2026-07-20T16:29:06.000,MED,Y,B,F,50.0,DEP,N,N,VOP,N
20114512,2025-06-22T23:58:24.000,MIN,Y,B,M,56.0,DE,N,N,140.25,N
20238867,2026-01-21T10:38:44.000,MIN,Y,B,M,37.0,DE,N,N,110-125.25,N
10001441,2026-06-30T00:42:00.000,MIN,Y,B,M,60.0,DE,N,N,120.00,N
20078473,2026-05-05T17:15:42.000,MED,Y,O,M,47.0,DE,N,N,125.27,Y
32666,2026-07-13T17:54:08.000,MED,Y,B,M,37.0,CS,N,Y,,N
20238813,2026-04-17T16:22:19.000,MED,Y,O,F,40.0,DE,N,N,220.16,N
20240962,2025-01-09T17:24:01.000,MED,N,B,M,37.0,DE,N,N,125.25,N
20170186,2026-02-13T15:37:45.000,MIN,Y,B,M,37.0,DE,N,N,140.20,N
20251329,2026-06-20T15:14:05.000,MED,N,O,M,33.0,CS,N,N,FOA 900.00,N
20180190,2026-08-14T16:55:33.000,MED,Y,W,M,32.0,DE,N,N,160.15,N
20245483,2026-01-22T15:27:09.000,MED,N,B,M,22.0,CS,N,N,,Y
20172933,2026-01-31T01:43:09.000,MIN,Y,W,M,35.0,DE,N,N,215.51,N
66850,2026-01-31T22:46:00.000,MED,N,B,M,39.0,DE,N,Y,265.03,N
20003525,2019-12-19T15:35:00.000,MED,N,B,M,37.0,SSR,N,Y,,Y
133905,2026-08-15T12:31:31.000,MED,Y,O,M,39.0,DE,N,N,150.10,N
20051623,2026-04-19T11:56:46.000,MED,Y,B,M,46.0,DE,N,N,160.05,Y
20242473,2026-03-26T17:15:43.000,MIN,N,O,M,24.0,CS,N,N,110-265.03,N
45822,2025-06-17T20:32:00.000,MED,N,B,M,36.0,CS,N,Y,155.25,Y
20251843,2026-07-17T01:00:00.000,MIN,N,O,M,29.0,DE,N,N,265.04,N
20182507,2025-10-16T13:52:56.000,MAX,Y,O,M,30.0,DE,N,N,125.25,N
20039847,2026-04-08T11:30:39.000,MAX,N,B,M,42.0,DE,N,N,160.15,N
20084243,2026-03-11T23:21:49.000,MED,N,O,M,33.0,DE,N,N,140.20,Y
20222457,2025-05-28T01:10:42.000,MED,Y,O,M,25.0,DE,N,N,125.25,Y
14150,2025-09-19T16:33:43.000,MIN,Y,O,M,47.0,DE,N,N,120.05,Y
20252393,2026-08-15T17:42:39.000,MIN,N,O,M,46.0,DE,N,N,110-125.25,N
20216095,2026-08-02T11:35:11.000,MAX,Y,B,M,23.0,DE,N,Y,120.10,N
20208653,2025-09-08T12:47:03.000,MED,Y,O,M,26.0,SSR,N,N,160.15,Y
20129152,2025-06-18T21:52:55.000,MED,N,B,M,31.0,DE,N,N,125.25,Y
20229259,2026-02-09T14:01:33.000,MAX,Y,B,M,40.0,DE,N,N,160.15,N
20173755,2026-08-31T00:16:03.000,MED,N,W,M,42.0,DE,N,N,110-125.25,N
20202020,2026-08-25T23:27:00.000,MIN,Y,B,M,45.0,DE,N,N,120.05,N
20245034,2026-04-22T00:19:01.000,MIN,N,B,M,29.0,DE,N,N,265.03,N
20077342,2025-10-10T15:30:11.000,MED,Y,B,M,35.0,DE,N,N,121.12,Y
20216885,2021-12-28T12:41:00.000,MAX,N,B,M,33.0,DE,N,Y,125.25,Y
20226370,2026-03-17T01:04:00.000,MIN,Y,W,F,39.0,DE,N,N,140.20,N
20247895,2025-12-19T13:10:48.000,MIN,Y,B,M,34.0,DE,N,N,120.05,N
44330,2026-07-14T19:23:47.000,MED,Y,B,M,46.0,DE,N,Y,CO,N
20250379,2026-05-05T16:37:32.000,MIN,Y,O,M,21.0,DE,N,N,121.12,Y
20249845,2026-04-09T16:54:00.000,MIN,N,O,M,30.0,DE,N,N,160.15,N
20045641,2026-07-15T18:40:30.000,MAX,Y,O,M,28.0,DE,N,Y,155.30,N
20185834,2025-06-27T23:57:09.000,MED,Y,B,M,32.0,DE,N,N,125.25,N
20180820,2021-04-14T00:45:31.000,MAX,Y,W,M,28.0,DE,N,Y,125.25,Y
39464,2026-04-03T19:42:00.000,MIN,N,O,M,50.0,DEP,N,N,140.25,N
20105667,2026-06-20T20:01:04.000,MIN,N,W,M,54.0,CS,N,N,215.51,N
20249101,2026-03-02T17:22:03.000,MAX,N,O,M,19.0,DE,N,N,160.15,Y
37210,2026-08-12T13:14:59.000,MIN,N,O,M,57.0,DE,N,N,265.02,N
20252620,2026-08-27T18:55:17.000,MED,N,B,M,56.0,CS,N,N,,N
20251807,2026-07-15T23:40:39.000,MIN,Y,O,F,48.0,DE,N,N,120.05,N
20150422,2026-01-23T11:34:37.000,MIN,Y,B,M,56.0,CS,N,N,155.25,N
20116245,2026-07-30T00:03:00.000,MAX,Y,B,M,34.0,DE,N,N,120.05,N
20197814,2026-07-29T17:53:50.000,,Y,W,M,53.0,DE,N,N,145.10,N
20247888,2025-12-19T11:36:09.000,MAX,Y,B,M,21.0,DE,N,Y,110-125.25,Y
20078455,2024-12-19T19:26:26.000,MED,N,B,M,36.0,DE,N,N,110-125.25,Y
67591,2026-06-25T18:05:32.000,MAX,Y,O,M,45.0,DEP,N,N,110-120.05,N
20248799,2026-02-13T13:13:02.000,MAX,Y,B,M,22.0,DE,N,Y,110-125.25,Y
10003253,2026-08-28T15:09:49.000,MIN,Y,B,M,40.0,DE,N,N,140.20,N
157908,2026-05-15T18:38:39.000,MED,Y,W,M,43.0,DEP,N,N,VOP,N
107154,2026-07-12T14:39:48.000,MED,Y,B,M,47.0,DE,N,N,110-130.35,N
20093444,2025-08-21T17:36:02.000,MED,N,B,M,34.0,DE,N,Y,110-125.25,Y
20211165,2026-07-16T17:10:07.000,MED,Y,B,M,41.0,DE,N,N,160.05,N
20245901,2025-09-09T15:43:08.000,MED,N,B,M,27.0,DE,N,Y,125.25,Y
20028275,2025-12-08T20:46:11.000,MAX,Y,B,M,33.0,DE,N,Y,220.16,Y
20172457,2026-08-04T11:16:43.000,MIN,Y,O,M,42.0,DE,N,N,215.50,N
20211102,2025-11-20T12:06:20.000,MAX,Y,B,M,28.0,DE,N,N,265.03,Y
20241674,2026-06-28T00:40:05.000,MED,N,O,M,34.0,DE,N,N,120.05,N
20182530,2026-07-03T10:18:29.000,MED,N,B,M,54.0,DE,N,N,220.39,N
20248596,2026-02-04T12:13:29.000,MIN,Y,O,F,31.0,DE,N,N,110-125.25,Y
19756,2026-03-02T20:49:17.000,MED,Y,O,M,38.0,DE,N,N,155.30,Y
20026534,2025-08-28T16:12:32.000,MED,N,B,M,36.0,DE,N,N,110-125.25,Y
129645,2025-05-08T00:48:09.000,MED,Y,B,M,53.0,DE,N,N,130.35,Y
56655,2026-08-05T00:10:01.000,MED,N,W,M,47.0,DE,N,N,125.25,N
20054322,2026-08-07T23:41:00.000,MED,Y,B,M,35.0,DE,N,Y,160.15,N
20113927,2026-08-20T17:52:29.000,MIN,Y,O,M,46.0,DE,N,N,140.20,N
151827,2023-08-19T15:57:29.000,MED,Y,O,M,36.0,DE,N,Y,135.25,Y
154219,2026-06-10T17:56:53.000,MIN,N,O,M,62.0,DE,N,N,220.43,N
20243967,2025-07-17T11:58:00.000,MAX,Y,B,M,33.0,DE,N,N,160.15,Y
10001585,2026-03-18T00:13:54.000,MIN,N,W,M,46.0,CS,N,N,,Y
20154578,2026-05-15T15:54:08.000,MED,Y,W,M,51.0,DEP,N,N,VOP,N
20249588,2026-03-26T16:07:15.000,MAX,Y,B,M,29.0,DE,N,N,120.10,Y
20166048,2025-10-22T11:10:52.000,MIN,Y,B,M,35.0,DE,N,N,140.25,Y
20242889,2026-05-12T00:06:42.000,MIN,N,A,M,34.0,DE,N,N,155.35,N
10011792,2025-12-10T12:52:20.000,MIN,N,O,M,39.0,DE,N,N,215.50,N
20252518,2026-08-21T12:49:56.000,MIN,Y,O,F,32.0,DE,N,N,155.25,N
161124,2026-05-20T14:22:00.000,MED,Y,B,M,45.0,DE,N,Y,140.25,Y
20180308,2025-05-21T20:29:57.000,MAX,Y,O,M,25.0,DE,N,Y,160.15,Y
59028,2026-05-06T16:18:54.000,MIN,N,B,M,43.0,CS,N,N,,N
20244793,2025-07-18T13:16:02.000,MIN,N,O,M,26.0,DE,N,N,110-125.25,N
20252556,2026-08-23T20:46:03.000,MED,Y,B,F,31.0,DE,N,N,135.25,N
20009896,2026-02-11T16:59:14.000,MAX,Y,B,M,34.0,DE,N,Y,160.10,Y
20250451,2026-05-08T13:18:59.000,MIN,N,B,M,34.0,DE,N,N,110-125.25,N
20071523,2026-01-02T19:04:55.000,MAX,N,B,M,31.0,DE,N,Y,110-125.25,Y
20163171,2026-08-06T01:11:00.000,MED,Y,B,M,42.0,DE,N,Y,215.51,N
20248973,2026-02-24T00:57:43.000,MIN,Y,B,M,45.0,DE,N,N,120.05,Y
10662,2022-04-24T12:43:19.000,MED,Y,B,M,40.0,DE,N,N,125.20,Y
20140934,2026-03-22T06:07:02.000,MAX,Y,O,M,30.0,DEP,N,N,160.15,Y
20229673,2025-10-03T00:47:16.000,MIN,N,O,M,26.0,DE,N,N,140.25,Y
20229102,2025-03-21T16:43:02.000,MAX,Y,B,M,21.0,DE,N,Y,125.25,Y
20205612,2026-06-13T11:38:16.000,MAX,Y,B,M,25.0,DE,N,Y,120.10,Y
17917,2026-07-15T11:48:19.000,MIN,Y,O,M,67.0,DE,N,N,155.30,N
78722,2025-12-04T00:52:31.000,MED,Y,O,M,48.0,DE,N,N,155.35,Y
20227437,2023-10-12T16:23:20.000,MAX,N,B,M,23.0,DE,N,Y,125.25,Y
20248674,2026-02-06T00:40:00.000,MAX,Y,B,F,31.0,DE,N,N,110-125.25,Y
20247943,2025-12-22T20:09:29.000,MAX,N,B,M,19.0,DE,N,Y,110-125.25,Y
20040420,2026-07-17T00:32:55.000,MIN,N,O,M,57.0,DE,N,N,220.43,N
20193464,2026-08-18T16:31:20.000,MAX,Y,W,M,28.0,DE,N,N,120.10,N
20059088,2026-03-31T12:20:05.000,MED,N,W,M,37.0,DE,N,N,140.25,Y
20252611,2026-08-27T13:42:33.000,MIN,N,O,M,29.0,DE,N,N,140.25,N
20199146,2026-05-21T12:34:26.000,MIN,N,O,M,32.0,CS,N,N,265.01,N
116497,2026-03-05T16:53:10.000,MED,Y,B,M,37.0,DE,N,N,140.20,Y
77051,2026-03-26T01:31:00.000,MED,Y,B,M,62.0,DE,N,N,155.30,Y
20248575,2026-08-09T16:41:55.000,MED,Y,O,M,29.0,CS,N,N,,N
86873,2026-03-10T23:29:00.000,MIN,Y,B,M,45.0,DE,N,N,140.20,Y
20171117,2026-07-07T15:58:07.000,MAX,Y,B,M,26.0,DE,N,Y,120.05,Y
20040710,2026-07-05T17:05:13.000,MAX,Y,A,M,40.0,DE,N,N,140.30,Y
20246123,2025-09-19T13:17:37.000,MED,N,,,20.0,DE,N,Y,110-125.25,Y
43736,2026-05-07T18:59:00.000,MED,N,B,M,60.0,DE,N,N,130.65,N
20251735,2026-07-12T01:35:27.000,MED,Y,B,M,29.0,DE,N,N,160.15,N
20100639,2025-11-08T17:09:53.000,MED,Y,O,M,31.0,DE,N,N,155.30,N
20252038,2026-08-31T17:17:12.000,MED,N,B,M,33.0,DE,N,N,160.15,N
17834,2024-03-05T00:34:06.000,MED,Y,B,M,40.0,DE,N,N,265.03,Y
14245,2026-07-15T20:04:00.000,MIN,N,O,M,53.0,DE,N,N,110-120.10,N
9410,2026-07-11T20:46:18.000,MIN,Y,B,F,58.0,DE,N,N,160.15,N
20160583,2026-08-26T20:54:04.000,MED,Y,B,M,35.0,DEP,N,N,120.00,N
20249299,2026-08-05T16:47:07.000,MIN,N,B,M,19.0,CS,N,N,,N
20038763,2026-08-06T11:11:47.000,MAX,Y,B,M,34.0,DE,N,N,140.25,N
20251949,2026-07-23T12:03:33.000,MIN,Y,B,M,28.0,DE,N,N,125.15,N
20228156,2026-07-03T16:47:13.000,MIN,Y,B,M,58.0,CS,N,N,,N
20165495,2026-08-27T01:11:09.000,MIN,Y,O,M,31.0,DE,N,N,220.03,N
20247568,2025-12-02T17:18:29.000,MAX,N,B,M,19.0,DE,N,Y,110-125.25,Y
91196,2026-07-05T01:17:00.000,MED,N,B,M,36.0,DE,N,Y,110-125.25,Y
20126307,2026-01-14T00:18:17.000,MIN,Y,B,M,28.0,CS,N,Y,160.10,Y
20232091,2024-06-19T16:03:02.000,MAX,Y,O,M,27.0,DE,N,N,130.95,Y
20017196,2024-10-30T11:36:22.000,MED,Y,A,M,45.0,DE,N,N,120.10,Y
20252673,2026-08-31T11:58:30.000,MED,N,B,M,23.0,DE,N,N,265.03,N
20167566,2026-06-28T20:27:09.000,MIN,Y,W,M,34.0,DE,N,N,140.25,N
20245183,2025-08-06T21:35:58.000,MED,Y,B,M,41.0,DE,N,N,130.96,N
20220304,2026-07-14T16:42:26.000,MED,Y,B,M,31.0,DE,N,N,120.05,N
20221569,2026-02-09T19:51:12.000,MIN,Y,B,M,48.0,CS,N,N,155.30,N
20244863,2025-07-31T09:06:30.000,MAX,Y,B,F,24.0,DE,N,Y,125.25,Y
20228936,2024-01-07T23:45:38.000,MED,N,O,M,29.0,DE,N,N,125.25,Y
20240275,2026-06-22T13:24:06.000,MED,Y,O,M,22.0,CS,N,Y,,N
20148713,2026-04-15T20:57:37.000,MIN,Y,B,M,47.0,CS,N,N,,N
20207623,2026-05-04T15:18:14.000,MIN,Y,W,F,37.0,DE,N,N,155.35,N
20247703,2026-08-13T10:52:38.000,MIN,N,B,M,21.0,DE,N,N,230.30,N
20212389,2025-09-05T01:03:41.000,MAX,Y,B,M,26.0,DE,N,Y,160.10,Y
20025003,2026-08-19T17:06:02.000,MED,Y,B,M,57.0,DEP,N,N,168-T,N
20026318,2026-08-12T00:52:03.000,MIN,N,W,M,45.0,DE,N,N,140.20,N
20111012,2026-04-17T00:58:00.000,MAX,Y,O,M,41.0,DEP,N,N,120.05,Y
20000189,2026-08-27T10:20:50.000,MED,N,O,M,39.0,DE,N,N,,N
20238370,2026-03-03T16:03:24.000,MIN,N,O,M,44.0,CS,N,N,,N
80405,2026-07-08T21:26:55.000,MIN,N,B,M,62.0,CS,N,N,155.25,N
20125429,2026-08-26T16:37:24.000,MIN,N,O,M,39.0,DE,N,N,120.05,N
20211243,2026-01-21T17:02:19.000,MAX,N,B,M,24.0,DE,N,Y,110-125.25,Y
20248966,2026-02-22T17:52:34.000,MIN,Y,B,M,40.0,DE,N,N,120.05,N
20241464,2025-03-06T17:12:32.000,MED,Y,B,M,23.0,DE,N,Y,105.15,Y
67739,2025-06-28T16:14:19.000,MED,Y,O,M,48.0,DE,N,N,140.20,Y
20116376,2026-08-31T15:42:48.000,MIN,N,O,M,58.0,DE,N,N,215.50,N
20251997,2026-08-30T20:14:27.000,MED,Y,B,M,37.0,DE,N,N,130.53,N
155635,2026-05-19T12:33:25.000,MIN,Y,O,M,67.0,DE,N,N,150.20,N
20248513,2026-01-26T20:12:46.000,MIN,N,O,M,30.0,DE,N,N,160.10,N
20141085,2026-02-25T20:24:29.000,MAX,Y,O,M,29.0,DE,N,N,220.21,Y
20240468,2026-02-05T12:09:09.000,MIN,Y,B,M,30.0,DE,N,N,110-125.25,N
20229327,2026-07-12T17:30:00.000,MED,Y,W,M,38.0,DE,N,N,155.25,N
15340,2024-12-10T01:32:10.000,MED,Y,B,M,37.0,DE,N,Y,265.03,Y
20248117,2026-01-05T15:27:54.000,MIN,Y,O,M,27.0,DE,N,N,110-120.10,N
98369,2024-02-05T22:42:00.000,MAX,Y,O,M,42.0,DE,N,Y,110-125.25,Y
20082284,2026-07-02T13:22:12.000,MIN,Y,B,M,35.0,DE,N,N,160.10,N
20227576,2026-07-16T12:47:39.000,MAX,N,B,M,23.0,DE,N,Y,110-125.26,Y
20052717,2026-07-28T12:42:30.000,MED,N,W,M,44.0,DE,N,N,220.03,N
20248505,2026-01-25T18:52:00.000,MIN,N,B,M,24.0,DE,N,N,265.03,N
20204616,2026-01-02T01:38:30.000,MAX,N,B,M,25.0,DEP,N,Y,155.35,Y
20045077,2026-04-09T15:46:43.000,MED,Y,O,M,33.0,DE,N,Y,220.21,Y
20252619,2026-08-27T18:40:00.000,MIN,Y,O,M,28.0,DE,N,N,155.25,N
20248518,2026-01-27T00:58:00.000,MED,Y,O,M,32.0,DE,N,N,130.75,N
20229032,2026-07-08T16:51:56.000,MAX,N,B,M,41.0,DE,N,N,215.52,N
134925,2025-07-12T21:40:12.000,MAX,Y,O,M,41.0,DEP,N,N,140.20,Y
37784,2025-09-04T19:04:52.000,MED,Y,B,M,57.0,DE,N,N,125.25,Y
20227991,2025-02-22T16:36:00.000,MAX,Y,B,M,21.0,DE,N,Y,125.25,Y
20245171,2025-08-06T15:05:01.000,MAX,Y,B,M,27.0,DE,N,Y,220.43,Y
20232296,2024-06-27T17:21:10.000,MAX,N,B,M,24.0,DE,N,Y,125.27,Y
22268,2026-04-29T21:04:37.000,MIN,N,H,M,53.0,DE,N,N,140.20,N
20047121,2026-07-09T22:41:20.000,MIN,Y,O,M,46.0,CS,N,N,,N
20220435,2026-06-02T00:39:20.000,MAX,Y,B,M,26.0,DE,N,N,120.05,N
20104739,2025-12-13T20:46:25.000,MIN,Y,O,M,44.0,DE,N,N,140.20,Y
20211007,2025-03-26T11:03:29.000,MED,N,,,30.0,DE,N,Y,125.25,Y
20248925,2026-02-20T12:01:04.000,MIN,N,O,M,33.0,DE,N,N,120.10,N
20245504,2025-08-22T01:20:27.000,MIN,N,O,F,47.0,DE,N,N,220.21,N
20248657,2026-02-04T23:43:22.000,MED,Y,B,M,27.0,DE,N,N,155.30,Y
20252122,2026-08-03T12:47:33.000,MED,Y,B,M,18.0,DE,N,Y,110-125.25,N
20219681,2022-07-15T20:41:00.000,MAX,Y,B,M,27.0,DE,N,Y,125.25,Y
10000324,2023-07-26T23:35:11.000,MAX,N,B,M,35.0,DE,N,N,125.25,Y
20225335,2023-06-19T01:09:18.000,MED,Y,B,M,21.0,DE,N,Y,125.25,Y
20052971,2026-01-13T12:47:53.000,MAX,N,B,M,34.0,CS,N,N,110-125.25,Y
20158822,2026-02-06T19:08:42.000,MIN,Y,W,F,34.0,DE,N,N,155.30,Y
20249787,2026-04-07T17:02:17.000,MIN,Y,W,F,40.0,DE,N,N,230.34,N
20081147,2023-06-22T15:12:32.000,MAX,Y,B,M,33.0,DE,N,Y,125.25,Y
20252668,2026-08-31T00:26:25.000,MIN,N,O,M,31.0,DE,N,N,215.52,N
20252260,2026-08-09T12:08:38.000,MED,Y,B,M,34.0,DE,N,N,130.35,N
20051503,2025-07-17T18:52:29.000,MAX,Y,B,M,44.0,SSR,N,N,,Y
20247223,2026-08-12T17:04:00.000,MED,Y,B,M,32.0,DE,N,N,140.25,N
20238822,2026-07-31T20:04:49.000,MED,N,B,M,35.0,DE,N,N,215.51,N
20251306,2026-06-19T16:10:04.000,MIN,N,O,M,27.0,DE,N,N,170.25,N
20146157,2026-08-27T17:35:36.000,MED,N,B,M,35.0,CS,N,N,,N
20228796,2025-10-07T11:46:40.000,MAX,Y,B,M,27.0,DE,N,N,110-125.25,Y
20231815,2026-08-12T21:10:58.000,MIN,N,O,M,32.0,DE,N,N,155.25,N
20057505,2026-02-02T12:23:12.000,MED,Y,B,M,32.0,CS,N,Y,,Y
20245576,2026-08-27T13:13:46.000,MED,N,B,M,31.0,CS,N,N,,N
20247859,2025-12-17T17:21:43.000,MAX,Y,B,M,28.0,DE,N,N,160.10,Y
20214000,2021-05-09T22:05:50.000,MED,Y,A,M,39.0,DE,N,N,125.25,Y
20243043,2025-06-12T11:10:48.000,MED,Y,O,M,66.0,DE,N,N,130.65,N
10010804,2021-06-09T17:45:56.000,MAX,Y,B,M,34.0,DE,N,Y,125.25,Y
20251194,2026-06-12T19:48:48.000,MIN,Y,B,M,42.0,DE,N,N,120.05,N
20190407,2026-08-18T15:19:53.000,MAX,Y,O,M,24.0,DE,N,N,110-160.05,Y
60602,2026-07-20T14:27:42.000,MIN,Y,B,M,58.0,DE,N,N,120.05,N
20249614,2026-03-27T23:54:10.000,MAX,Y,B,M,32.0,DE,N,N,120.00,Y
20065422,2026-04-27T21:28:28.000,MIN,Y,B,M,31.0,DE,N,N,110-125.25,Y
10009357,2026-07-15T01:04:53.000,MED,Y,O,M,37.0,DE,N,N,140.20,Y
20165128,2023-03-29T23:10:58.000,MED,Y,O,M,30.0,DE,N,N,125.25,Y
20239332,2026-05-31T11:47:00.000,MED,Y,W,M,28.0,DE,N,N,160.10,Y
20227995,2026-07-01T15:43:29.000,MAX,Y,B,M,21.0,DE,N,Y,110-125.25,N
47635,2024-07-11T13:10:36.000,MED,Y,B,M,57.0,DE,N,N,125.25,N
20078947,2026-06-05T10:55:24.000,MAX,Y,B,M,34.0,DE,N,Y,155.35,N
10014756,2026-07-29T20:19:20.000,MIN,N,O,M,62.0,DE,N,N,220.16,N
20209429,2020-02-22T16:56:00.000,MAX,Y,B,F,26.0,DE,N,Y,125.25,Y
34364,2026-08-25T19:22:46.000,MED,Y,O,M,53.0,DPV,N,N,,N
20229796,2026-04-04T17:18:34.000,MIN,Y,B,M,31.0,DE,N,N,160.10,N
45086,2026-06-30T15:10:40.000,MED,Y,B,M,48.0,DE,N,N,140.25,N
20109259,2025-12-07T16:33:00.000,MED,Y,B,M,59.0,DEP,N,N,155.30,Y
77733,2026-07-05T00:41:28.000,MAX,Y,B,F,44.0,DE,N,N,120.05,Y
1281,2026-02-28T12:37:00.000,MIN,Y,B,M,44.0,DE,N,N,265.03,N
20061744,2024-06-22T13:02:00.000,MIN,Y,O,M,36.0,DNS,N,N,,Y
20067576,2026-07-27T00:57:36.000,MED,N,B,M,45.0,DE,N,N,125.25,N
20187712,2025-03-07T10:39:17.000,MED,N,O,M,50.0,DE,N,N,265.03,N
20239031,2025-08-28T13:27:48.000,MED,Y,B,M,22.0,DE,N,Y,105.15,Y
5055,2025-05-31T11:31:19.000,MIN,Y,B,M,62.0,DE,N,N,160.15,N
20224643,2026-08-21T16:48:00.000,MED,N,O,M,25.0,DE,N,N,195.05,N
20844,2026-06-08T12:50:00.000,MIN,N,B,M,63.0,DE,N,N,140.20,N
20169678,2026-02-09T01:01:11.000,MED,Y,B,M,28.0,DE,N,N,160.15,N
20248038,2025-12-30T16:12:19.000,MIN,Y,W,M,28.0,DE,N,N,120.05,Y
20098992,2022-09-28T18:28:34.000,MAX,N,B,M,31.0,DE,N,Y,125.25,Y
20181820,2026-08-31T23:50:49.000,,N,O,M,41.0,DE,N,N,120.05,N
20247367,2026-02-08T17:03:01.000,MAX,N,O,M,20.0,DE,N,Y,160.15,Y
20059669,2026-07-09T01:07:56.000,MED,N,O,M,48.0,DE,N,N,140.20,N
20250600,2026-05-14T15:12:05.000,,Y,B,M,27.0,DE,N,N,120.05,N
77124,2026-02-20T14:38:00.000,MED,Y,B,M,56.0,DE,N,N,110-125.25,N
26068,2026-01-08T14:57:00.000,MIN,Y,B,M,38.0,DE,N,N,,Y
20231519,2025-11-19T16:45:59.000,MED,N,B,M,21.0,DE,N,Y,105.15,Y
20035389,2026-06-21T22:21:16.000,MAX,Y,B,M,32.0,DE,N,Y,FOA 900.00,Y
20093517,2025-11-21T20:25:35.000,MED,Y,O,M,51.0,DE,N,N,120.05,Y
20248160,2026-01-07T21:47:46.000,MED,Y,B,F,29.0,DE,N,N,125.25,N
14093,2026-07-10T12:08:38.000,MED,N,B,M,38.0,DE,N,N,265.03,N
20215437,2026-06-25T00:37:30.000,MED,N,O,M,27.0,DE,N,Y,265.03,N
20245187,2025-08-07T00:39:52.000,MED,Y,B,M,19.0,DE,N,N,125.25,N
71769,2026-06-03T16:22:25.000,MAX,Y,B,M,39.0,DE,N,Y,110-120.10,Y
20222614,2026-01-09T11:42:36.000,MED,Y,O,M,30.0,DE,N,N,110-125.25,Y
20227588,2026-02-26T17:08:23.000,MED,N,B,M,22.0,DE,N,N,220.16,N
20214268,2026-08-07T17:07:38.000,MIN,Y,B,M,47.0,DE,N,N,120.00,N
20250886,2026-06-26T12:32:33.000,MAX,Y,B,M,19.0,DE,N,Y,110-125.25,Y
67503,2026-04-09T20:20:23.000,MIN,N,H,M,51.0,DE,N,N,220.21,N
20243840,2026-07-12T17:28:27.000,MIN,Y,O,M,28.0,CS,N,N,155.25,N
20228906,2026-03-28T16:02:11.000,MED,N,O,M,24.0,CS,N,N,160.10,Y
20081759,2026-03-24T13:13:09.000,MED,Y,O,M,32.0,CS,N,Y,165.40,Y
20182051,2026-03-23T11:36:40.000,MED,Y,O,M,49.0,DE,N,N,125.25,N
20243234,2025-09-12T09:52:57.000,MED,N,B,M,20.0,DE,N,Y,105.15,Y
20250607,2026-05-14T17:00:00.000,MIN,N,B,M,19.0,DE,N,Y,265.03,N
20230865,2026-04-04T01:48:10.000,MAX,Y,B,M,27.0,DE,N,N,130.52,Y
3272,2020-06-15T18:27:47.000,MAX,Y,B,M,49.0,DE,N,Y,125.25,Y
20249738,2026-05-06T01:05:31.000,MAX,Y,B,M,19.0,DE,N,Y,160.15,Y
20052773,2026-07-30T17:03:18.000,MED,Y,B,M,37.0,DE,N,N,140.25,N
25283,2026-08-20T01:31:35.000,MED,N,B,M,43.0,DEP,N,Y,VOP,N
20091266,2025-07-27T00:49:44.000,MED,Y,B,M,41.0,DE,N,N,110-125.27,Y
10002382,2026-05-16T09:46:17.000,MIN,Y,O,F,52.0,DE,N,N,120.10,Y
20127119,2026-08-05T23:37:00.000,MIN,N,B,M,47.0,CS,N,N,165.40,N
20217260,2026-08-18T22:43:00.000,MAX,Y,B,M,31.0,DE,N,N,110-160.10,N
20120774,2026-02-26T21:03:23.000,MAX,Y,B,M,28.0,DE,N,N,160.10,Y
46068,2025-02-02T20:04:14.000,MED,N,B,M,42.0,DE,N,N,220.43,Y
20204045,2026-03-30T22:41:00.000,MAX,Y,B,M,32.0,DE,N,N,215.52,Y
20241816,2025-02-25T17:16:17.000,MAX,Y,B,M,20.0,DE,N,Y,125.25,Y
20251457,2026-06-27T10:42:53.000,MIN,Y,O,M,38.0,DE,N,N,140.25,N
20239086,2026-04-27T12:18:53.000,MED,Y,B,M,29.0,DE,N,Y,265.03,N
20224377,2024-09-19T19:08:53.000,MED,Y,B,M,60.0,DE,N,N,265.03,Y
20244917,2025-07-24T00:53:37.000,MIN,Y,W,F,51.0,DE,N,N,110-135.20,N
20247207,2026-04-20T12:13:46.000,MAX,N,B,M,37.0,DE,N,N,120.01,Y
163689,2026-08-22T00:02:00.000,MAX,N,O,M,37.0,DE,N,N,160.10,N
20058358,2026-07-26T21:21:00.000,MED,N,W,M,34.0,DE,N,N,155.30,N
20233058,2026-04-17T11:22:26.000,MED,N,B,M,24.0,DE,N,Y,265.03,Y
20249191,2026-03-12T17:44:47.000,MED,Y,O,M,22.0,CS,N,N,160.15,Y
20094956,2026-03-30T19:40:48.000,MED,Y,B,M,31.0,DE,N,N,120.05,Y
67413,2024-04-13T12:12:59.000,MED,Y,O,M,56.0,DE,N,N,125.25,Y
20245190,2026-06-15T01:04:47.000,MED,N,A,F,34.0,DE,N,N,140.25,N
20249501,2026-03-22T01:15:53.000,MIN,N,O,M,34.0,DE,N,N,140.25,Y
20250129,2026-04-22T12:26:00.000,MAX,Y,B,M,26.0,DE,N,N,110-125.25,Y
20252552,2026-08-23T16:14:00.000,MIN,N,W,F,42.0,DE,N,N,FOA 900.00,N
20140310,2026-07-11T15:54:05.000,MAX,N,O,M,29.0,DE,N,N,160.15,N
20244416,2025-09-18T15:57:17.000,MED,N,W,M,23.0,DE,N,N,220.39,Y
105794,2026-06-12T23:33:41.000,MED,Y,B,M,49.0,DE,N,N,140.20,N
96714,2026-06-26T16:37:01.000,MAX,Y,B,M,45.0,DE,N,N,160.15,N
20228994,2026-08-26T15:42:36.000,MED,Y,B,M,25.0,DNS,N,Y,,N
20126619,2025-07-02T16:47:30.000,MED,N,B,M,33.0,DE,N,N,125.25,N
97399,2026-05-15T15:05:00.000,MIN,N,W,M,40.0,DE,N,N,140.25,N
20005403,2026-08-18T17:48:02.000,MED,Y,B,M,43.0,DE,N,N,140.25,N
20247521,2025-12-31T14:40:23.000,MIN,Y,W,M,42.0,DE,N,N,120.03,N
20216374,2026-04-30T13:26:41.000,MAX,Y,O,M,23.0,DEP,N,N,220.16,Y
20100481,2026-08-30T18:21:18.000,MIN,N,A,M,40.0,DE,N,N,120.00,N
20250590,2026-05-14T00:42:48.000,MIN,Y,U,M,30.0,DE,N,N,265.13,N
20070314,2025-08-14T20:59:24.000,MED,N,B,M,41.0,DE,N,N,130.35,Y
20182913,2026-08-20T11:24:23.000,MIN,N,O,M,42.0,DE,N,N,220.21,N
20042283,2026-07-17T10:10:31.000,MAX,Y,B,M,36.0,DE,N,N,160.10,N
149333,2025-04-25T16:39:31.000,MED,Y,B,M,44.0,DE,N,N,125.25,Y
20244321,2025-06-25T21:03:48.000,MIN,Y,O,M,47.0,DE,N,N,220.21,Y
20245939,2025-09-11T00:57:54.000,MED,Y,B,F,26.0,DE,N,N,120.10,Y
138232,2025-11-23T20:30:00.000,MAX,Y,B,F,39.0,DE,N,N,160.15,Y
20249429,2026-08-26T12:04:18.000,MIN,Y,O,M,47.0,DE,N,N,145.00,N
20251137,2026-08-13T16:45:12.000,MED,Y,W,M,32.0,DE,N,N,160.10,N
20077716,2025-08-01T16:29:46.000,MAX,Y,O,M,31.0,DE,N,Y,110-125.25,Y
20225217,2023-06-13T15:16:21.000,MED,Y,B,M,31.0,DE,N,N,125.25,Y
20024540,2026-03-20T23:50:00.000,MIN,Y,B,M,50.0,DE,N,N,125.14,Y
71905,2025-11-09T23:38:08.000,MAX,Y,O,M,39.0,DE,N,N,215.52,Y
41628,2026-06-22T13:30:14.000,MIN,N,B,M,52.0,DE,N,N,160.15,N
20246302,2025-12-02T23:38:26.000,MED,Y,B,M,64.0,DE,N,N,130.65,N
20245302,2026-05-27T01:03:16.000,MED,Y,B,M,29.0,DE,N,N,140.25,N
20232136,2026-07-11T13:05:13.000,MAX,Y,B,M,23.0,DE,N,Y,110-125.25,N
126152,2026-07-28T13:01:35.000,MIN,N,B,M,61.0,CS,N,N,110-220.39,N
20247755,2026-05-29T00:57:42.000,MAX,Y,O,M,20.0,DE,N,Y,130.35,Y
20070803,2026-04-10T12:21:26.000,MED,Y,O,M,38.0,DEP,N,N,155.25,N
124339,2026-06-10T18:47:23.000,MIN,Y,B,M,47.0,DE,N,N,140.20,N
20232164,2024-06-21T21:15:33.000,MED,Y,U,M,25.0,DE,N,Y,125.25,Y
20015850,2026-05-16T11:05:32.000,MIN,N,B,M,34.0,DE,N,Y,0,Y
20238701,2025-12-24T10:13:54.000,MED,Y,B,M,31.0,DE,N,N,120.00,Y
145949,2026-01-15T12:50:00.000,MED,N,B,M,58.0,DE,N,N,125.25,N
20250842,2026-05-27T16:52:00.000,MED,N,B,M,19.0,DE,N,Y,160.15,Y
20136457,2026-02-06T21:12:00.000,MED,Y,O,M,28.0,DE,N,N,155.30,Y
159583,2026-06-14T16:03:57.000,MIN,Y,B,M,58.0,DE,N,N,155.30,N
20250200,2026-08-01T12:31:05.000,MIN,N,O,M,32.0,DE,N,N,140.25,N
10007004,2026-05-20T01:44:52.000,MED,N,B,M,36.0,DE,N,Y,121.12,Y
118166,2026-06-17T12:43:00.000,MAX,Y,B,M,44.0,DE,N,N,160.15,N
20222268,2026-01-20T11:53:06.000,MAX,N,B,M,30.0,DE,N,Y,220.43,Y
20067640,2024-10-02T23:46:37.000,MAX,N,B,M,34.0,DEP,N,Y,125.25,Y
20226523,2026-06-12T19:28:32.000,MIN,N,B,M,21.0,DE,N,Y,160.15,N
114578,2026-08-02T12:02:37.000,MAX,Y,O,M,42.0,DE,N,N,140.25,N
20227780,2024-06-15T15:36:44.000,MED,Y,O,F,25.0,DE,N,N,125.25,Y
20250049,2026-04-18T12:21:55.000,MIN,N,B,M,42.0,DE,N,N,120.10,N
20250576,2026-07-28T00:26:17.000,MED,Y,W,M,29.0,DE,N,N,120.05,N
20252052,2026-07-29T23:49:29.000,MIN,N,O,M,28.0,DE,N,N,220.21,N
101128,2026-08-26T01:01:00.000,MAX,Y,B,M,42.0,DEP,N,Y,160.05,N
7192,2025-12-09T11:01:44.000,MIN,Y,O,F,60.0,DE,N,N,160.10,N
20222028,2022-12-06T20:57:56.000,MED,Y,B,M,53.0,DE,N,N,125.25,N
20246772,2025-10-21T15:45:35.000,MAX,Y,B,M,32.0,DE,N,N,125.25,Y
84976,2026-08-24T16:26:38.000,MED,N,O,M,37.0,DE,N,Y,220.03,N
20098126,2026-06-17T15:05:33.000,MED,Y,I,M,36.0,DE,N,N,120.10,N
20239825,2026-08-02T11:51:34.000,MED,Y,B,F,21.0,DE,N,N,160.15,N
20152699,2026-04-06T01:18:45.000,MAX,N,B,M,27.0,DEP,N,Y,110-125.25,Y
67309,2025-09-30T16:22:48.000,MAX,N,B,M,41.0,DE,N,Y,160.15,Y
20211273,2026-04-15T16:21:34.000,MIN,Y,O,M,28.0,CS,N,N,121.11,N
10000810,2026-02-27T00:30:50.000,MAX,Y,O,M,39.0,DE,N,N,160.05,Y
20114402,2026-05-06T12:39:37.000,MIN,N,B,M,30.0,CS,N,N,220.16,N
20163580,2026-07-04T15:38:56.000,MED,Y,O,F,43.0,DE,N,N,140.20,N
20250267,2026-04-29T20:40:00.000,MED,Y,B,M,48.0,DE,N,N,160.10,Y
30672,2023-12-04T17:09:49.000,MED,Y,B,M,38.0,DE,N,Y,125.25,Y
10001396,2025-07-19T11:52:37.000,MIN,N,B,M,36.0,DE,N,N,110-125.25,Y
20248443,2026-01-22T17:41:27.000,MIN,Y,B,M,31.0,DE,N,N,110-125.25,N
20240386,2024-12-07T16:38:03.000,MED,Y,W,F,22.0,DE,N,N,160.15,Y
20251344,2026-06-21T16:47:37.000,MED,Y,B,M,26.0,DE,N,N,160.15,Y
20242947,2026-05-30T01:08:26.000,MED,Y,B,M,21.0,DE,N,Y,265.03,N
20002010,2026-05-22T17:23:15.000,MED,N,B,M,35.0,DE,N,N,130.35,N
20241771,2026-03-30T12:18:45.000,MAX,N,B,M,20.0,DE,N,N,110-125.25,Y
20251532,2026-07-01T16:54:07.000,MIN,N,B,M,38.0,DE,N,N,105.10,N
10006300,2026-08-31T17:17:35.000,MAX,N,B,M,34.0,DE,N,N,130.65,N
20251718,2026-07-11T01:29:18.000,MED,N,O,M,43.0,DE,N,N,105.15,N
129963,2026-03-18T11:51:51.000,MED,N,O,M,56.0,DE,N,N,120.05,N
20242499,2026-02-11T00:28:36.000,MIN,Y,W,M,33.0,DE,N,N,265.03,N
20172870,2020-07-03T16:43:32.000,MED,Y,O,M,34.0,DE,N,N,125.25,Y
61797,2026-06-19T16:18:00.000,MIN,Y,B,F,41.0,DE,N,N,140.25,N
159262,2024-01-25T18:38:33.000,MAX,Y,B,M,35.0,DE,N,Y,125.25,Y
20251641,2026-07-07T12:50:50.000,MED,Y,B,M,30.0,DE,N,N,130.25,N
20135307,2025-11-03T15:39:14.000,MED,Y,O,M,40.0,DE,N,N,135.20,N
20222898,2023-02-01T16:46:56.000,MED,Y,B,M,22.0,DE,N,Y,110-125.25,Y
20240920,2026-07-10T23:39:27.000,MED,Y,O,M,31.0,DE,N,N,160.15,N
20183297,2026-06-06T18:15:47.000,MED,Y,B,M,36.0,DE,N,N,160.10,N
47673,2025-08-14T20:46:31.000,MED,Y,B,M,38.0,SSR,N,Y,120.10,Y
20250927,2026-05-30T13:02:18.000,MIN,N,A,M,40.0,DE,N,N,110-160.15,N
20134469,2026-06-25T22:38:42.000,MED,Y,B,M,31.0,DE,N,N,130.35,N
20252492,2026-08-20T16:55:52.000,MED,N,B,M,18.0,DE,N,Y,125.25,N
20179493,2023-08-03T17:05:18.000,MAX,Y,O,M,29.0,DE,N,N,125.25,Y
20017826,2026-06-11T01:37:15.000,MIN,N,O,M,47.0,DE,N,N,265.03,N
20109756,2024-05-11T19:17:30.000,MAX,Y,B,M,32.0,DE,N,N,120.05,Y
20219043,2026-08-16T09:54:30.000,MED,Y,B,M,27.0,CS,N,N,,N
20084556,2026-05-28T16:55:13.000,MAX,Y,B,M,34.0,DE,N,Y,215.51,Y
20248009,2025-12-28T16:27:40.000,MIN,N,B,M,29.0,DE,N,N,160.15,Y
20247799,2026-05-19T21:20:28.000,MED,Y,O,M,23.0,DE,N,N,140.20,Y
17513,2026-04-26T13:06:48.000,MED,Y,O,M,39.0,DE,N,N,265.03,Y
20229311,2026-05-14T13:22:17.000,MED,N,O,M,29.0,DE,N,N,140.20,N
20248605,2026-02-01T12:04:11.000,MED,Y,O,F,34.0,DE,N,N,125.25,N
20246010,2026-08-02T09:55:16.000,MED,N,B,M,31.0,DE,N,N,120.05,N
20239383,2024-10-19T12:41:00.000,MED,N,O,M,32.0,DE,N,N,110-125.25,Y
20232842,2026-06-19T16:45:55.000,MIN,N,O,M,22.0,CS,N,N,155.30,N
20198825,2025-06-27T00:29:57.000,MAX,N,B,M,33.0,DE,N,N,140.20,Y
20199697,2025-03-16T00:43:15.000,MED,Y,O,M,36.0,DE,N,N,140.25,Y
20246887,2025-10-27T15:50:56.000,MED,Y,B,M,20.0,DE,N,Y,105.15,Y
20046951,2026-05-17T21:00:55.000,MED,N,O,M,44.0,CSP,N,N,,N
20251253,2026-06-17T01:21:42.000,MED,N,B,M,22.0,DE,N,N,110-125.25,N
20124717,2026-07-04T12:21:15.000,MED,N,B,M,28.0,DE,N,N,110-125.25,N
20140256,2026-04-28T21:17:03.000,MAX,Y,B,M,33.0,DE,N,N,140.25,Y
105417,2024-08-24T20:35:03.000,MED,Y,B,M,38.0,DE,N,Y,110-125.25,Y
20250923,2026-05-30T11:57:36.000,MIN,N,A,M,37.0,DE,N,N,110-160.15,N
20217222,2026-07-30T17:13:31.000,MED,N,B,M,49.0,DE,N,N,130.96,N
67601,2026-06-20T11:56:24.000,MIN,N,B,M,48.0,CS,N,N,155.25,N
20038414,2026-05-29T12:37:14.000,MIN,Y,O,M,55.0,DE,N,N,140.20,N
20252475,2026-08-20T00:14:57.000,MED,N,O,M,25.0,DE,N,N,110-125.25,N
20246397,2026-08-23T11:17:00.000,MED,N,W,F,44.0,DE,N,N,140.25,N
20175753,2026-05-05T00:49:00.000,MAX,Y,B,M,34.0,DE,N,N,240.32,Y
15689,2025-08-14T12:36:27.000,MAX,Y,O,M,42.0,DE,N,N,160.15,Y
20244254,2025-06-22T17:33:28.000,MED,Y,O,M,27.0,DE,N,N,110-125.25,Y
20250961,2026-06-01T16:36:20.000,MED,Y,B,M,21.0,DE,N,N,125.25,N
20191615,2026-08-28T01:51:31.000,MIN,N,O,M,47.0,DE,N,N,215.50,N
20131289,2026-08-18T14:45:50.000,MED,N,B,M,32.0,DE,N,N,FOA 900.00,N
10004689,2025-07-14T14:45:01.000,MIN,Y,O,M,51.0,DE,N,N,140.25,N
44857,2025-08-17T16:43:50.000,MIN,Y,B,M,50.0,DE,N,N,160.15,N
87596,2026-04-16T22:42:04.000,MED,N,B,M,49.0,CSP,N,N,240.20,N
65481,2026-06-08T21:21:44.000,MAX,N,B,M,40.0,DE,N,N,220.16,Y
20229264,2026-08-27T18:27:09.000,MED,N,O,M,33.0,DE,N,N,145.00,N
20170485,2026-05-16T17:23:18.000,MED,Y,W,M,44.0,DE,N,N,155.35,N
20245867,2025-09-08T00:17:30.000,MED,Y,B,M,36.0,DE,N,N,110-130.35,Y
32007,2026-01-23T01:32:52.000,MIN,Y,O,M,57.0,DE,N,N,140.20,Y
20219415,2026-06-30T19:16:00.000,MED,Y,B,M,22.0,DE,N,N,110-160.15,Y
20195101,2026-07-12T16:04:22.000,MAX,N,B,M,26.0,DE,N,Y,160.15,Y
20009965,2025-11-18T17:09:59.000,MAX,Y,O,M,33.0,DE,N,N,230.34,Y
20167869,2026-04-03T16:13:41.000,MIN,N,B,M,32.0,CS,N,N,,N
124702,2025-11-13T23:11:49.000,MAX,Y,B,M,39.0,DE,N,N,120.05,Y
20232130,2026-08-04T12:21:07.000,MIN,N,I,M,21.0,DE,N,N,265.01,N
20070292,2026-02-14T13:53:16.000,MIN,Y,O,M,45.0,DE,N,N,110-125.25,N
20147805,2026-01-05T14:15:46.000,MED,Y,U,M,39.0,DE,N,N,140.25,Y
20225894,2026-07-30T00:24:39.000,MAX,Y,B,M,22.0,DE,N,Y,265.03,N
12222,2025-07-29T12:09:51.000,MED,Y,B,M,65.0,DE,N,N,130.30,N
47377,2026-06-03T14:21:02.000,MIN,N,O,M,47.0,DE,N,N,110-125.25,N
25119,2026-07-29T17:10:06.000,MED,Y,B,F,41.0,DE,N,N,140.25,N
20250971,2026-06-02T16:32:16.000,MAX,N,B,M,21.0,DE,N,Y,110-125.25,Y
15638,2026-02-18T11:35:24.000,MIN,N,O,M,57.0,DE,N,N,140.25,N
15811,2026-04-12T00:50:40.000,MIN,Y,B,M,63.0,DE,N,N,120.05,N
20187478,2026-08-29T11:46:58.000,MAX,Y,O,M,28.0,DE,N,Y,140.25,N
20130134,2026-04-30T19:19:31.000,MED,Y,B,M,58.0,DEP,N,N,120.05,Y
11895,2025-10-15T18:58:01.000,MAX,N,B,M,40.0,DE,N,N,265.03,N
20102802,2026-04-30T12:02:28.000,MAX,Y,B,M,31.0,DE,N,Y,125.25,Y
20122789,2026-03-01T23:19:40.000,MED,Y,B,M,35.0,DE,N,N,140.30,N
35077,2026-08-16T18:40:00.000,MED,Y,B,M,38.0,DE,N,N,155.25,N
20224030,2023-10-27T23:18:12.000,MED,Y,B,M,34.0,DE,N,N,125.27,Y
20252150,2026-08-04T23:52:41.000,MED,N,B,M,20.0,DE,N,N,160.15,N
20219114,2026-04-02T23:59:47.000,MED,Y,O,M,35.0,DE,N,N,140.20,Y
20252437,2026-08-18T00:46:35.000,MIN,Y,W,M,47.0,DE,N,N,165.15,N
20165772,2026-08-12T19:10:24.000,MED,Y,B,M,39.0,DE,N,N,140.20,N
20221320,2026-02-11T17:45:14.000,MAX,Y,B,M,22.0,DE,N,Y,110-125.25,Y
65064,2024-09-12T19:13:56.000,MED,Y,B,M,40.0,DE,N,N,220.43,Y
20249766,2026-06-22T00:09:43.000,MIN,N,O,M,36.0,DE,N,N,140.25,N
20195750,2026-07-24T00:50:43.000,MED,N,B,M,25.0,DE,N,N,265.03,N
20245675,2026-04-02T12:00:48.000,MIN,Y,B,M,51.0,DE,N,N,110-120.10,N
20252683,2026-08-31T19:54:10.000,,N,B,M,29.0,DE,N,N,215.51,N
20241602,2025-02-13T12:01:54.000,MED,N,B,M,28.0,DE,N,N,125.27,Y
20079846,2026-04-16T18:38:00.000,MED,Y,B,F,32.0,DE,N,N,110-125.25,Y
20018062,2026-02-20T03:15:34.000,MIN,Y,B,M,35.0,DE,N,N,155.30,Y
20251121,2026-06-09T18:42:25.000,MIN,Y,A,M,25.0,DE,N,N,160.10,N
43190,2026-06-30T18:51:03.000,MED,Y,B,M,54.0,DE,N,N,110-160.05,N
20216407,2025-11-12T11:29:08.000,MED,Y,O,M,24.0,DE,N,N,125.15,Y
20252444,2026-08-18T16:10:11.000,MED,Y,B,M,32.0,DE,N,N,130.35,N
20205878,2025-03-02T23:25:56.000,MAX,Y,B,M,28.0,DE,N,N,110-125.25,Y
20227844,2026-06-17T12:34:51.000,MAX,N,O,M,24.0,DE,N,Y,220.39,Y
20152725,2026-05-24T17:41:07.000,MIN,N,O,M,44.0,DE,N,N,140.25,N
20203550,2025-12-05T11:37:04.000,MIN,Y,O,M,34.0,DE,N,N,140.20,N
20224861,2026-07-08T11:28:25.000,MAX,N,B,M,21.0,DE,N,Y,265.03,N
20091223,2025-10-12T17:50:15.000,MAX,Y,O,M,41.0,DE,N,N,120.10,Y
20016020,2025-11-18T15:01:22.000,MAX,Y,B,M,33.0,DE,N,N,110-125.25,Y
20039650,2026-04-27T23:59:49.000,MAX,Y,B,M,33.0,CS,N,Y,120.01,Y
20231456,2024-05-18T22:14:55.000,MED,N,O,M,34.0,DE,N,N,125.25,Y
20229921,2026-03-27T16:28:00.000,MAX,Y,W,M,21.0,DE,N,N,125.25,Y
20239772,2024-11-08T16:04:39.000,MED,N,O,M,29.0,DE,N,N,125.27,Y
20067015,2026-03-06T12:36:54.000,MIN,Y,B,M,35.0,CS,N,N,120.14,N
20200911,2025-08-21T11:05:07.000,MIN,Y,B,M,53.0,DE,N,N,110-125.25,Y
20218408,2025-04-07T19:45:06.000,MAX,Y,B,M,31.0,DE,N,N,160.15,Y
110968,2026-03-16T19:23:54.000,MIN,N,O,M,49.0,DE,N,N,265.03,N
20213416,2026-05-25T15:24:55.000,MIN,Y,O,M,39.0,DE,N,N,120.05,N
20010804,2026-05-06T11:56:26.000,MED,Y,B,F,44.0,DE,N,N,160.15,N
20102150,2026-08-13T17:11:57.000,MAX,Y,B,M,31.0,DEP,N,N,168-T,N
20230012,2024-03-07T15:56:11.000,MAX,N,O,M,30.0,DE,N,N,125.25,Y
20211580,2026-05-08T11:09:00.000,MAX,Y,B,M,25.0,DE,N,N,110-160.10,N
20240156,2025-11-14T08:30:34.000,MAX,Y,B,F,28.0,DE,N,N,140.30,Y
20131313,2026-05-01T17:18:42.000,MIN,Y,A,M,39.0,CS,N,N,,N
20252623,2026-08-28T00:12:46.000,MIN,N,W,M,27.0,DE,N,N,140.25,N
20201635,2026-07-03T17:13:56.000,MED,Y,B,F,43.0,DE,N,N,125.25,Y
20238557,2026-07-07T16:46:09.000,MIN,Y,B,F,32.0,DE,N,N,220.03,N
20249046,2026-02-27T16:58:35.000,MIN,Y,W,M,35.0,DE,N,N,220.43,N
20097720,2026-07-18T19:18:54.000,MIN,N,O,M,47.0,DE,N,N,140.20,N
20241886,2026-06-05T00:13:18.000,MIN,N,O,M,25.0,DE,N,N,140.20,N
20248307,2026-01-15T12:37:51.000,MED,Y,O,M,66.0,DE,N,N,120.05,Y
20241421,2026-02-09T01:19:17.000,MAX,Y,B,M,21.0,DE,N,Y,110-125.25,Y
33490,2025-03-29T00:13:40.000,MAX,Y,B,M,42.0,DE,N,N,160.15,Y
20250535,2026-05-12T12:37:51.000,MIN,Y,O,M,23.0,CS,N,N,,N
20221056,2025-10-10T20:15:21.000,MAX,Y,B,M,29.0,DE,N,Y,140.30,Y
20251155,2026-06-11T11:58:00.000,MIN,N,B,M,34.0,DE,N,N,110-125.25,N
20010846,2026-04-22T16:59:48.000,MAX,Y,B,M,33.0,DEP,N,Y,265.03,Y
20066354,2026-07-04T16:58:54.000,MIN,Y,O,M,43.0,DE,N,N,110-120.10,N
20249148,2026-03-04T20:59:51.000,MED,N,O,M,43.0,DE,N,N,130.35,N
41422,2026-08-01T12:43:28.000,MED,N,B,M,40.0,DE,N,Y,110-125.25,N
130364,2025-09-03T16:07:17.000,MAX,Y,B,M,35.0,DE,N,Y,110-120.10,Y
20159079,2025-09-12T12:26:14.000,MIN,Y,O,M,37.0,DE,N,N,215.51,Y
20146912,2026-04-30T20:45:37.000,MED,Y,B,M,30.0,DE,N,N,120.05,N
20211269,2026-04-15T00:21:49.000,MED,Y,B,M,27.0,CS,N,Y,,Y
20238831,2026-03-26T17:48:11.000,MIN,N,O,M,21.0,CS,N,N,,N
20166511,2026-02-08T12:36:26.000,MIN,N,B,M,70.0,CS,N,N,,Y
20249108,2026-03-03T00:43:30.000,MED,Y,O,M,29.0,DE,N,N,130.35,Y
20244953,2025-07-25T16:09:58.000,MED,Y,B,M,30.0,DE,N,Y,125.25,Y
20080138,2025-06-03T12:05:25.000,MIN,Y,B,M,45.0,DE,N,N,150.15,N
7692,2025-11-30T11:48:59.000,MAX,Y,B,M,49.0,DE,N,Y,155.30,Y
20224671,2024-11-16T00:49:17.000,MED,Y,B,M,55.0,DE,N,Y,110-125.25,Y
20228239,2026-08-06T01:26:22.000,MED,Y,O,M,31.0,DE,N,N,140.20,N
20251699,2026-07-10T10:31:28.000,MED,Y,B,M,27.0,SSR,N,N,,Y
20241768,2025-02-23T00:40:37.000,MAX,Y,B,M,56.0,DE,N,N,265.03,Y
20244241,2026-08-19T17:15:06.000,MED,N,W,M,42.0,DE,N,N,120.05,N
20156900,2025-06-09T23:47:31.000,MIN,N,B,M,27.0,DE,N,N,110-125.25,Y
120596,2026-04-07T20:07:49.000,MIN,N,B,M,52.0,DE,N,N,265.03,N
20204690,2025-12-20T16:48:58.000,MAX,N,B,M,25.0,DE,N,Y,160.15,Y
20251913,2026-07-20T23:58:51.000,MIN,N,B,M,39.0,CS,N,N,260.10,N
151764,2025-10-27T12:14:32.000,MED,Y,B,M,35.0,DE,N,N,121.12,Y
20216030,2026-03-19T00:31:30.000,MIN,N,B,M,71.0,CS,N,N,,N
20208685,2026-04-24T11:26:25.000,MIN,Y,O,M,37.0,CS,N,N,140.25,N
20136158,2026-03-18T12:52:45.000,MED,Y,O,M,29.0,CS,N,N,120.00,N
20077366,2026-08-25T19:22:02.000,MAX,Y,B,M,33.0,DE,N,N,160.10,N
20245996,2025-09-12T22:41:26.000,MIN,Y,A,M,38.0,DE,N,N,120.10,Y
20245770,2025-09-03T00:17:10.000,MAX,Y,B,M,27.0,DE,N,Y,160.15,Y
152570,2026-05-09T19:29:16.000,MIN,Y,H,M,44.0,DE,N,N,120.05,N
20075282,2026-07-24T19:33:26.000,MAX,N,B,M,44.0,DE,N,N,160.15,N
20094654,2026-08-20T12:02:15.000,MED,Y,B,M,33.0,DE,N,N,120.10,N
81460,2026-08-07T17:56:12.000,MIN,Y,W,F,40.0,DE,N,N,155.30,N
20251221,2026-06-14T10:37:15.000,MED,Y,B,M,26.0,DE,N,N,110-130.35,Y
20251528,2026-07-01T13:30:37.000,MED,N,O,M,45.0,DE,N,N,125.25,N
80208,2026-06-17T15:30:45.000,MED,N,O,M,48.0,DE,N,N,165.10,N
20219270,2025-04-27T23:49:20.000,MAX,Y,B,F,24.0,DE,N,N,135.20,Y
20212311,2026-01-03T16:25:19.000,MED,N,B,M,25.0,CS,N,N,160.15,N
10001186,2026-08-18T12:54:17.000,MED,Y,W,M,39.0,DE,N,N,121.12,N
99363,2026-08-28T23:46:13.000,MIN,N,B,M,50.0,DE,N,N,155.25,N
20080899,2026-04-24T12:02:46.000,MED,Y,B,M,30.0,DE,N,Y,265.03,N
20247119,2026-08-25T12:50:39.000,MED,Y,B,M,35.0,DE,N,N,120.05,N
20235489,2025-11-25T20:38:37.000,MIN,Y,B,M,51.0,DE,N,N,110-125.25,Y
20157468,2026-07-17T19:20:29.000,MED,Y,O,M,30.0,DE,N,Y,265.03,N
20222534,2023-01-08T00:03:00.000,MED,Y,O,M,51.0,DE,N,N,125.25,Y
20227976,2025-05-11T20:02:39.000,MAX,Y,B,M,28.0,CS,N,N,155.25,Y
20251747,2026-07-12T16:37:21.000,MIN,N,O,M,51.0,DE,N,N,120.20,N
99829,2023-05-17T11:30:29.000,MED,N,B,M,45.0,DE,N,N,125.25,Y
20246081,2026-04-02T12:18:23.000,MIN,N,B,M,22.0,DE,N,Y,105.15,Y
20202246,2026-08-18T15:17:47.000,MED,Y,W,F,37.0,DE,N,N,140.20,N
20006019,2026-07-05T01:46:02.000,MAX,Y,B,M,37.0,DE,N,N,120.60,Y
20212797,2026-06-16T12:09:10.000,MED,N,W,M,48.0,SSR,N,N,,N
20177021,2025-12-10T16:03:42.000,MIN,N,O,M,52.0,DE,N,N,155.42,N
20214535,2026-04-12T13:23:51.000,MAX,N,O,M,23.0,DE,N,Y,155.35,Y
20246137,2025-09-20T00:26:22.000,MED,Y,O,M,45.0,DE,N,N,125.25,N
17585,2025-12-31T22:22:00.000,MAX,Y,O,M,56.0,DE,N,N,140.20,Y
44216,2025-07-22T12:11:55.000,MED,Y,A,M,37.0,DE,N,Y,125.25,Y
20092114,2026-05-06T23:05:00.000,MAX,Y,B,M,30.0,DE,N,N,120.05,Y
20208882,2026-08-20T12:30:10.000,MAX,N,O,M,30.0,DE,N,N,110-125.25,N
20019708,2026-07-14T16:09:17.000,MAX,Y,B,M,45.0,DE,N,Y,FOA 900.00,N
20243767,2026-07-25T16:05:56.000,MED,Y,B,M,28.0,CS,N,N,,N
20054108,2025-03-09T22:50:53.000,MED,Y,W,F,42.0,DE,N,N,110-135.20,N
143540,2025-04-21T08:45:26.000,MAX,N,B,M,35.0,DE,N,Y,110-125.25,Y
20234860,2026-01-26T17:00:51.000,MED,Y,B,M,56.0,DE,N,N,120.10,N
20243859,2025-06-04T00:23:43.000,MED,Y,B,M,41.0,DE,N,N,125.20,N
20205607,2026-04-11T13:11:50.000,MED,Y,O,M,36.0,DE,N,N,160.15,Y
20218311,2026-03-25T15:36:33.000,MED,Y,B,M,30.0,DE,N,N,110-130.35,N
20252550,2026-08-23T01:40:35.000,MIN,Y,B,M,28.0,DE,N,N,140.30,N
20219738,2026-04-10T11:19:25.000,MED,Y,B,M,29.0,DE,N,N,110-120.05,Y
10009102,2026-05-21T17:18:54.000,MIN,N,W,M,42.0,DE,N,N,140.20,N
20215506,2026-04-29T13:30:29.000,MAX,Y,B,M,25.0,DE,N,Y,125.25,Y
33268,2026-02-18T15:40:00.000,MIN,Y,B,M,38.0,DE,N,N,160.10,N
20076171,2026-06-11T23:11:53.000,MAX,Y,B,M,32.0,DE,N,N,120.05,Y
20150922,2026-08-28T21:29:25.000,MED,N,B,F,39.0,DE,N,N,215.51,N
20252160,2026-08-05T15:56:29.000,MIN,Y,B,M,21.0,DE,N,N,120.25,N
20164901,2026-08-30T20:29:30.000,MIN,N,O,M,36.0,DE,N,N,VTL 1192.3,N
20045194,2026-08-24T22:45:00.000,MAX,Y,B,F,37.0,DE,N,N,160.05,N
20239541,2025-02-05T17:33:50.000,MAX,Y,B,F,28.0,DE,N,N,110-120.10,Y
20240505,2026-04-13T20:26:10.000,MIN,Y,W,M,55.0,DE,N,N,140.20,N
20250545,2026-05-12T16:39:06.000,MED,N,B,M,26.0,DE,N,N,110-125.27,Y
20244167,2025-06-18T14:46:35.000,MED,Y,O,M,21.0,DE,N,N,120.10,Y
20249446,2026-03-19T13:03:32.000,MED,Y,B,F,31.0,CS,N,N,110-265.03,Y
20250793,2026-05-24T17:06:34.000,MIN,Y,B,M,22.0,DE,N,N,265.03,Y
20052353,2025-10-02T15:12:24.000,MIN,N,B,M,40.0,DE,N,N,220.43,N
20077214,2026-06-11T18:42:27.000,MIN,Y,B,M,33.0,DE,N,N,121.12,N
20047952,2026-06-08T15:52:20.000,MAX,Y,B,M,44.0,DE,N,N,160.15,N
20143507,2025-07-31T18:46:22.000,MAX,N,B,M,33.0,DE,N,N,110-125.25,Y
20238356,2024-08-29T13:08:50.000,MAX,Y,O,M,27.0,DE,N,Y,125.25,Y
20112919,2026-01-29T15:54:10.000,MED,Y,B,M,38.0,DE,N,N,140.25,N
161579,2024-05-23T15:58:00.000,MED,N,B,M,42.0,DE,N,Y,125.25,Y
20078879,2026-08-01T19:10:00.000,MAX,N,B,M,65.0,DE,N,N,265.03,N
20231219,2024-05-06T17:23:19.000,MED,Y,O,M,22.0,DE,N,Y,125.25,Y
20169748,2026-07-23T20:25:00.000,MIN,Y,O,M,38.0,CS,N,N,VTL 1192.2,N
20233073,2026-08-25T05:31:37.000,MAX,N,O,M,28.0,DE,N,N,125.25,N
20252365,2026-08-13T20:44:36.000,MED,N,B,M,64.0,DE,N,N,130.80,N
20060667,2026-05-29T00:21:00.000,MED,Y,O,M,35.0,DE,N,N,265.03,N
20248875,2026-03-19T17:38:36.000,MED,Y,B,M,24.0,DE,N,N,130.35,Y
20192438,2026-08-28T12:40:00.000,MAX,N,O,M,43.0,DE,N,N,140.25,N
20250445,2026-05-08T01:20:41.000,MED,Y,B,M,27.0,DE,N,N,110-125.25,N
20247453,2026-05-21T11:42:00.000,MIN,Y,A,M,44.0,DE,N,N,165.50,N
20205877,2026-03-10T16:35:26.000,MAX,Y,B,M,28.0,DE,N,N,120.10,Y
20195134,2026-06-24T00:28:51.000,MIN,N,O,M,54.0,DE,N,N,110-155.35,N
20250976,2026-06-02T23:14:09.000,MED,N,O,M,36.0,DE,N,N,130.96,N
20230991,2025-03-31T19:55:14.000,MED,Y,B,F,24.0,DE,N,N,110-120.10,Y
98815,2026-07-03T17:20:20.000,MIN,Y,B,M,47.0,DE,N,N,110-135.20,N
20118399,2026-08-10T22:56:00.000,MAX,Y,O,M,45.0,DE,N,N,160.05,N
20062312,2026-08-15T18:38:00.000,MIN,N,B,M,37.0,DE,N,N,121.12,N
20017540,2026-08-25T19:23:32.000,MIN,Y,B,M,47.0,DE,N,N,120.05,N
123666,2026-04-25T00:34:59.000,MIN,Y,B,M,60.0,DE,N,N,265.03,N
20213522,2026-03-10T19:52:28.000,MAX,Y,O,M,25.0,DE,N,Y,140.20,Y
20043903,2025-04-30T16:30:00.000,MED,Y,B,M,33.0,DE,N,Y,130.75,Y
20114283,2024-10-31T13:19:04.000,MAX,Y,O,M,31.0,DE,N,N,160.15,Y
20232940,2026-08-06T19:46:06.000,MED,Y,O,M,26.0,DE,N,N,120.10,N
20244092,2025-06-14T00:17:00.000,MED,N,A,M,32.0,DE,N,N,220.16,Y
20218015,2025-07-02T12:36:27.000,MED,Y,A,M,45.0,DE,N,N,125.25,N
20197878,2026-05-27T11:30:28.000,MAX,Y,B,M,28.0,DE,N,Y,265.03,Y
20244235,2026-04-16T15:01:45.000,MED,Y,B,M,33.0,DE,N,N,130.53,Y
20021114,2025-12-02T23:33:27.000,MIN,N,B,M,36.0,DE,N,N,120.05,Y
20230101,2026-06-16T17:08:50.000,MIN,N,O,M,42.0,CS,N,N,,N
20249455,2026-03-19T20:35:59.000,MIN,Y,O,M,32.0,DE,N,N,AC 000.00,Y
20248464,2026-01-23T16:55:02.000,MED,N,B,M,28.0,DE,N,Y,265.03,N
20242886,2025-04-19T11:05:44.000,MED,Y,O,M,21.0,DE,N,N,160.15,Y
20223279,2026-05-10T02:13:10.000,MIN,N,W,M,25.0,DE,N,N,140.20,N
20247551,2025-12-01T16:56:33.000,MED,N,B,M,22.0,DE,N,Y,265.03,N
20229529,2026-03-18T00:15:26.000,MED,N,O,M,24.0,DE,N,Y,110-125.25,Y
79963,2026-06-08T19:44:42.000,MAX,Y,B,M,37.0,DE,N,Y,140.25,Y
20238925,2026-06-13T00:47:51.000,MAX,Y,O,M,34.0,DE,N,N,120.05,N
20177612,2023-08-16T12:08:01.000,MAX,Y,B,M,41.0,DE,N,N,110-125.25,Y
20245822,2025-09-05T15:40:26.000,MED,Y,W,M,26.0,DE,N,N,110-125.25,Y
20199842,2026-08-31T00:45:05.000,MIN,Y,B,M,28.0,DE,N,N,215.51,N
20221998,2026-06-26T00:01:30.000,MAX,N,B,M,25.0,DE,N,Y,265.03,N
20002666,2025-11-16T01:13:51.000,MED,Y,B,F,44.0,DE,N,N,140.25,Y
73374,2025-11-24T12:46:20.000,MIN,N,B,M,39.0,DE,N,N,110-125.25,N
20227080,2025-04-03T17:04:00.000,MED,Y,A,M,42.0,DE,N,N,125.27,Y
20222858,2026-08-13T00:18:30.000,MED,Y,B,M,32.0,DE,N,N,140.20,N
20247170,2025-11-11T11:38:01.000,MED,Y,B,M,25.0,DE,N,N,140.25,Y
20246299,2025-09-27T16:52:00.000,MIN,Y,O,M,38.0,DE,N,N,120.05,Y
20241007,2026-08-26T16:00:32.000,MIN,Y,B,F,39.0,DE,N,N,140.20,N
42021,2026-06-04T18:00:14.000,MAX,Y,O,M,47.0,DE,N,N,120.05,Y
113891,2026-05-20T12:27:50.000,MED,Y,B,M,39.0,CS,N,Y,205.30,N
20239446,2024-10-23T11:28:36.000,MED,Y,B,M,24.0,DE,N,N,265.04,Y
20252632,2026-08-28T12:16:11.000,MED,Y,B,M,48.0,DE,N,N,110-125.25,N
42834,2026-03-22T23:20:00.000,MIN,Y,O,M,45.0,DE,N,N,140.25,Y
10011107,2025-09-10T00:14:19.000,MAX,Y,O,M,35.0,DE,N,Y,220.18,Y
20058980,2026-03-03T13:38:08.000,MED,N,B,M,31.0,DE,N,N,110-125.25,Y
20052985,2026-08-06T13:16:09.000,MAX,Y,B,M,33.0,DE,N,N,120.00,N
10016221,2026-04-09T12:26:20.000,MAX,Y,B,M,36.0,DE,N,N,170.10,Y
20171374,2026-04-02T16:08:10.000,MIN,Y,B,F,41.0,CS,N,N,155.25,Y
20248475,2026-01-24T00:40:13.000,MAX,N,O,M,21.0,CS,N,N,155.25,Y
20247040,2026-08-26T23:30:00.000,MED,Y,B,F,34.0,DE,N,N,215.50,N
20245593,2026-04-30T14:50:33.000,MED,Y,B,M,22.0,DE,N,N,130.95,N
20245746,2025-09-01T14:34:47.000,MAX,Y,B,M,20.0,DE,N,Y,120.10,Y
20245174,2025-08-06T16:46:16.000,MIN,N,B,M,28.0,DE,N,N,110-125.25,Y
20238551,2026-07-17T20:46:23.000,MED,Y,W,M,41.0,DE,N,N,140.20,N
20150980,2023-08-07T20:35:24.000,MAX,Y,B,M,27.0,DE,N,Y,160.15,Y
20252012,2026-07-27T20:58:21.000,MED,N,B,M,19.0,DE,N,Y,265.03,N
20193125,2026-05-11T16:25:34.000,MIN,Y,O,F,54.0,DE,N,N,155.30,N
98430,2026-07-28T11:58:25.000,MED,Y,B,M,47.0,DE,N,N,120.05,Y
28614,2026-08-03T17:48:16.000,MED,N,B,M,44.0,DE,N,Y,125.27,N
107078,2026-03-03T00:19:33.000,MIN,N,B,M,60.0,DE,N,N,265.03,N
20076815,2025-03-18T11:20:22.000,MAX,Y,B,M,31.0,DE,N,Y,125.25,Y
20231704,2024-05-31T22:24:25.000,MAX,Y,B,M,29.0,DE,N,Y,125.25,Y
20228762,2026-05-09T01:37:51.000,MIN,Y,B,M,21.0,DE,N,N,160.15,Y
120184,2026-02-10T11:33:55.000,MED,Y,O,M,42.0,DE,N,N,155.30,Y
20228531,2024-06-02T20:03:32.000,MAX,Y,B,M,33.0,DE,N,N,110-120.10,Y
133490,2026-07-26T23:34:37.000,MED,N,W,M,49.0,DEP,N,N,155.35,N
20251598,2026-07-04T20:34:33.000,MIN,N,A,M,23.0,DE,N,N,140.20,N
20226153,2026-08-27T13:39:37.000,MED,N,B,M,23.0,DE,N,N,130.35,N
20166834,2026-06-13T11:22:02.000,MED,Y,I,M,30.0,DE,N,N,120.05,N
86285,2026-08-22T16:51:48.000,MIN,Y,W,M,53.0,DE,N,N,145.60,N
20221245,2026-04-11T13:28:26.000,MIN,N,O,M,39.0,CS,N,N,110-140.20,N
20251199,2026-06-13T00:40:44.000,MAX,N,B,M,18.0,DE,N,Y,110-125.25,Y
49908,2026-05-15T18:54:00.000,MED,N,B,M,51.0,DE,N,N,130.30,N
20247744,2025-12-11T00:34:45.000,MIN,N,B,M,57.0,DE,N,N,110-125.25,N
20247332,2025-11-19T14:09:10.000,MAX,Y,B,M,20.0,DE,N,Y,105.15,Y
20247249,2026-07-28T12:42:50.000,MED,Y,O,M,19.0,DE,N,Y,105.15,N
20252018,2026-07-28T01:04:00.000,MIN,Y,W,M,35.0,DE,N,N,215.50,N
20251620,2026-07-06T00:45:39.000,MIN,Y,A,M,43.0,DE,N,N,120.14,N
123818,2025-04-30T19:23:11.000,MED,Y,B,M,50.0,DE,N,N,160.10,Y
20213769,2026-08-29T12:40:47.000,MED,Y,B,M,26.0,DE,N,N,155.25,N
20239394,2024-10-20T00:53:55.000,MED,N,B,M,25.0,DE,N,N,265.03,Y
20252098,2026-08-01T00:07:43.000,MED,Y,B,M,34.0,DE,N,N,110-130.35,N
20245543,2026-08-31T11:41:59.000,MED,Y,B,M,38.0,DE,N,N,VOP,N
20020842,2026-08-10T12:31:16.000,MED,Y,B,M,45.0,DE,N,N,110-125.25,N
10001775,2026-04-16T20:51:00.000,MED,Y,B,M,40.0,DE,N,N,160.15,Y
68435,2026-07-07T17:38:41.000,MED,N,B,M,66.0,DE,N,N,215.52,N
20161733,2026-02-26T16:19:18.000,MAX,Y,B,M,44.0,DE,N,Y,130.53,Y
20251785,2026-08-27T18:33:02.000,MIN,N,W,M,31.0,DE,N,N,155.35,N
20213638,2026-07-28T00:55:19.000,MIN,N,O,M,27.0,DE,N,N,120.05,N
20231321,2026-07-08T12:37:08.000,MIN,N,O,M,53.0,CS,N,N,165.40,N
8279,2026-04-27T10:30:50.000,MIN,Y,B,M,65.0,CS,N,N,,N
20215945,2021-10-05T15:36:00.000,MED,N,O,M,59.0,DEP,N,N,125.20,Y
20242558,2026-08-10T15:19:28.000,MIN,Y,B,M,34.0,DE,N,N,121.11,N
24047,2026-07-19T13:00:22.000,MIN,Y,O,M,57.0,DE,N,N,155.25,N
20190097,2026-06-09T16:32:38.000,MED,Y,B,F,36.0,DE,N,N,,N
20248754,2026-06-13T00:30:05.000,MED,Y,B,M,37.0,DE,N,N,120.05,Y
20246666,2025-10-16T12:32:53.000,MED,Y,B,M,24.0,DE,N,N,110-125.25,Y
20245779,2026-04-22T12:13:40.000,MED,N,O,M,31.0,DE,N,N,140.25,N
66225,2025-11-02T00:47:39.000,MED,Y,O,M,37.0,DE,N,N,110-120.10,Y
20136676,2026-05-21T23:58:40.000,MAX,N,O,M,28.0,DE,N,Y,110-125.25,Y
20222907,2025-08-01T18:51:02.000,MAX,Y,B,M,25.0,DE,N,N,120.07,Y
20243115,2025-04-30T19:14:32.000,MED,Y,B,F,38.0,DE,N,N,125.25,N
29281,2026-08-06T16:04:15.000,MAX,Y,O,M,44.0,DE,N,N,160.05,N
20115676,2026-07-15T21:22:53.000,MIN,N,W,F,43.0,DE,N,N,120.00,N
20224772,2026-08-21T15:09:21.000,MAX,N,O,M,32.0,DE,N,N,220.43,N
10008933,2026-04-01T23:52:30.000,MED,N,B,M,36.0,CS,N,N,120.00,Y
20251793,2026-07-15T13:44:46.000,MIN,Y,W,M,46.0,DE,N,N,220.18,N
19352,2025-10-13T16:53:33.000,MIN,N,B,M,48.0,DE,N,N,FOA 900.00,Y
20006984,2026-05-14T15:31:06.000,MAX,N,O,M,34.0,DE,N,N,110-125.25,Y
20091324,2026-06-14T00:32:00.000,MAX,Y,B,M,31.0,DE,N,N,265.03,Y
138914,2025-01-09T14:42:39.000,MAX,N,B,M,36.0,DE,N,Y,110-125.25,Y
20246589,2026-04-07T11:27:47.000,MED,Y,O,M,34.0,DE,N,N,110-160.15,N
20208161,2026-05-10T01:54:34.000,MED,Y,B,M,43.0,DE,N,N,120.05,Y
60812,2025-12-28T17:33:08.000,MIN,N,B,M,37.0,DE,N,N,160.15,Y
44048,2026-07-29T13:01:15.000,MIN,N,B,M,40.0,DE,N,N,110-120.07,N
107367,2026-08-21T01:14:40.000,MAX,N,B,M,40.0,DE,N,N,110-125.25,N
8692,2024-06-03T11:18:07.000,MED,Y,B,M,42.0,DE,N,Y,160.10,Y
151524,2026-06-06T20:38:18.000,MED,N,O,M,42.0,CS,N,N,120.05,N
20166661,2025-11-13T10:27:03.000,MIN,N,O,M,28.0,DE,N,N,120.10,Y
20096413,2025-12-03T00:30:44.000,MED,Y,B,M,33.0,DE,N,Y,120.60,Y
20213134,2026-03-22T13:13:35.000,MED,N,B,M,33.0,DE,N,N,130.25,N
20245230,2025-08-08T23:08:00.000,MIN,N,B,F,33.0,DE,N,N,110-125.25,N
20182433,2026-06-17T17:17:33.000,MIN,Y,B,M,33.0,DE,N,N,110-120.07,N
20201402,2024-06-05T00:19:44.000,MIN,N,O,M,31.0,DE,N,N,110-125.25,N
20246521,2026-08-25T12:51:20.000,MIN,Y,A,M,25.0,DE,N,N,160.15,N
20133443,2026-06-09T12:06:41.000,MED,Y,B,M,48.0,DE,N,N,130.35,N
155487,2026-07-29T13:46:11.000,MIN,Y,B,M,53.0,CS,N,N,220.03,N
20252009,2026-07-27T16:38:39.000,MIN,Y,B,M,19.0,CS,N,N,265.03,N
20021940,2024-01-03T20:17:33.000,MED,Y,O,M,46.0,DE,N,N,120.10,Y
20112494,2026-05-25T11:39:03.000,MAX,Y,O,M,33.0,DE,N,N,160.15,Y
20240457,2024-12-11T14:29:44.000,MED,N,B,M,50.0,DE,N,N,110-125.25,Y
20249892,2026-04-11T13:05:28.000,MIN,Y,O,M,49.0,DE,N,N,215.57,N
20202772,2026-08-20T20:43:28.000,MED,Y,O,M,27.0,DE,N,N,120.05,N
20071418,2026-05-20T15:58:20.000,MED,Y,B,M,32.0,DE,N,Y,265.03,Y
20247345,2025-11-19T17:15:31.000,MIN,Y,A,F,55.0,DE,N,N,155.42,N
20172322,2026-08-20T15:43:00.000,MIN,N,B,M,26.0,DE,N,N,160.15,N
20211583,2024-11-12T23:59:05.000,MED,Y,B,M,50.0,DE,N,N,125.25,Y
20143938,2025-06-02T12:33:34.000,MIN,Y,B,M,37.0,DE,N,N,110-125.25,N
20249841,2026-04-09T14:48:34.000,MED,Y,B,M,21.0,DE,N,Y,125.25,Y
20240237,2026-08-05T10:56:16.000,MED,Y,B,M,20.0,DE,N,Y,105.15,N
20211428,2025-12-12T16:58:52.000,MED,Y,O,F,56.0,DE,N,N,125.25,N
38837,2026-07-09T19:10:50.000,MED,Y,A,M,66.0,DE,N,N,VOP,N
20246489,2026-02-18T18:22:17.000,MIN,N,O,M,26.0,DE,N,N,,N
20242547,2025-04-03T00:03:29.000,MED,Y,O,M,50.0,DE,N,N,110-120.10,N
20218702,2025-08-21T15:55:08.000,MED,Y,O,M,30.0,DE,N,N,110-125.25,Y
20208896,2026-05-28T11:45:16.000,MIN,Y,W,M,30.0,DE,N,N,165.50,N
20249065,2026-02-28T14:40:43.000,MED,Y,O,M,21.0,DE,N,Y,125.25,Y
20132201,2026-08-15T12:56:58.000,MAX,N,B,M,29.0,CS,N,Y,,N
20083599,2026-06-14T13:34:27.000,MIN,Y,A,M,60.0,DE,N,N,265.03,N
20136790,2026-02-16T17:26:53.000,MAX,Y,O,M,28.0,DE,N,Y,110-125.25,Y
20098972,2025-11-05T10:27:38.000,MED,Y,W,M,42.0,DEP,N,N,VOP,N
20247483,2025-11-25T21:13:28.000,MED,Y,O,M,60.0,DE,N,N,130.35,N
20152391,2026-02-09T15:04:30.000,MAX,Y,B,M,29.0,DE,N,Y,110-125.25,Y
20249852,2026-08-19T01:21:16.000,MED,Y,B,M,44.0,DE,N,N,215.50,N
20152785,2025-02-11T17:52:16.000,MED,Y,O,M,38.0,DE,N,N,215.51,Y
20064203,2026-08-06T20:19:26.000,MIN,N,B,M,38.0,DE,N,N,265.03,N
20098647,2025-07-29T11:52:00.000,MED,Y,B,M,32.0,DE,N,Y,140.25,Y
20027514,2026-06-29T00:47:08.000,MIN,Y,B,M,69.0,DE,N,N,140.20,N
20056512,2026-01-31T12:26:59.000,MED,Y,O,M,38.0,DE,N,N,130.95,N
20069508,2024-05-03T16:33:49.000,MIN,N,O,M,43.0,DE,N,N,265.02,Y
20252135,2026-08-04T11:46:44.000,MIN,Y,B,M,25.0,DE,N,N,110-120.10,N
20138689,2026-01-22T12:58:04.000,MED,Y,B,M,28.0,CS,N,Y,155.25,Y
20067774,2026-07-23T17:04:10.000,MAX,Y,O,M,35.0,DE,N,Y,130.53,N
20241733,2026-07-31T11:52:00.000,MED,N,O,M,27.0,DE,N,N,140.25,N
69273,2026-04-16T17:39:50.000,MIN,N,W,M,62.0,DE,N,N,140.20,N
20130686,2026-05-06T16:03:37.000,MIN,Y,O,M,28.0,DE,N,N,110-160.10,N
20151639,2026-06-09T15:49:54.000,MIN,N,O,M,38.0,DE,N,N,140.20,N
20120369,2026-05-02T12:16:00.000,MAX,Y,B,M,31.0,DE,N,Y,110-160.10,Y
20249303,2026-03-12T12:31:12.000,MIN,N,O,M,42.0,DE,N,N,160.15,N
20242995,2026-05-13T12:44:32.000,MIN,Y,B,M,24.0,DE,N,N,140.25,N
20062526,2026-07-10T00:45:51.000,MED,Y,B,M,50.0,DE,N,N,168-T(2),N
20251760,2026-07-13T17:13:58.000,MIN,N,B,M,31.0,DE,N,N,265.03,N
101490,2024-07-19T21:10:05.000,MED,N,B,M,38.0,DE,N,N,125.25,N
20101938,2025-04-16T00:52:22.000,MED,Y,B,M,58.0,DE,N,N,160.15,Y
12215,2026-04-10T19:03:02.000,MIN,N,B,M,37.0,DE,N,N,265.03,N
20050250,2026-01-24T22:21:42.000,MED,Y,B,M,38.0,DEP,N,N,140.25,N
20246213,2026-04-25T00:35:57.000,MIN,N,O,M,44.0,CS,N,N,155.30,N
20220860,2025-08-14T16:25:41.000,MAX,Y,B,M,23.0,DE,N,Y,160.15,Y
20201496,2026-07-27T00:19:20.000,MED,Y,O,M,38.0,DE,N,N,265.02,N
20251313,2026-06-19T19:47:37.000,MIN,N,W,M,52.0,DE,N,N,150.15,N
20241819,2026-05-15T16:45:20.000,MIN,N,B,M,23.0,DE,N,N,155.30,N
20216754,2025-03-19T16:38:04.000,MAX,Y,B,M,25.0,DE,N,Y,105.17,Y
20163746,2026-01-22T16:59:25.000,MED,Y,B,M,30.0,DE,N,Y,265.03,N
20248276,2026-01-13T22:35:00.000,MIN,N,B,M,36.0,DE,N,N,110-120.10,N
20249199,2026-05-21T20:23:57.000,MIN,Y,O,M,32.0,DE,N,N,155.40,N
20250724,2026-05-20T12:44:00.000,MIN,Y,W,M,71.0,DE,N,N,120.05,N
20232297,2025-07-08T11:40:28.000,MED,Y,B,M,27.0,DE,N,N,110-125.25,N
20195088,2025-07-11T01:01:38.000,MED,Y,O,M,35.0,DE,N,N,155.30,N
20248230,2026-07-28T11:59:55.000,MIN,N,O,M,45.0,CS,N,N,,N
20208405,2026-04-25T12:04:00.000,MIN,N,B,M,32.0,DE,N,N,110-125.25,Y
76930,2025-10-17T12:42:00.000,MIN,Y,B,M,49.0,DE,N,N,160.15,N
20245478,2025-08-21T10:52:29.000,MAX,Y,B,M,27.0,DE,N,N,160.15,Y
20250788,2026-05-24T12:48:35.000,MED,Y,O,M,45.0,DE,N,N,110-140.25,Y
169981,2026-08-28T18:04:12.000,MIN,N,B,M,45.0,DE,N,N,220.21,N
20252644,2026-08-28T17:48:30.000,MED,N,B,M,27.0,DE,N,N,120.10,N
20236082,2026-03-28T12:00:11.000,MIN,Y,B,M,48.0,DE,N,N,160.10,Y
133606,2026-08-07T13:07:07.000,MED,Y,B,M,55.0,CS,N,N,155.25,N
143493,2026-06-11T01:11:51.000,MED,N,B,M,35.0,DE,N,Y,160.10,Y
20240078,2024-11-21T23:28:46.000,MIN,N,B,M,70.0,DE,N,N,120.10,N
20223528,2026-08-17T16:04:00.000,MED,Y,B,M,30.0,DE,N,N,120.00,N
20252649,2026-08-29T01:14:00.000,MED,N,O,M,38.0,DE,N,N,130.65,N
20197026,2025-10-09T01:06:39.000,MAX,Y,B,M,32.0,DE,N,N,170.25,Y
20229113,2026-08-26T15:48:19.000,MIN,N,O,M,32.0,CS,N,N,220.16,N
161478,2025-04-18T20:14:25.000,MED,N,O,M,36.0,DE,N,N,165.52,Y
27933,2026-07-04T16:18:39.000,MIN,Y,B,M,55.0,DE,N,N,140.25,N
20222447,2023-01-04T00:25:00.000,MED,Y,W,F,25.0,DE,N,N,125.25,Y
110928,2025-03-25T01:19:53.000,MAX,Y,O,M,41.0,DE,N,Y,120.05,Y
20049122,2026-06-26T12:22:27.000,MAX,Y,W,F,35.0,DE,N,N,220.16,Y
20247562,2026-08-16T12:47:18.000,MIN,Y,W,F,49.0,DE,N,N,FOA 900.00,N
20247624,2025-12-04T23:44:00.000,MIN,N,W,M,23.0,DE,N,N,155.42,Y
3425,2026-03-24T20:23:00.000,MAX,Y,B,M,46.0,DE,N,N,160.05,Y
20239852,2024-11-12T16:44:43.000,MAX,Y,B,M,35.0,DE,N,N,125.25,Y
20239248,2024-10-11T12:22:00.000,MAX,N,B,M,31.0,DE,N,N,125.25,Y
20245360,2025-12-16T14:04:12.000,MAX,N,O,M,20.0,DE,N,N,220.16,Y
20252526,2026-08-21T18:19:38.000,MED,N,B,M,20.0,DE,N,N,110-125.25,N
20246508,2026-06-11T20:46:31.000,MED,Y,B,M,19.0,CS,N,N,160.15,Y
20045033,2023-04-20T21:42:00.000,MAX,Y,B,M,33.0,DE,N,Y,110-125.25,Y
20224607,2023-05-12T12:33:13.000,MED,Y,O,M,22.0,DE,N,N,125.25,Y
114652,2026-04-03T13:09:07.000,MAX,Y,B,M,48.0,DE,N,N,120.10,Y
20246656,2026-06-23T16:14:57.000,MED,Y,B,F,29.0,DE,N,N,120.05,Y
20249721,2026-04-03T20:55:12.000,MIN,N,B,M,19.0,DE,N,Y,110-125.25,Y
20153243,2026-04-08T17:36:38.000,MED,Y,O,M,33.0,CS,N,N,,Y
20197989,2025-02-19T14:57:39.000,MED,N,B,M,48.0,DE,N,N,125.25,Y
20142881,2026-06-25T22:46:39.000,MAX,N,B,M,28.0,DE,N,Y,120.10,Y
20252405,2026-08-16T13:01:48.000,MED,N,B,M,29.0,DE,N,N,121.12,N
18404,2021-05-18T20:24:00.000,MED,Y,B,M,55.0,DE,N,Y,125.25,Y
74680,2025-06-09T18:48:53.000,MED,N,B,M,43.0,DE,N,N,110-125.25,Y
20247276,2025-11-15T16:12:07.000,MAX,N,B,M,19.0,DE,N,Y,110-120.07,Y
20231257,2026-02-27T01:17:20.000,MAX,Y,B,M,21.0,DE,N,Y,265.03,N
20156232,2026-07-15T15:55:29.000,MIN,Y,O,M,48.0,DE,N,N,140.20,N
20159536,2026-05-08T14:20:26.000,MED,N,B,M,33.0,DE,N,Y,110-125.25,N
3821,2026-08-14T16:26:33.000,MED,N,B,M,46.0,DE,N,N,110-125.25,N
20120147,2025-01-23T17:03:00.000,MAX,Y,B,M,34.0,DE,N,Y,125.25,Y
20039535,2026-05-26T12:15:27.000,MIN,N,B,M,34.0,CS,N,N,,N
20251395,2026-08-19T21:23:21.000,MIN,Y,A,M,21.0,DE,N,N,215.50,N
78395,2026-03-12T22:22:00.000,MED,Y,B,M,41.0,DE,N,N,110-125.25,Y
48609,2026-01-31T12:00:00.000,MIN,Y,B,M,37.0,DE,N,N,140.25,Y
104514,2026-03-04T16:39:29.000,MIN,N,B,M,55.0,CS,N,N,215.55,N
27001,2025-09-30T11:00:28.000,MIN,Y,O,M,52.0,DE,N,N,110-125.25,N
20241901,2025-11-09T01:15:59.000,MIN,N,O,M,31.0,CS,N,N,,N
20245203,2025-08-07T17:52:14.000,MAX,Y,B,F,20.0,DE,N,N,120.10,Y
20241774,2026-08-12T16:51:19.000,MIN,Y,B,M,29.0,DE,N,N,245.00,N
20240023,2026-02-10T17:08:28.000,MIN,N,O,M,25.0,CS,N,N,160.05,Y
41386,2025-11-08T21:23:23.000,MED,Y,B,M,56.0,CS,N,N,145.00,N
20173802,2026-06-18T07:28:10.000,MIN,Y,B,M,35.0,DE,N,N,140.25,N
2230,2026-07-31T13:10:50.000,MIN,Y,B,M,63.0,DE,N,N,140.20,N
27875,2026-06-05T13:35:30.000,MIN,N,O,M,49.0,DE,N,N,VOP,N
20048366,2025-10-26T00:43:26.000,MAX,Y,B,M,37.0,DE,N,N,140.30,Y
20211047,2026-07-05T20:40:41.000,MAX,N,B,M,25.0,DE,N,Y,265.03,N
20224501,2026-02-01T11:23:00.000,MIN,Y,B,M,30.0,CS,N,N,140.20,Y
73563,2025-10-09T13:55:11.000,MIN,Y,B,M,66.0,DE,N,N,140.20,N
125564,2026-03-13T19:27:31.000,MIN,Y,O,M,45.0,CS,N,N,165.40,Y
20225931,2023-07-21T00:48:13.000,MED,Y,O,M,23.0,DE,N,Y,110-125.25,Y
57814,2026-08-28T12:43:40.000,MIN,N,W,M,44.0,DE,N,N,160.10,N
20252566,2026-08-24T16:18:51.000,MED,N,O,M,40.0,CS,N,N,,N
20190098,2026-03-30T17:04:59.000,MAX,Y,B,M,27.0,DE,N,N,140.20,Y
77228,2026-04-17T18:56:30.000,MAX,Y,B,M,38.0,DE,N,N,120.05,N
20215400,2026-05-17T01:04:00.000,MAX,N,B,M,23.0,DE,N,Y,120.07,N
20250132,2026-04-22T13:14:33.000,MIN,N,W,M,30.0,CS,N,N,120.05,N
85395,2026-06-20T16:24:34.000,MIN,Y,B,M,38.0,DE,N,N,140.25,N
20245275,2026-05-23T16:30:44.000,MAX,N,B,M,24.0,CS,N,Y,205.30,Y
20240018,2026-05-16T00:44:39.000,MIN,N,B,M,41.0,DE,N,N,265.02,N
20206963,2026-06-25T11:50:05.000,MIN,Y,B,M,27.0,DE,N,N,140.30,N
20048490,2026-07-22T01:02:08.000,MIN,N,A,M,32.0,DE,N,N,FOA 900.00,N
20219438,2026-08-20T11:20:45.000,MAX,Y,O,M,26.0,DNS,N,Y,140.20,N
20246227,2025-09-24T18:03:31.000,MED,Y,B,F,36.0,DE,N,N,110-125.25,Y
20250496,2026-05-10T12:58:24.000,MIN,Y,B,M,42.0,DE,N,N,110-140.25,N
20220661,2026-03-15T01:42:25.000,MAX,N,B,M,22.0,DE,N,Y,125.25,Y
20239435,2024-10-22T16:56:05.000,MIN,N,B,M,60.0,DE,N,N,155.42,N
20217535,2023-07-09T12:26:23.000,MAX,Y,O,M,24.0,DE,N,N,160.15,Y
20250130,2026-06-25T15:09:23.000,MED,N,B,M,19.0,DE,N,Y,105.15,Y
10007722,2026-08-25T14:48:37.000,MAX,Y,B,M,46.0,DEP,N,N,VOP,N
20148033,2026-05-28T16:14:41.000,MIN,N,B,M,68.0,DE,N,N,105.10,N
10004483,2026-01-05T19:46:26.000,MED,Y,B,M,43.0,DE,N,N,120.05,Y
77369,2026-04-03T18:47:06.000,MIN,Y,B,M,47.0,DE,N,N,120.05,Y
20239313,2026-08-17T11:57:25.000,MED,Y,B,M,56.0,DE,N,N,160.15,N
20251628,2026-07-06T12:09:30.000,MED,Y,B,M,21.0,DE,N,Y,110-125.25,Y
20251474,2026-06-28T11:45:43.000,MAX,Y,B,F,23.0,DE,N,N,160.10,Y
20241456,2025-02-04T12:47:10.000,MED,Y,W,M,35.0,DE,N,N,130.35,Y
20220024,2026-07-30T23:55:12.000,MAX,Y,O,M,22.0,DE,N,Y,265.03,N
20116540,2026-04-15T14:44:11.000,MED,Y,B,M,65.0,DE,N,N,160.15,N
20231477,2026-08-21T17:18:00.000,MED,N,B,M,21.0,DE,N,Y,160.10,N
20228284,2026-07-01T12:27:25.000,MAX,Y,W,F,37.0,DE,N,N,150.15,N
20216763,2026-03-05T14:07:08.000,MAX,Y,B,M,24.0,DE,N,Y,110-125.25,Y
20241004,2026-04-08T21:11:05.000,MIN,N,A,M,33.0,CS,N,N,120.14,N
20245157,2025-08-05T20:30:24.000,MED,N,O,M,36.0,DE,N,N,125.25,N
42117,2026-08-18T00:20:17.000,MIN,N,O,M,63.0,DE,N,N,140.35,N
20241068,2025-01-15T15:48:14.000,MED,Y,O,M,28.0,DE,N,N,125.25,Y
20121357,2025-11-06T01:18:00.000,MIN,Y,O,M,32.0,DE,N,N,490.20,N
10011917,2026-03-05T15:16:34.000,MED,N,B,M,47.0,DE,N,N,125.25,N
20248639,2026-06-13T15:40:13.000,MED,N,B,M,18.0,DE,N,Y,105.15,N
20241598,2026-08-19T15:39:15.000,MAX,N,B,M,22.0,DE,N,Y,110-125.25,N
27488,2026-07-14T18:24:45.000,MAX,Y,O,M,60.0,DEP,N,N,VOP,N
20251883,2026-07-19T01:34:39.000,,N,,,,DE,N,N,,N
20123094,2026-08-20T01:25:55.000,MIN,Y,O,M,69.0,DE,N,N,140.20,N
91885,2023-11-10T21:01:35.000,MED,Y,B,M,39.0,DE,N,Y,265.03,Y
111005,2026-03-12T12:10:35.000,MIN,N,B,M,53.0,DE,N,N,155.35,N
21765,2026-05-20T23:55:18.000,MIN,N,O,M,60.0,DE,N,N,220.39,N
20209403,2026-05-21T19:19:11.000,MAX,Y,O,M,25.0,DEP,N,Y,160.15,N
20252471,2026-08-19T20:16:00.000,MED,N,O,M,22.0,DE,N,N,215.51,N
20250650,2026-05-16T19:18:57.000,MIN,Y,B,M,31.0,DE,N,N,120.05,N
20238866,2026-08-30T00:47:00.000,MIN,Y,B,M,26.0,DE,N,N,155.30,N
20242314,2025-03-21T17:14:00.000,MED,N,A,M,36.0,DE,N,N,130.35,N
20243109,2025-04-30T14:27:19.000,MED,N,O,M,19.0,DE,N,Y,110-125.25,Y
20213008,2026-07-10T21:39:04.000,MED,Y,B,M,34.0,DEP,N,N,120.00,N
20240405,2024-12-08T20:16:51.000,MED,N,B,M,41.0,DE,N,N,110-125.25,Y
125428,2026-05-12T10:44:11.000,MAX,Y,B,M,54.0,DE,N,N,160.15,N
20251595,2026-07-04T17:34:14.000,MED,N,O,M,27.0,DE,N,N,1192(2)-A,N
20218085,2025-05-22T09:41:38.000,MIN,Y,B,F,43.0,DE,N,N,120.10,N
20042614,2025-07-10T16:32:49.000,MAX,N,,,32.0,DE,N,Y,110-125.25,Y
20251561,2026-07-02T20:43:31.000,MED,Y,B,M,18.0,DE,N,Y,110-125.25,N
20251239,2026-06-16T12:09:05.000,MED,Y,O,M,21.0,DE,N,N,110-125.25,N
20252527,2026-08-21T20:32:42.000,MED,N,B,M,18.0,DE,N,N,FOA 900.00,N
20226417,2026-05-03T23:17:05.000,MAX,Y,B,M,25.0,DE,N,N,130.50,Y
20244912,2025-07-23T23:27:00.000,MED,N,B,M,28.0,DE,N,N,130.35,Y
20165981,2026-01-16T17:03:41.000,MAX,N,B,M,30.0,DE,N,Y,110-120.10,Y
20241942,2025-03-05T15:59:25.000,MED,N,B,M,22.0,DE,N,Y,125.25,Y
20154738,2026-05-02T11:20:18.000,MIN,N,B,M,31.0,DE,N,N,220.16,Y
20225803,2024-07-17T12:47:03.000,MED,Y,O,M,51.0,DE,N,N,125.25,Y
20177379,2025-05-10T09:37:18.000,MAX,Y,B,M,27.0,DE,N,Y,265.03,Y
20132716,2025-12-04T13:35:00.000,MED,Y,B,M,34.0,DE,N,N,125.25,N
20191402,2026-07-26T12:57:48.000,MAX,Y,B,F,35.0,DE,N,N,140.25,Y
20154703,2024-06-20T18:45:21.000,MAX,Y,O,M,29.0,DE,N,Y,125.25,Y
20248163,2026-02-10T15:27:11.000,MIN,N,O,M,21.0,CS,N,N,120.10,Y
20053986,2026-07-25T00:36:20.000,MAX,Y,B,M,33.0,DEP,N,N,VOP,Y
20241321,2026-02-17T14:23:46.000,MAX,Y,B,M,28.0,DE,N,N,120.10,Y
20244670,2026-05-23T11:34:16.000,MIN,N,B,M,37.0,DE,N,N,120.05,N
20005525,2025-04-10T23:25:56.000,MED,Y,O,M,43.0,DE,N,Y,125.25,Y
80435,2026-06-13T23:12:00.000,MED,Y,B,M,64.0,DE,N,N,130.35,N
20017598,2026-08-09T13:33:58.000,MED,Y,O,F,36.0,DE,N,N,110-125.25,N
20244004,2025-06-10T12:16:00.000,MIN,Y,B,M,56.0,DE,N,N,150.15,Y
20227759,2023-10-31T20:58:12.000,MED,Y,B,M,51.0,DE,N,N,125.25,N
20231044,2026-06-22T20:39:01.000,MIN,Y,B,M,40.0,CS,N,N,,N
20250706,2026-05-19T12:14:33.000,MIN,N,B,M,24.0,CS,N,N,220.16,N
20227805,2024-09-06T18:34:56.000,MED,Y,B,M,22.0,DE,N,Y,105.15,Y
20216535,2025-12-01T11:59:57.000,MED,Y,B,M,30.0,DE,N,N,120.05,Y
11618,2026-01-21T17:52:47.000,MIN,Y,O,M,65.0,CS,N,N,155.25,N
20083221,2023-02-28T16:43:36.000,MED,Y,O,M,50.0,DE,N,N,125.25,N
20176894,2026-01-31T11:17:00.000,MED,Y,W,M,33.0,DE,N,N,160.10,N
20249482,2026-03-21T01:14:02.000,MED,Y,B,M,22.0,DE,N,N,120.10,N
10004843,2026-01-27T17:00:18.000,MIN,Y,O,F,46.0,DE,N,N,215.51,Y
20179064,2025-07-21T00:33:44.000,MIN,Y,B,F,32.0,DE,N,N,110-125.25,Y
20028820,2026-08-16T12:00:18.000,MED,N,B,M,36.0,DE,N,N,110-120.05,N
20058405,2025-11-19T20:19:22.000,MED,Y,O,M,32.0,DE,N,N,140.25,N
159642,2025-10-24T16:07:11.000,MED,Y,O,M,68.0,DE,N,N,125.25,Y
18388,2026-01-05T11:32:37.000,MIN,Y,O,M,52.0,DE,N,N,215.51,N
20245476,2025-08-21T00:16:00.000,MIN,N,O,M,38.0,DE,N,N,110-125.25,N
20241658,2025-02-15T23:45:00.000,MED,Y,A,M,59.0,DE,N,N,135.25,N
20251823,2026-07-16T16:56:42.000,MIN,N,O,F,40.0,CS,N,N,215.55,N
20109905,2025-08-10T20:15:09.000,MAX,Y,B,M,40.0,DE,N,N,110-160.15,Y
51008,2026-07-29T01:06:17.000,MAX,Y,W,F,37.0,DE,N,N,160.15,N
10008640,2024-11-27T15:37:34.000,MAX,N,B,M,36.0,DE,N,N,130.35,Y
20249941,2026-04-14T12:15:12.000,MIN,N,O,M,19.0,DE,N,N,160.15,N
20249932,2026-04-13T16:31:00.000,MED,Y,O,M,51.0,DE,N,N,130.35,Y
20197559,2021-03-09T23:41:21.000,MED,N,B,M,24.0,DE,N,N,120.10,Y
20251854,2026-07-17T16:35:00.000,MAX,Y,B,M,27.0,DE,N,N,110-125.25,Y
20165190,2026-08-19T15:35:53.000,MED,N,O,M,27.0,DE,N,N,220.43,N
20185321,2026-08-17T07:57:55.000,MED,Y,B,M,56.0,DEP,N,N,VOP,N
20250314,2026-08-06T00:44:00.000,MED,N,B,M,22.0,DE,N,N,120.05,N
24132,2026-06-03T00:31:01.000,MED,N,B,M,62.0,DEP,N,N,140.25,N
20239615,2026-08-14T18:41:46.000,MIN,N,B,M,61.0,DE,N,N,155.25,N
20135429,2026-08-28T12:56:58.000,MIN,Y,B,M,33.0,DE,N,N,215.52,N
20205298,2026-08-22T09:57:21.000,MIN,Y,B,M,41.0,CS,N,N,155.25,N
20242040,2025-05-18T11:35:38.000,MIN,N,B,M,19.0,DE,N,Y,110-125.27,N
20250477,2026-05-09T12:45:38.000,MED,Y,B,M,32.0,DE,N,N,125.25,Y
20145760,2026-03-30T17:30:41.000,MED,N,O,M,55.0,DE,N,N,130.65,N
2887,2026-05-19T12:05:49.000,MIN,Y,B,M,63.0,CS,N,N,155.25,N
21644,2026-09-01T00:36:39.000,,N,B,M,64.0,DE,N,N,160.10,N
20251478,2026-06-28T16:40:20.000,MIN,N,B,M,20.0,DE,N,Y,110-125.25,N
38239,2026-04-30T00:23:00.000,MIN,N,B,M,58.0,DE,N,N,160.10,N
20213666,2026-08-15T13:24:14.000,MED,Y,B,M,24.0,DE,N,N,130.35,N
20028446,2026-08-31T23:40:43.000,,N,B,M,34.0,DE,N,Y,120.06,N
20243521,2025-05-17T12:38:09.000,MAX,Y,O,M,24.0,DE,N,Y,160.15,Y
20231999,2026-07-29T16:39:59.000,MED,Y,O,M,42.0,DE,N,N,235.22,N
20231890,2025-05-09T23:46:00.000,MIN,Y,B,M,21.0,DE,N,Y,110-125.25,Y
20249978,2026-08-04T11:56:19.000,MED,Y,W,M,20.0,DE,N,N,215.52,N
20050243,2025-06-25T22:52:00.000,MIN,Y,O,M,54.0,DE,N,N,140.20,N
10005559,2026-01-11T11:32:21.000,MIN,Y,B,M,51.0,DE,N,N,120.10,N
20212432,2025-04-28T17:38:37.000,MED,N,B,M,24.0,DE,N,N,125.25,Y
93191,2026-02-24T23:18:04.000,MED,Y,O,M,41.0,CSP,N,N,VOP,N
20230013,2026-02-25T13:40:59.000,MIN,N,B,M,40.0,CS,N,N,105.10,N
20217486,2023-09-03T21:14:42.000,MED,Y,A,M,26.0,DE,N,Y,125.25,Y
20249147,2026-03-04T20:47:47.000,MED,Y,W,M,49.0,DE,N,N,125.25,N
45065,2026-04-10T19:16:19.000,MED,N,O,M,37.0,DE,N,Y,140.25,N
30217,2026-06-11T19:49:35.000,MAX,Y,W,M,39.0,DE,N,Y,140.25,N
93295,2024-02-08T01:03:03.000,MAX,N,B,M,40.0,DE,N,N,125.25,Y
20061291,2026-05-28T22:40:51.000,MAX,Y,W,M,32.0,DE,N,N,215.51,Y
128938,2023-12-06T04:19:23.000,MED,Y,B,M,44.0,DE,N,N,160.10,Y
87344,2025-04-06T01:00:58.000,MED,Y,B,M,56.0,DE,N,N,160.15,Y
20247630,2026-07-17T10:58:35.000,MIN,Y,O,M,32.0,DE,N,N,140.25,N
20224766,2025-08-15T01:55:43.000,MED,N,B,M,25.0,CS,N,N,,Y
20243232,2026-02-26T17:11:16.000,MIN,Y,B,M,20.0,DE,N,Y,110-125.25,Y
20222492,2023-01-28T13:20:39.000,MAX,Y,B,M,22.0,DE,N,N,125.25,Y
20241759,2026-05-10T20:17:00.000,MAX,Y,W,M,38.0,DE,N,N,130.35,Y
20242997,2026-07-26T16:15:30.000,MIN,N,O,M,46.0,DE,N,N,215.51,N
51633,2026-06-26T13:06:04.000,MIN,N,B,M,49.0,CS,N,N,,N
20227206,2026-07-16T13:43:08.000,MAX,N,B,M,23.0,DE,N,Y,105.15,Y
20252190,2026-08-06T13:11:35.000,MED,Y,B,M,20.0,DE,N,N,120.07,N
20242610,2026-03-09T11:27:17.000,MIN,Y,B,M,45.0,DE,N,N,110-125.25,N
10008324,2026-07-29T11:32:00.000,MED,Y,W,M,57.0,CS,N,N,,N
45708,2026-07-30T00:30:26.000,MAX,Y,W,M,41.0,DE,N,N,140.25,N
20250709,2026-05-19T14:18:56.000,MED,Y,B,M,21.0,DE,N,Y,110-125.25,Y
20127575,2025-01-28T15:46:33.000,MAX,Y,B,M,33.0,DE,N,Y,140.30,Y
20218847,2022-05-25T15:14:52.000,MAX,Y,B,M,31.0,DE,N,Y,125.25,Y
20223743,2026-08-12T16:06:02.000,MED,Y,B,F,28.0,DE,N,N,125.25,N
20230297,2024-03-21T12:48:01.000,MED,Y,O,M,32.0,DE,N,N,265.03,Y
20200753,2026-08-06T12:51:06.000,MED,Y,O,M,46.0,DE,N,N,125.25,N
20117871,2025-08-15T12:56:53.000,MAX,Y,B,F,31.0,DE,N,Y,160.10,Y
43691,2026-06-17T13:11:06.000,MIN,Y,B,M,63.0,DE,N,N,140.20,N
20249022,2026-02-26T17:32:00.000,MIN,Y,B,M,19.0,DE,N,Y,160.15,Y
20118596,2026-05-10T19:32:19.000,MED,Y,B,M,35.0,CS,N,N,,Y
20249895,2026-04-11T16:12:18.000,MIN,Y,B,F,24.0,DE,N,N,265.03,N
20244421,2025-07-01T19:59:29.000,MED,Y,A,M,25.0,DE,N,N,121.12,Y
20248764,2026-02-11T15:50:07.000,MED,Y,B,F,28.0,DE,N,N,125.20,Y
25159,2026-07-15T12:52:32.000,MIN,Y,W,F,47.0,CS,N,N,160.05,N
20126057,2026-07-15T16:54:34.000,MED,Y,O,M,35.0,DE,N,N,155.35,N
20215832,2025-12-12T17:07:42.000,MAX,Y,B,M,23.0,DE,N,Y,105.15,Y
107783,2026-07-20T00:06:00.000,MAX,Y,B,M,37.0,DEP,N,Y,220.16,N
20252639,2026-08-28T17:13:32.000,MED,N,B,M,18.0,DE,N,N,FOA 900.00,N
20228547,2023-12-13T12:18:09.000,MED,N,B,M,28.0,DE,N,N,125.25,N
90617,2025-11-13T15:20:45.000,MED,Y,B,M,36.0,DE,N,N,130.53,N
20250152,2026-04-23T11:26:28.000,MIN,N,B,M,36.0,DE,N,N,160.15,N
20222489,2026-06-10T17:44:49.000,MED,Y,B,M,21.0,DE,N,Y,105.15,N
131220,2023-09-20T12:36:20.000,MED,Y,B,M,43.0,DE,N,Y,125.25,Y
20246551,2026-07-23T21:02:24.000,MIN,N,O,M,46.0,DE,N,N,265.03,N
20191496,2025-11-28T16:01:06.000,MAX,Y,B,M,25.0,DE,N,Y,105.15,Y
20251902,2026-07-20T12:37:00.000,MED,Y,B,F,30.0,DE,N,N,265.03,N
20251669,2026-07-08T20:48:52.000,MED,N,B,M,63.0,DE,N,N,130.35,N
20218063,2026-06-17T14:56:32.000,MIN,Y,B,M,46.0,DE,N,N,265.03,N
20250678,2026-05-18T00:25:55.000,MIN,Y,O,M,48.0,CS,N,N,155.25,N
20029885,2024-10-06T20:31:37.000,MED,N,B,M,35.0,DE,N,N,110-125.25,Y
20249678,2026-04-01T14:07:52.000,MIN,Y,B,M,38.0,DE,N,N,140.25,N
20243703,2025-05-26T16:57:52.000,MED,Y,B,M,24.0,DE,N,N,110-125.25,Y
156253,2025-03-12T01:17:11.000,MED,Y,B,M,34.0,DE,N,Y,140.30,Y
20251293,2026-06-18T18:43:27.000,MIN,Y,B,F,24.0,DE,N,N,110-120.00,N
20192812,2026-07-20T17:17:18.000,MIN,Y,B,M,30.0,DE,N,N,160.10,N
16823,2026-08-06T20:42:55.000,MIN,N,W,M,59.0,DE,N,N,155.30,N
20052356,2026-07-13T11:49:45.000,MAX,Y,B,M,36.0,DE,N,N,120.10,N
20246618,2026-08-11T20:00:48.000,MAX,N,W,M,22.0,DE,N,N,155.30,N
28570,2026-08-08T18:49:57.000,MED,N,B,M,39.0,DE,N,N,140.30,N
20023395,2025-06-20T20:13:52.000,MED,N,W,M,48.0,DE,N,N,220.16,Y
20248184,2026-01-09T00:06:22.000,MED,Y,O,M,23.0,DE,N,N,110-125.25,N
20232188,2024-06-23T00:46:26.000,MED,Y,O,M,30.0,DE,N,N,125.25,N
20241596,2025-02-12T19:25:00.000,MED,Y,B,M,28.0,DE,N,N,125.25,Y
20161833,2025-11-05T22:57:00.000,MAX,Y,A,M,26.0,DEP,N,Y,165.52,Y
20224230,2026-08-06T18:28:48.000,MAX,N,B,M,21.0,DE,N,Y,105.15,N
20251842,2026-07-17T01:04:34.000,MED,N,O,M,22.0,DE,N,N,160.15,N
10014689,2026-06-19T12:11:37.000,MED,Y,B,M,39.0,DE,N,N,110-130.35,N
20190244,2024-10-13T00:57:18.000,MIN,N,O,M,48.0,DE,N,N,110-125.25,N
20088572,2026-07-04T19:59:24.000,MAX,Y,B,M,33.0,CS,N,N,,N
20101579,2026-05-31T15:34:09.000,MAX,Y,B,M,47.0,DE,N,N,110-125.25,Y
113756,2026-05-11T14:32:43.000,MAX,Y,B,M,35.0,DE,N,N,110-130.35,Y
137651,2025-02-04T15:17:21.000,MED,Y,O,F,38.0,DE,N,N,140.25,Y
20252480,2026-08-20T11:23:21.000,MIN,N,O,M,40.0,DE,N,N,110-120.10,N
20073120,2026-07-20T12:00:57.000,MAX,N,B,M,32.0,CSP,N,Y,155.25,N
20252631,2026-08-28T12:13:41.000,MIN,N,B,M,41.0,DE,N,N,220.21,N
11326,2025-11-01T20:02:00.000,MAX,Y,B,M,57.0,DE,N,N,160.15,N
20249330,2026-03-13T16:15:00.000,MED,Y,B,M,30.0,DE,N,N,110-130.35,N
148454,2026-08-20T17:35:37.000,MAX,Y,W,M,38.0,DEP,N,Y,215.52,N
136653,2026-07-03T12:01:08.000,MED,N,O,M,62.0,DE,N,N,FOA 900.00,N
20240752,2026-07-06T11:55:20.000,MAX,Y,O,M,23.0,DE,N,Y,160.15,Y
20229739,2026-07-28T00:35:22.000,MAX,Y,O,M,22.0,DE,N,N,160.10,N
20251824,2026-07-16T17:21:41.000,MED,N,O,M,28.0,DE,N,N,125.25,N
109359,2026-07-13T20:07:27.000,MAX,Y,O,M,45.0,DE,N,N,155.30,N
146245,2026-02-16T15:48:18.000,MIN,Y,B,M,55.0,DEP,N,N,160.10,N
20245285,2026-01-23T00:23:48.000,MIN,N,O,M,19.0,DE,N,N,160.15,Y
106701,2026-08-10T00:04:18.000,MED,Y,B,M,47.0,DE,N,Y,140.20,N
20251046,2026-06-05T22:51:00.000,MIN,N,B,M,33.0,DE,N,N,110-125.25,N
20251958,2026-07-24T00:22:39.000,MIN,Y,W,F,42.0,DE,N,N,220.03,N
20164742,2026-07-14T14:20:03.000,MED,Y,B,M,41.0,CS,N,N,215.15,N
10007687,2026-05-12T10:23:05.000,MIN,Y,O,M,51.0,DE,N,N,160.05,N
20249469,2026-03-20T10:34:50.000,MED,N,B,M,56.0,DE,N,N,220.09,N
3849,2026-08-31T11:16:00.000,MED,N,W,M,53.0,DE,N,N,140.20,N
20216890,2021-12-29T01:09:45.000,MED,Y,O,M,36.0,DE,N,Y,125.25,Y
20241329,2026-04-06T12:25:30.000,MAX,Y,B,M,25.0,DE,N,Y,150.15,N
20198794,2026-01-11T20:36:00.000,MAX,Y,O,M,32.0,DE,N,N,160.10,Y
20246244,2026-01-07T16:11:50.000,MED,N,O,M,21.0,DE,N,Y,160.10,Y
20239803,2026-05-29T19:35:15.000,MED,N,B,M,19.0,DE,N,Y,220.16,Y
20250499,2026-05-10T16:26:13.000,MAX,Y,B,M,28.0,DE,N,N,125.25,Y
20852,2026-08-28T17:17:00.000,MIN,Y,W,M,56.0,DE,N,N,165.10,N
20242124,2026-04-17T01:42:47.000,MED,Y,O,M,27.0,DE,N,N,140.20,Y
20222925,2023-02-03T00:25:01.000,MED,Y,W,M,24.0,DE,N,N,130.50,Y
20063536,2026-08-13T14:44:49.000,MIN,Y,B,M,42.0,DE,N,N,,N
20244715,2025-07-14T23:26:18.000,MAX,Y,O,M,21.0,DE,N,N,110-125.25,Y
20024579,2026-06-12T15:44:00.000,MIN,N,W,M,40.0,DE,N,N,155.35,N
20098231,2026-02-03T12:09:51.000,MAX,Y,B,M,30.0,DE,N,Y,110-120.07,Y
20251322,2026-06-24T16:45:00.000,MED,Y,B,M,22.0,DE,N,N,110-125.25,N
20252156,2026-08-05T13:13:01.000,MED,Y,B,M,18.0,DE,N,Y,110-125.25,Y
20251822,2026-07-16T16:24:34.000,MIN,N,O,M,34.0,DE,N,N,110-125.25,N
20011973,2025-08-03T00:45:25.000,MIN,Y,B,M,44.0,DNS,N,Y,,Y
63942,2025-04-19T12:12:36.000,MED,N,B,M,52.0,DE,N,N,150.15,Y
20248786,2026-02-12T20:35:00.000,MED,N,O,M,28.0,DE,N,N,130.35,N
20184498,2026-06-30T13:21:52.000,MED,Y,I,M,27.0,DE,N,N,,Y
20240593,2025-08-14T17:56:17.000,MAX,Y,B,M,33.0,DE,N,N,130.95,Y
20225615,2026-03-24T17:10:16.000,MED,Y,B,M,26.0,DE,N,N,265.03,N
20251050,2026-06-06T12:29:33.000,MIN,Y,A,F,46.0,DE,N,N,155.40,N
20232949,2024-07-30T12:50:00.000,MAX,Y,B,M,25.0,DE,N,Y,125.25,Y
20205994,2026-08-13T12:34:30.000,MED,N,W,M,34.0,DEP,N,N,VOP,N
20219912,2026-07-13T00:14:00.000,MAX,Y,M,M,23.0,DE,N,N,265.03,N
20251324,2026-06-20T11:45:00.000,MED,Y,B,M,26.0,DE,N,N,130.52,Y
20018274,2025-02-09T12:38:53.000,MED,Y,B,M,60.0,DE,N,N,125.25,Y
139766,2026-05-13T01:27:14.000,MIN,N,B,M,57.0,CS,N,N,,N
20250845,2026-05-27T17:43:18.000,MED,Y,B,F,29.0,DE,N,N,160.10,Y
20141965,2026-06-19T00:52:20.000,MIN,N,W,M,55.0,DE,N,N,155.25,N
20205310,2026-05-19T20:56:00.000,MED,Y,B,M,30.0,DE,N,N,130.25,N
20067837,2026-08-15T00:45:03.000,MAX,Y,B,M,32.0,CS,N,N,120.05,N
20243270,2026-08-01T18:55:53.000,MED,Y,O,M,21.0,DE,N,N,160.10,N
20251591,2026-07-04T11:02:34.000,MAX,N,B,M,40.0,DE,N,N,110-120.10,N
20169324,2025-05-14T10:52:33.000,MED,Y,B,M,32.0,DE,N,N,110-125.27,Y
107485,2026-03-03T16:26:00.000,MED,Y,W,M,65.0,CS,N,N,215.15,Y
20247968,2025-12-24T12:06:43.000,MED,Y,O,M,20.0,DE,N,Y,160.15,Y
20250339,2026-05-03T16:45:59.000,MIN,N,B,M,57.0,DE,N,N,120.10,N
20217711,2025-10-21T11:54:23.000,MAX,Y,B,M,23.0,DE,N,Y,160.10,Y
20247469,2025-11-25T15:38:10.000,MED,Y,B,M,38.0,DE,N,N,125.25,N
20190670,2026-06-25T01:16:37.000,MAX,Y,B,F,30.0,DE,N,N,160.15,Y
20238654,2026-03-11T13:50:01.000,MED,N,B,M,46.0,DE,N,N,130.96,N
20242658,2025-04-08T14:29:49.000,MED,N,O,M,48.0,DE,N,N,125.27,Y
20250577,2026-05-13T16:31:59.000,MED,N,O,M,26.0,DE,N,N,125.25,N
20216722,2024-09-16T17:35:33.000,MAX,Y,B,M,39.0,DEP,N,N,125.25,Y
20216101,2025-01-01T11:12:32.000,MAX,Y,B,M,23.0,DE,N,Y,125.25,Y
20071735,2026-07-05T12:16:22.000,MED,N,B,M,38.0,DEP,N,N,265.03,N
20047969,2026-08-22T01:11:51.000,MIN,N,O,M,36.0,DE,N,N,155.35,N
20221544,2022-11-06T13:14:56.000,MED,Y,B,M,36.0,DE,N,Y,125.25,Y
20252614,2026-08-27T16:09:00.000,MED,N,B,M,27.0,DE,N,N,265.02,N
20102050,2025-07-29T13:42:04.000,MED,N,B,M,35.0,DE,N,N,160.10,Y
126730,2025-10-29T18:55:00.000,MED,Y,B,M,48.0,DE,N,Y,140.25,Y
20036939,2026-05-14T15:16:00.000,MED,N,W,M,33.0,DE,N,N,155.30,N
20247706,2025-12-09T17:35:28.000,MED,Y,O,M,39.0,DE,N,N,120.05,Y
20218972,2025-12-30T00:01:00.000,MIN,Y,O,M,36.0,DE,N,N,160.15,Y
20165018,2025-11-04T20:36:27.000,MED,Y,B,M,27.0,SSR,N,N,110-140.20,N
20252607,2026-08-27T11:26:50.000,MIN,N,B,M,20.0,DE,N,N,265.03,N
20194699,2026-05-20T11:28:00.000,MIN,Y,B,M,39.0,DE,N,N,220.16,N
20213984,2023-03-31T17:25:55.000,MAX,Y,B,M,24.0,DE,N,Y,110-125.25,Y
55929,2026-08-10T15:59:53.000,MIN,N,W,M,63.0,DEP,N,N,VOP,N
20245254,2026-08-31T14:08:22.000,MED,N,B,M,19.0,DE,N,N,125.25,N
20160988,2026-08-30T17:04:34.000,MAX,Y,B,M,29.0,DEP,N,Y,160.15,N
20249096,2026-07-28T13:09:20.000,MIN,N,W,M,31.0,DE,N,N,155.25,N
26238,2026-03-08T00:46:26.000,MIN,N,B,M,65.0,DE,N,N,140.20,N
20091273,2026-02-13T19:41:30.000,MED,Y,O,M,31.0,DE,N,N,160.10,Y
10416,2024-08-03T00:20:18.000,MIN,Y,O,M,70.0,DE,N,N,220.21,N
20121702,2026-05-27T00:37:00.000,MIN,Y,B,M,40.0,DE,N,N,230.34,N
20240909,2025-01-07T15:06:00.000,MED,N,B,M,48.0,DE,N,N,125.25,N
20251644,2026-07-07T13:58:11.000,MED,Y,B,M,50.0,DE,N,N,120.05,N
20239331,2024-10-16T16:10:27.000,MED,Y,B,F,28.0,DE,N,N,125.25,Y
20086619,2026-07-15T20:55:49.000,MIN,N,W,M,36.0,DE,N,N,140.20,N
20053172,2024-05-15T17:16:41.000,MAX,Y,B,M,32.0,DE,N,Y,485.05,Y
20251622,2026-07-06T01:25:50.000,MAX,N,O,F,22.0,CS,N,N,120.05,Y
94100,2026-08-07T12:32:37.000,MIN,Y,O,M,61.0,DE,N,N,110-125.25,N
20246755,2025-10-20T12:16:03.000,MIN,Y,B,M,53.0,DE,N,N,140.25,N
20241127,2026-06-07T10:49:49.000,MED,Y,W,F,34.0,DE,N,N,120.05,N
34840,2026-08-18T12:46:57.000,MIN,Y,B,M,57.0,DE,N,N,160.10,Y
79111,2024-11-14T12:46:42.000,MED,Y,B,M,67.0,DE,N,N,220.16,Y
20244194,2025-06-19T16:59:45.000,MAX,Y,W,M,24.0,DE,N,N,125.25,Y
20229422,2024-02-03T18:51:00.000,MIN,N,A,M,24.0,DE,N,N,160.15,Y
20243583,2025-10-23T13:04:35.000,MED,N,O,M,29.0,DE,N,Y,125.25,Y
127714,2026-04-24T10:16:55.000,MED,Y,O,M,50.0,DE,N,N,155.30,N
20097716,2026-07-20T20:34:52.000,MED,N,B,M,33.0,DE,N,Y,120.00,Y
20218159,2026-08-20T15:45:01.000,MED,N,B,M,37.0,DE,N,N,240.75,N
9785,2026-01-17T20:19:22.000,MED,N,B,M,27.0,DE,N,Y,265.03,Y
20164438,2026-08-31T01:03:14.000,MIN,N,B,M,53.0,DE,N,N,120.05,N
20242836,2025-12-16T13:16:47.000,MED,Y,B,M,20.0,DE,N,Y,105.15,Y
20218685,2026-08-07T16:17:00.000,MIN,Y,B,M,53.0,DE,N,N,140.20,Y
20252688,2026-09-01T01:07:10.000,,N,B,M,20.0,DE,N,N,160.15,N
20059692,2026-08-05T16:09:45.000,MIN,Y,B,M,38.0,DE,N,N,VTL 1192.3,N
20249466,2026-03-20T01:47:42.000,MIN,N,O,M,31.0,DE,N,N,220.21,N
20076620,2023-10-17T23:46:22.000,MED,Y,O,M,68.0,DE,N,N,125.25,Y
20225668,2023-07-06T16:04:13.000,MAX,Y,O,M,22.0,DE,N,Y,125.25,Y
144653,2025-08-22T01:49:29.000,MAX,Y,O,M,35.0,DE,N,Y,125.25,Y
20171150,2026-08-10T13:01:37.000,MED,Y,B,M,37.0,DE,N,N,160.10,N
20219560,2026-07-30T11:26:55.000,MED,Y,B,M,24.0,DE,N,N,220.39,N
20226650,2026-08-13T19:53:23.000,MAX,N,B,M,28.0,DE,N,N,160.15,N
20249127,2026-03-03T17:27:22.000,MED,Y,B,M,22.0,DE,N,Y,105.15,Y
20146289,2026-08-15T19:58:17.000,MIN,Y,B,M,36.0,DE,N,N,160.10,N
20243089,2025-12-13T19:53:04.000,MIN,Y,O,M,33.0,DE,N,N,140.25,Y
20217734,2025-07-18T01:10:21.000,MAX,N,B,M,23.0,DE,N,Y,110-120.10H,Y
20241539,2026-06-10T14:47:16.000,MIN,N,B,M,20.0,CS,N,N,,N
165173,2026-01-27T14:00:06.000,MIN,Y,B,M,35.0,DE,N,Y,155.30,Y
69574,2026-05-02T00:15:44.000,MIN,Y,B,M,40.0,DE,N,N,120.05,Y
105389,2025-05-21T16:21:02.000,MIN,N,B,M,37.0,DE,N,N,110-120.10,Y
20106883,2025-06-20T16:13:09.000,MIN,Y,O,M,36.0,DE,N,N,215.51,Y
20244791,2025-07-18T11:22:00.000,MIN,N,B,M,37.0,DE,N,N,110-125.25,Y
20226758,2026-06-10T16:00:59.000,MIN,N,O,M,34.0,DE,N,N,CO,Y
10015263,2026-05-31T20:10:35.000,MIN,N,B,M,61.0,DE,N,N,160.10,N
20247096,2026-03-25T12:09:40.000,MED,N,O,M,30.0,DE,N,N,160.10,Y
20177006,2026-08-17T00:52:41.000,MED,Y,B,M,35.0,DE,N,N,160.05,N
30807,2024-05-22T13:19:43.000,MIN,Y,W,M,54.0,DE,N,N,220.43,Y
20246942,2025-10-30T00:32:45.000,MIN,Y,B,M,29.0,DE,N,N,110-125.27,N
27857,2024-01-14T01:29:18.000,MAX,N,W,M,38.0,DE,N,N,125.25,Y
20210874,2025-05-19T01:08:13.000,MED,Y,B,M,30.0,DE,N,N,120.10,Y
25184,2022-06-08T15:16:14.000,MED,Y,O,M,55.0,DE,N,N,125.25,N
20198036,2026-08-27T16:33:50.000,MIN,N,B,M,32.0,DE,N,N,120.05,N
20027047,2026-05-19T11:21:00.000,MIN,Y,B,M,40.0,DE,N,N,265.03,N
25573,2025-09-06T00:12:10.000,MED,N,B,M,42.0,DE,N,Y,215.52,Y
20251157,2026-06-11T13:13:56.000,MIN,N,O,M,27.0,DE,N,N,C-COM,N
2447,2026-06-27T19:11:21.000,MED,Y,B,M,38.0,DE,N,Y,160.10,N
20243320,2026-04-17T00:35:28.000,MIN,Y,B,M,21.0,DE,N,Y,110-125.25,Y
20250255,2026-04-29T12:33:52.000,MIN,N,O,M,18.0,DE,N,Y,110-125.25,N
154679,2026-04-07T12:34:13.000,MED,N,B,M,35.0,DE,N,N,125.25,N
20245875,2025-09-08T14:48:48.000,MIN,Y,B,M,41.0,DE,N,N,120.00,N
29190,2025-07-09T18:43:59.000,MED,N,B,M,40.0,DE,N,N,125.25,Y
20249873,2026-04-10T15:58:59.000,MIN,Y,O,M,61.0,DE,N,N,160.15,N
20148996,2025-12-02T01:00:04.000,MIN,Y,B,F,44.0,DE,N,N,110-125.25,Y
20242116,2025-03-12T18:47:00.000,MED,Y,A,M,42.0,DE,N,N,110-125.25,Y
20047475,2025-07-18T15:54:56.000,MED,Y,B,M,43.0,DE,N,N,110-125.25,Y
20242546,2026-03-28T00:32:07.000,MED,Y,O,M,23.0,DE,N,N,110-125.25,N
20231296,2026-04-05T16:48:34.000,MED,Y,B,F,47.0,DE,N,N,155.35,N
20248412,2026-01-21T12:18:34.000,MAX,Y,O,M,22.0,DE,N,N,265.02,Y
20252687,2026-08-31T23:53:23.000,,N,B,M,19.0,DE,N,N,265.03,N
20248753,2026-02-10T20:35:16.000,MIN,N,O,M,50.0,DE,N,N,110-125.25,N
20039051,2026-08-20T17:31:13.000,MED,Y,I,M,36.0,DE,N,N,130.50,N
20007630,2026-02-25T11:38:38.000,MED,Y,O,M,62.0,DE,N,N,130.65,N
96226,2026-07-22T00:20:33.000,MED,Y,W,M,51.0,DEP,N,N,165.50,N
20252059,2026-07-30T11:23:22.000,MED,N,B,M,18.0,DE,N,N,140.25,N
15084,2026-02-20T21:07:45.000,MIN,Y,O,M,38.0,DE,N,N,160.15,Y
20063809,2026-05-18T19:56:03.000,MED,Y,O,M,36.0,CS,N,Y,,N
20072263,2026-03-24T18:51:00.000,MIN,N,B,M,59.0,CS,N,N,155.25,N
20232502,2024-07-09T13:39:41.000,MED,N,B,M,20.0,DE,N,Y,125.25,Y
20247707,2026-05-18T01:30:50.000,MED,Y,B,M,33.0,DE,N,N,140.25,N
20239851,2024-11-12T16:17:00.000,MED,Y,B,M,48.0,DE,N,N,125.27,Y
20245132,2025-08-04T13:04:33.000,MAX,Y,B,M,20.0,DE,N,Y,125.25,Y
20090230,2022-04-14T20:51:39.000,MAX,Y,B,M,31.0,DE,N,Y,125.25,Y
20209081,2026-08-22T11:57:05.000,MED,N,O,M,35.0,DE,N,N,120.10,N
149025,2026-03-04T20:30:00.000,MIN,Y,B,M,67.0,DE,N,N,120.05,N
20204658,2025-09-16T20:09:09.000,MED,Y,B,M,53.0,DE,N,N,105.10,Y
11093,2025-04-04T11:57:06.000,MED,Y,B,M,65.0,SSR,N,N,,Y
41367,2025-06-28T11:46:14.000,MED,N,B,M,46.0,DE,N,N,125.25,Y
20244849,2026-03-29T11:55:54.000,MED,Y,B,M,35.0,DE,N,N,160.10,Y
20186364,2025-01-29T12:22:14.000,MED,N,B,M,32.0,DE,N,N,125.25,Y
148357,2024-11-09T12:49:37.000,MED,Y,O,M,50.0,DE,N,N,125.25,Y
20242990,2025-04-24T18:47:12.000,MAX,N,B,M,30.0,DE,N,N,165.54,Y
20206976,2026-02-18T13:12:23.000,MED,Y,O,M,24.0,DE,N,N,265.03,Y
20248063,2025-12-31T20:45:54.000,MIN,Y,A,M,43.0,DE,N,N,265.03,Y
20002536,2026-06-28T11:39:57.000,MIN,Y,O,M,35.0,CS,N,N,155.25,N
20229937,2026-08-06T17:41:12.000,MIN,N,B,M,42.0,DE,N,N,120.14,N
76622,2026-07-29T16:53:46.000,MED,Y,O,M,57.0,DE,N,N,220.39,N
20245919,2025-11-01T20:52:36.000,MIN,Y,A,M,20.0,DE,N,N,125.14,Y
20249436,2026-06-23T00:52:56.000,MIN,Y,O,M,21.0,DE,N,N,160.10,Y
20251712,2026-07-10T20:53:51.000,,Y,O,M,28.0,DE,N,N,120.05,N
20249189,2026-03-06T19:13:37.000,MED,N,O,M,29.0,DE,N,N,130.35,N
20250876,2026-05-28T15:59:36.000,MIN,N,B,M,51.0,DE,N,N,105.10,N
11438,2026-07-18T20:08:55.000,MIN,Y,O,M,69.0,DE,N,N,140.20,N
20230721,2026-07-28T23:21:28.000,MAX,N,B,M,24.0,DEP,N,Y,120.20,N
20096633,2026-08-28T19:48:15.000,MAX,Y,B,M,38.0,DE,N,N,160.15,N
20228096,2026-02-27T01:00:00.000,MED,Y,W,M,38.0,DE,N,N,140.20,Y
147254,2025-11-25T16:12:17.000,MED,N,O,M,39.0,DE,N,N,110-125.25,N
157387,2026-01-27T20:02:24.000,MED,Y,B,M,43.0,DE,N,N,110-160.15,Y
20252313,2026-08-11T17:34:23.000,MED,N,B,M,75.0,DE,N,N,130.35,N
20245716,2025-08-31T00:38:14.000,MED,Y,W,M,19.0,DE,N,Y,160.15,Y
20243496,2026-08-07T20:55:15.000,MED,Y,B,M,42.0,DE,N,N,160.10,N
61072,2026-06-21T12:17:38.000,MIN,N,B,M,57.0,DE,N,N,160.15,N
70657,2026-04-03T17:19:06.000,MAX,Y,O,M,45.0,DE,N,N,120.05,Y
20240483,2026-06-10T13:24:35.000,MED,Y,W,M,55.0,DE,N,N,110-130.35,N
20019221,2026-08-27T12:11:00.000,MAX,N,B,M,33.0,DE,N,Y,215.51,N
20093453,2025-02-28T23:58:00.000,MAX,Y,B,M,34.0,DE,N,N,125.15,Y
20251862,2026-07-17T21:02:59.000,MED,Y,B,M,42.0,DE,N,N,140.25,N
20243905,2025-06-05T11:04:24.000,MAX,Y,B,M,24.0,DE,N,N,110-125.27,Y
20250974,2026-06-02T20:12:44.000,MED,Y,O,M,29.0,DE,N,N,125.25,N
20250470,2026-05-09T00:59:57.000,MIN,Y,B,F,31.0,DE,N,N,110-125.25,N
20247866,2025-12-18T00:33:15.000,MIN,N,O,M,23.0,DE,N,N,160.10,Y
20222232,2025-06-03T20:24:20.000,MED,Y,O,M,31.0,DE,N,N,110-160.15,Y
102300,2026-06-19T10:35:23.000,MED,N,B,M,45.0,DE,N,Y,215.51,N
20182213,2026-07-22T20:12:48.000,MED,N,A,M,52.0,DE,N,N,470.20,N
30202,2026-01-23T18:42:00.000,MAX,N,B,M,43.0,DE,N,N,155.30,Y
20020403,2026-08-23T00:45:25.000,MED,Y,B,F,40.0,DE,N,N,110-215.40,N
20235210,2025-12-11T12:05:35.000,MAX,N,B,M,55.0,DE,N,N,220.16,Y
70986,2026-08-11T18:56:00.000,MIN,Y,W,M,44.0,DE,N,N,140.20,N
14787,2025-03-04T12:20:56.000,MED,N,B,M,40.0,DE,N,N,110-125.25,N
20251504,2026-06-30T02:08:38.000,MED,Y,B,M,20.0,DE,N,N,120.05,N
20107050,2026-06-19T16:17:48.000,MED,Y,B,M,40.0,DE,N,N,160.15,N
21834,2026-02-03T00:45:13.000,MAX,Y,B,M,38.0,DE,N,N,125.25,Y
20246138,2026-01-29T11:47:53.000,MIN,N,B,M,19.0,DE,N,N,160.15,Y
20246745,2026-07-05T11:20:00.000,MIN,Y,B,M,36.0,DE,N,N,215.52,N
20226429,2023-11-13T16:12:33.000,MAX,N,B,M,21.0,DE,N,Y,110-125.25,Y
10006429,2026-06-26T00:33:45.000,MED,Y,B,M,47.0,DE,N,N,121.12,N
31752,2025-10-26T19:09:00.000,MIN,N,B,M,53.0,DE,N,N,265.03,Y
20251433,2026-06-25T17:05:05.000,MIN,N,O,M,26.0,DE,N,N,160.10,N
20251797,2026-07-15T15:51:05.000,MIN,Y,B,M,26.0,DE,N,N,120.05,N
20226233,2026-03-21T11:40:44.000,MIN,N,O,M,41.0,DE,N,N,220.39,N
20103920,2026-07-11T13:05:00.000,MED,N,B,M,39.0,DNS,N,N,,N
115772,2026-06-25T20:33:05.000,MED,Y,O,M,40.0,DE,N,N,165.52,N
20243527,2026-05-29T22:37:06.000,MIN,Y,B,M,33.0,DE,N,N,240.75,N
20243882,2026-01-21T12:35:41.000,MAX,Y,B,M,24.0,CS,N,N,110-160.05,Y
13875,2026-08-21T18:56:22.000,MED,Y,B,M,53.0,DEP,N,N,VOP,N
20223606,2023-03-17T00:00:27.000,MED,Y,A,M,24.0,DE,N,N,125.25,Y
20241900,2026-06-17T18:20:57.000,MIN,Y,B,M,20.0,DE,N,Y,265.03,N
20246102,2026-02-13T16:59:18.000,MED,Y,B,M,20.0,DE,N,Y,110-125.25,Y
20188206,2025-11-22T11:40:32.000,MED,Y,B,M,31.0,DE,N,Y,140.30,N
20165863,2024-07-05T23:10:28.000,MED,N,W,M,56.0,DE,N,N,125.25,Y
20030508,2024-12-04T16:56:02.000,MIN,N,O,M,40.0,DE,N,N,105.15,N
20227906,2026-06-21T13:47:53.000,MIN,N,O,M,27.0,CS,N,N,,N
20249824,2026-04-08T19:54:59.000,MIN,N,B,M,29.0,DE,N,Y,265.03,Y
20226511,2025-01-31T11:51:03.000,MAX,Y,B,M,21.0,DE,N,Y,220.39,Y
20065214,2026-07-13T01:33:19.000,MED,Y,B,M,33.0,CS,N,N,,N
20233134,2024-08-08T12:34:27.000,MED,Y,B,M,27.0,DE,N,N,130.95,Y
20252340,2026-08-12T18:31:00.000,MED,Y,B,M,30.0,DE,N,N,140.30,N
20069213,2023-01-18T16:12:49.000,MED,Y,B,M,49.0,DE,N,N,0,Y
20241394,2026-01-16T21:04:47.000,MAX,Y,W,M,20.0,DE,N,Y,110-125.25,Y
20249358,2026-03-14T17:05:54.000,MED,Y,B,M,20.0,DE,N,N,125.25,Y
51116,2026-07-14T17:00:28.000,MIN,N,O,M,46.0,DE,N,N,220.43,N
20223534,2026-04-16T19:19:00.000,MED,N,W,M,32.0,DE,N,N,140.25,N
20218810,2025-09-13T01:26:21.000,MED,Y,B,M,32.0,DEP,N,Y,120.10,Y
61426,2026-07-13T19:43:00.000,MIN,Y,O,M,58.0,DE,N,N,120.05,N
20114442,2024-09-22T12:21:02.000,MAX,Y,B,M,29.0,DE,N,Y,220.16,Y
135934,2026-07-09T17:24:56.000,MAX,Y,B,M,39.0,DE,N,N,110-125.25,N
20250662,2026-05-17T12:12:05.000,MED,Y,O,M,20.0,DE,N,N,110-125.25,N
30805,2026-04-10T01:31:36.000,MIN,N,W,M,45.0,DE,N,N,140.20,Y
20242944,2025-04-22T20:31:57.000,MAX,Y,O,M,24.0,DE,N,N,125.25,Y
142518,2026-06-01T18:39:50.000,MIN,N,B,M,42.0,DE,N,N,140.25,N
168705,2026-04-03T00:19:29.000,MIN,Y,B,M,36.0,DE,N,N,120.00,Y
20241489,2025-02-06T00:27:58.000,MAX,Y,B,F,33.0,DE,N,N,230.34,Y
20242959,2026-06-09T11:44:08.000,MED,Y,B,M,19.0,DE,N,N,125.25,N
151720,2026-07-19T11:53:10.000,MIN,Y,B,F,43.0,DE,N,N,265.03,N
114308,2026-05-29T16:54:06.000,MIN,Y,O,M,46.0,DE,N,N,220.21,N
20053816,2026-06-05T13:04:28.000,MIN,Y,W,M,38.0,DE,N,N,110-160.10,Y
20252192,2026-08-06T15:48:00.000,MED,N,B,M,39.0,DE,N,N,125.25,N
20241955,2025-03-05T21:01:18.000,MAX,Y,B,M,22.0,DE,N,Y,125.25,Y
82994,2026-05-07T18:56:00.000,MIN,Y,B,M,44.0,DE,N,N,110-135.20,N
20049088,2026-08-25T16:48:40.000,MED,N,B,M,42.0,DE,N,Y,110-120.05,N
87501,2024-07-04T11:43:24.000,MED,Y,B,F,41.0,DE,N,N,125.25,Y
20130086,2026-07-31T13:03:14.000,MED,Y,B,M,34.0,DE,N,N,140.30,N
127795,2025-06-02T13:46:43.000,MED,Y,B,M,59.0,DE,N,N,130.50,N
20246110,2025-09-18T20:44:33.000,MIN,Y,O,M,34.0,DE,N,N,150.20,Y
14896,2025-11-21T20:13:21.000,MED,N,O,M,43.0,DE,N,N,130.65,N
54416,2025-12-15T13:27:21.000,MIN,N,B,M,39.0,DE,N,N,110-120.10,Y
20250127,2026-04-22T10:57:55.000,MAX,N,B,M,25.0,DE,N,N,110-125.25,Y
20150076,2025-01-14T17:11:10.000,MAX,Y,O,M,29.0,DE,N,Y,125.25,Y
20203808,2025-12-31T20:23:13.000,MIN,Y,B,M,56.0,DE,N,N,240.75,N
20228009,2026-07-02T21:02:00.000,MAX,Y,B,M,22.0,DE,N,N,160.15,Y
20252026,2026-07-28T11:58:15.000,MIN,N,A,M,50.0,DE,N,N,145.00,N
20014861,2026-04-01T14:32:33.000,MIN,N,B,M,34.0,CS,N,Y,110-265.03,N
10007470,2026-06-16T12:46:35.000,MED,Y,O,M,41.0,CS,N,N,155.25,Y
20218034,2025-05-20T23:29:58.000,MAX,Y,B,M,35.0,DE,N,N,125.25,Y
20241890,2026-07-13T11:12:26.000,MAX,Y,B,M,34.0,DE,N,Y,110-120.10,Y
20070558,2026-06-16T17:28:28.000,MED,N,O,M,61.0,DEP,N,N,155.25,N
20241038,2025-01-30T17:28:29.000,MED,N,O,M,20.0,DE,N,N,125.25,Y
20229886,2025-09-23T13:40:36.000,MAX,Y,B,M,26.0,DE,N,N,120.05,Y
20014260,2025-06-27T23:36:14.000,MED,Y,O,M,43.0,DE,N,N,140.20,Y
20009990,2026-08-03T16:59:59.000,MED,Y,O,M,38.0,DE,N,N,140.20,N
62793,2023-12-14T19:06:51.000,MAX,Y,B,M,44.0,DE,N,Y,125.25,Y
20008673,2026-07-29T11:27:31.000,MIN,N,O,M,50.0,CS,N,N,,N
20247130,2026-04-03T12:56:25.000,MED,Y,O,M,34.0,CS,N,N,,N
165036,2026-06-06T03:08:40.000,MAX,Y,B,M,35.0,DEP,N,N,VOP,Y
20249168,2026-03-05T18:19:53.000,MAX,N,B,M,31.0,DE,N,Y,265.13,Y
20197758,2025-11-22T20:20:32.000,MAX,Y,B,M,25.0,DEP,N,Y,120.10,Y
89762,2025-03-08T20:08:47.000,MED,Y,O,M,48.0,DE,N,N,125.25,Y
20244962,2026-03-27T12:42:43.000,MED,Y,B,M,20.0,DE,N,Y,125.25,Y
33761,2023-12-21T19:04:00.000,MED,Y,B,M,38.0,DE,N,Y,265.03,Y
130858,2025-06-17T14:54:47.000,MIN,Y,B,M,38.0,DE,N,N,110-125.27,Y
15815,2026-01-11T01:44:06.000,MED,Y,O,M,49.0,DE,N,N,265.03,Y
58565,2026-05-22T12:35:39.000,MED,Y,B,M,40.0,DE,N,N,130.35,N
20252202,2026-08-06T21:05:26.000,MED,N,O,M,20.0,DE,N,N,160.15,N
20244336,2025-06-26T16:01:40.000,MED,N,B,M,47.0,DE,N,N,125.25,Y
20079314,2026-05-20T20:12:32.000,MIN,Y,B,M,49.0,DE,N,N,145.05,N
20252334,2026-08-12T14:10:23.000,MIN,Y,O,M,30.0,DE,N,N,140.25,N
20247314,2025-11-17T23:21:06.000,MIN,N,B,M,37.0,DE,N,N,140.25,N
20225543,2026-08-19T16:23:27.000,MIN,Y,W,M,49.0,DE,N,N,220.06,N
20248563,2026-01-29T13:21:13.000,MED,N,B,M,19.0,DE,N,N,265.03,Y
20233257,2026-08-03T01:14:57.000,MED,Y,B,F,32.0,DE,N,N,120.05,N
73813,2026-07-02T11:48:48.000,MED,Y,B,F,37.0,DE,N,N,140.20,N
20250405,2026-05-06T18:22:26.000,MIN,Y,B,M,19.0,DE,N,Y,105.15,N
20251231,2026-07-15T20:04:00.000,MED,N,B,M,19.0,DE,N,N,160.15,N
20228387,2025-11-10T13:58:37.000,MED,Y,B,F,32.0,DE,N,N,125.20,N
17726,2025-11-11T00:15:12.000,MED,Y,B,M,54.0,DEP,N,N,490.20,Y
20209930,2026-05-14T09:11:29.000,MAX,N,B,M,26.0,DE,N,Y,460.20,Y
20249314,2026-04-23T12:46:34.000,MAX,Y,B,M,26.0,DE,N,N,120.05,Y
20038836,2026-05-08T12:35:28.000,MAX,Y,B,M,37.0,CS,N,N,,Y
20227394,2025-12-24T00:18:42.000,MAX,Y,O,F,32.0,DE,N,N,120.05,Y
20049117,2025-10-02T13:47:37.000,MED,N,B,M,35.0,DE,N,N,125.25,N
20135439,2026-07-11T16:41:25.000,MIN,N,O,M,54.0,DE,N,N,220.21,N
20250655,2026-05-17T00:53:51.000,MIN,N,O,M,43.0,CS,N,N,,N
20252307,2026-08-11T15:18:57.000,MED,Y,B,M,18.0,DE,N,Y,105.15,N
20160285,2025-04-17T18:23:01.000,MAX,Y,O,M,27.0,DEP,N,Y,110-125.25,Y
20051844,2026-08-21T17:11:19.000,MED,N,O,M,34.0,DE,N,N,160.15,N
20135382,2025-09-20T11:32:54.000,MED,N,B,M,29.0,DE,N,Y,160.10,Y
25940,2026-05-14T15:49:48.000,MED,Y,W,M,61.0,DE,N,N,140.25,N
63765,2026-08-18T00:30:53.000,MAX,Y,B,M,40.0,DE,N,Y,140.20,N
20252624,2026-08-28T00:24:45.000,MIN,N,O,M,37.0,DE,N,N,FOA 900.00,N
20191029,2026-08-29T13:36:23.000,MED,N,B,M,35.0,DE,N,N,110-120.10,N
20243528,2026-07-10T14:06:00.000,MAX,N,B,M,19.0,DE,N,Y,110-120.07,N
20249943,2026-04-14T12:58:02.000,MED,Y,B,M,18.0,DE,N,N,125.25,Y
51289,2026-01-13T15:21:45.000,MIN,N,B,M,39.0,DE,N,N,110-125.25,N
20239979,2026-05-07T13:38:03.000,MED,Y,B,F,28.0,DE,N,N,120.05,N
20238224,2026-06-07T00:41:06.000,MIN,Y,B,M,32.0,DE,N,N,120.05,N
20226991,2026-07-19T22:19:45.000,MED,Y,B,M,30.0,DE,N,N,140.20,N
20241806,2026-02-12T19:06:38.000,MIN,Y,O,M,35.0,DE,N,N,220.16,N
20230412,2025-11-03T12:05:26.000,MIN,Y,A,M,42.0,DE,N,N,120.10,Y
20250038,2026-04-17T17:30:12.000,MIN,Y,B,F,36.0,DE,N,N,150.15,N
20015353,2026-01-15T18:23:26.000,MED,N,B,M,33.0,DE,N,Y,265.03,Y
20077246,2026-07-22T13:20:13.000,MIN,Y,B,F,38.0,DE,N,N,120.05,N
20031157,2026-07-08T15:05:01.000,MED,Y,B,M,33.0,CSP,N,N,,N
20058720,2026-08-20T11:18:35.000,MED,N,O,M,44.0,DE,N,N,155.40,N
13949,2025-05-23T15:10:53.000,MED,N,O,M,39.0,DE,N,N,130.45,Y
20245811,2025-09-04T20:52:43.000,MAX,N,B,M,20.0,DE,N,Y,125.25,Y
20242025,2026-05-01T00:36:27.000,MIN,N,B,M,20.0,DE,N,Y,110-125.25,N
20213140,2024-02-29T19:40:41.000,MED,Y,O,F,43.0,DE,N,N,125.25,Y
20017747,2026-06-25T12:20:37.000,MED,Y,B,M,39.0,DE,N,N,120.05,N
20184026,2026-07-26T01:27:01.000,MAX,Y,O,M,26.0,CS,N,N,,N
20242209,2026-06-08T11:56:14.000,MED,Y,O,M,38.0,DE,N,N,120.05,N
20251685,2026-07-09T15:56:32.000,MIN,N,O,M,33.0,DE,N,N,220.21,N
144745,2026-03-27T22:51:00.000,MAX,Y,B,M,41.0,DE,N,Y,160.10,N
23134,2023-08-11T20:18:50.000,MED,Y,O,M,58.0,DEP,N,N,130.95,Y
133491,2024-05-07T12:30:07.000,MIN,Y,O,M,68.0,SSR,N,N,,N
20247822,2026-03-26T13:13:38.000,MIN,Y,A,F,39.0,DE,N,N,220.16,N
20246645,2025-10-15T15:54:19.000,MED,Y,B,M,25.0,DE,N,Y,110-120.10,Y
20104835,2024-11-18T16:50:12.000,MED,Y,O,M,60.0,DE,N,N,125.25,Y
20228558,2026-07-08T00:13:00.000,MAX,N,O,M,23.0,DE,N,N,160.05,N
20005711,2026-08-04T13:25:01.000,MED,Y,O,M,41.0,DE,N,N,140.20,N
20219368,2026-08-25T10:45:40.000,MAX,N,B,M,23.0,CS,N,Y,120.05,N
20075628,2026-01-23T16:36:06.000,MAX,Y,B,M,33.0,DE,N,N,120.05,Y
20217398,2024-05-08T11:08:49.000,MED,Y,B,M,39.0,DE,N,N,150.10,Y
20229928,2026-07-15T19:35:08.000,MIN,Y,B,F,63.0,DE,N,N,265.03,N
20251968,2026-07-24T16:52:35.000,MIN,Y,W,M,47.0,DE,N,N,FOA 900.00,N
20076776,2025-03-08T15:30:43.000,MED,Y,O,M,32.0,DE,N,N,130.25,Y
20245120,2025-08-03T23:23:29.000,MED,Y,B,M,28.0,DE,N,N,125.27,Y
20246987,2025-11-02T01:27:14.000,,N,O,M,33.0,DE,N,N,FOA 900.00,N
20052179,2026-08-15T00:18:56.000,MED,Y,W,M,35.0,DEP,N,N,120.05,N
118939,2026-02-27T01:08:00.000,MIN,Y,B,M,47.0,DE,N,N,140.25,N
20009451,2025-08-20T15:32:09.000,MED,N,B,M,34.0,DE,N,Y,120.07,Y
136920,2026-05-19T15:42:14.000,MIN,N,O,M,36.0,DE,N,N,110-125.25,N
20140903,2026-04-14T15:07:20.000,MAX,N,A,M,29.0,DE,N,Y,120.10,Y
20252671,2026-08-31T01:17:14.000,MIN,N,O,M,61.0,DE,N,N,120.05,N
20225788,2026-03-25T16:09:25.000,MED,Y,O,M,24.0,DE,N,Y,110-120.10,Y
20245617,2025-08-26T23:27:17.000,MED,N,B,M,61.0,DE,N,N,130.35,Y
160392,2025-10-28T01:07:56.000,MAX,Y,O,M,46.0,DE,N,Y,120.05,Y
14283,2026-07-14T20:10:08.000,MED,Y,B,M,41.0,DE,N,Y,140.15,N
20250920,2026-05-30T00:44:23.000,MIN,Y,O,M,32.0,DE,N,N,220.21,N
20133550,2025-08-08T16:32:13.000,MAX,Y,O,M,30.0,DE,N,Y,110-120.10,Y
20248643,2026-02-04T12:47:38.000,MED,Y,B,M,31.0,DE,N,N,120.10,Y
17972,2026-04-24T12:41:23.000,MIN,Y,B,M,43.0,DE,N,N,120.05,Y
20252670,2026-08-31T01:00:48.000,MIN,N,O,M,20.0,DE,N,N,120.00,N
20252441,2026-08-18T12:14:00.000,MIN,Y,O,M,28.0,DE,N,N,155.30,N
20063416,2026-08-20T16:09:10.000,MED,Y,O,M,56.0,DEP,N,N,215.51,N
20251871,2026-07-18T19:19:00.000,MED,N,B,M,25.0,DE,N,N,220.18,N
170758,2026-04-18T14:15:45.000,MED,Y,B,M,38.0,CS,N,N,,Y
14438,2025-08-24T20:43:26.000,MIN,N,B,M,39.0,DE,N,N,265.03,Y
20252123,2026-08-03T13:13:08.000,MIN,N,W,M,35.0,CS,N,N,265.01,N
20249151,2026-03-05T00:32:45.000,MIN,Y,O,M,39.0,DE,N,N,110-125.25,N
20230151,2025-09-17T12:20:35.000,MED,Y,B,M,33.0,DE,N,N,120.05,Y
20205904,2023-12-09T21:29:32.000,MAX,Y,O,M,27.0,DE,N,Y,125.25,Y
20231511,2024-05-22T13:29:05.000,MIN,Y,W,M,63.0,DE,N,N,155.42,Y
20138949,2026-08-31T19:07:42.000,MAX,Y,B,M,28.0,DE,N,Y,265.01,N
20226096,2026-04-21T00:07:59.000,MIN,Y,O,M,33.0,DE,N,N,155.35,Y
20251476,2026-06-28T13:04:50.000,MIN,N,B,M,18.0,DE,N,N,265.03,Y
20018208,2026-07-27T22:37:00.000,MED,Y,B,M,37.0,DE,N,N,160.10,Y
20243152,2026-03-03T15:28:14.000,MED,Y,B,M,21.0,DE,N,Y,265.03,Y
168241,2026-08-19T17:19:47.000,MED,N,O,M,46.0,DE,N,N,265.03,N
20177354,2025-07-15T18:16:30.000,MAX,N,B,M,28.0,CS,N,Y,215.51,Y
20150602,2025-05-07T01:14:00.000,MAX,Y,B,F,32.0,DE,N,N,120.10,Y
20252599,2026-08-26T17:04:42.000,MED,Y,O,M,34.0,DE,N,N,130.35,N
20240553,2024-12-16T14:12:00.000,MED,Y,O,M,44.0,DE,N,N,110-125.25,Y
20028995,2026-04-11T10:44:50.000,MED,Y,B,M,61.0,DE,N,N,130.65,N
35994,2025-11-26T19:10:28.000,MED,N,B,M,41.0,DE,N,N,220.16,Y
20024951,2026-01-22T01:30:44.000,MIN,N,O,M,50.0,DE,N,N,165.52,N
20223067,2026-06-02T16:52:00.000,MIN,Y,B,M,50.0,CS,N,N,140.20,N
20249391,2026-03-16T16:37:47.000,MED,Y,A,M,21.0,DE,N,N,110-125.25,Y
20229661,2025-02-10T19:50:22.000,MED,Y,O,M,31.0,DE,N,N,155.35,Y
20127859,2025-09-18T19:36:40.000,MED,Y,W,M,44.0,DE,N,N,110-125.25,N
50756,2026-01-06T09:38:48.000,MAX,N,B,M,47.0,DE,N,Y,125.20,Y
20162183,2026-07-28T11:44:49.000,MAX,Y,O,M,35.0,DEP,N,Y,120.05,N
20210287,2026-03-18T11:36:42.000,MED,Y,O,M,30.0,DE,N,N,120.05,N
20209111,2026-07-17T19:15:52.000,MED,Y,O,M,50.0,DEP,N,N,140.20,N
20012394,2026-07-24T01:18:54.000,MAX,Y,O,M,35.0,DE,N,N,220.21,Y
10007573,2026-08-31T12:58:00.000,MAX,Y,B,M,38.0,DE,N,N,VOP,N
20006340,2026-05-16T16:06:56.000,MAX,Y,B,M,35.0,DEP,N,Y,150.15,Y
20243455,2025-12-04T15:42:20.000,MIN,Y,A,M,47.0,DE,N,N,140.25,N
20230425,2024-03-28T13:07:17.000,MIN,Y,O,M,47.0,DE,N,N,120.05,Y
50838,2026-08-12T22:38:08.000,MED,N,B,M,38.0,DE,N,N,121.12,N
20248246,2026-01-12T01:01:10.000,MED,Y,B,M,38.0,DE,N,N,130.35,N
20232178,2026-07-21T18:00:57.000,MIN,N,O,M,29.0,DE,N,N,220.21,N
20215201,2026-07-21T17:14:50.000,MAX,Y,O,M,28.0,DEP,N,N,155.25,N
20241285,2026-05-09T01:13:35.000,MIN,Y,A,F,40.0,DE,N,N,155.30,N
20248126,2026-02-10T16:38:50.000,MAX,N,O,M,20.0,CS,N,Y,155.25,Y
20251638,2026-07-06T23:30:46.000,MED,Y,B,F,27.0,DE,N,N,125.25,N
20250108,2026-04-21T12:49:31.000,MIN,N,B,M,21.0,CS,N,N,,Y
20252034,2026-07-28T16:18:07.000,MED,Y,B,M,27.0,DE,N,N,140.25,N
20195751,2023-02-14T17:28:49.000,MED,Y,O,M,48.0,DE,N,N,125.25,N
20213486,2023-10-13T12:25:00.000,MAX,N,B,M,24.0,DE,N,Y,125.25,Y
20249698,2026-04-02T16:41:38.000,MED,Y,B,F,18.0,DE,N,N,110-125.25,Y
39060,2026-04-05T17:10:10.000,MIN,Y,B,M,61.0,CSP,N,N,VOP,N
20246095,2025-09-18T11:24:13.000,MAX,Y,O,M,19.0,DE,N,Y,110-125.25,Y
20251485,2026-06-29T01:09:00.000,MED,Y,B,M,19.0,DE,N,Y,220.16,Y
20074796,2025-12-10T19:36:52.000,MIN,N,B,M,39.0,DE,N,Y,265.03,N
20209161,2025-08-12T14:36:18.000,MAX,Y,B,M,28.0,DE,N,N,120.10,Y
29767,2026-07-16T20:45:00.000,MAX,Y,O,M,44.0,DE,N,N,220.16,N
20211024,2026-08-05T20:35:07.000,MAX,N,B,M,24.0,CS,N,Y,220.16,N
20142989,2026-04-02T12:29:28.000,MED,Y,B,M,49.0,DE,N,N,130.35,N
20095281,2026-08-20T10:44:00.000,MAX,N,B,M,34.0,DE,N,Y,220.16,N
20252470,2026-08-19T20:31:55.000,MED,Y,O,M,24.0,DE,N,N,FOA 900.00,N
97101,2026-08-08T11:00:47.000,MED,Y,B,M,51.0,DE,N,N,140.20,N
20242577,2025-12-18T15:40:27.000,MIN,N,B,M,21.0,DE,N,Y,105.17,Y
20225725,2026-07-22T20:30:11.000,MAX,Y,A,M,23.0,DE,N,N,120.05,N
20222819,2026-08-30T19:23:57.000,MIN,Y,O,F,37.0,DE,N,N,140.20,N
20246111,2025-09-18T20:45:33.000,MIN,N,O,M,43.0,DE,N,N,220.21,Y
20044435,2026-01-28T11:27:00.000,MIN,Y,B,M,48.0,CS,N,N,,N
20252647,2026-08-29T00:55:56.000,MED,N,O,M,53.0,DE,N,N,125.25,N
20081476,2025-10-16T12:14:28.000,MAX,Y,B,M,30.0,DE,N,N,160.05,Y
105440,2024-02-01T14:15:43.000,MED,Y,B,M,44.0,DE,N,N,125.25,N
20242882,2026-08-30T20:45:00.000,MAX,N,B,M,21.0,DE,N,Y,265.03,N
20217937,2026-03-15T20:47:32.000,MED,Y,B,M,40.0,DE,N,N,155.35,Y
20228351,2026-02-20T18:42:51.000,MIN,N,B,M,21.0,DE,N,Y,110-160.15,Y
11993,2026-07-28T00:18:39.000,MIN,Y,B,M,41.0,DE,N,N,155.25,N
20248892,2026-04-04T11:22:54.000,MED,Y,I,M,30.0,DE,N,N,130.35,Y
20251960,2026-07-24T01:01:05.000,MED,Y,B,F,35.0,DE,N,N,120.10,N
20245579,2025-08-25T00:13:25.000,MED,Y,O,M,31.0,DE,N,Y,220.16,Y
66029,2026-01-28T12:33:45.000,MED,N,O,M,45.0,DE,N,N,120.10,N
20249237,2026-03-09T14:21:00.000,MED,N,O,M,36.0,DE,N,N,140.25,Y
20194031,2026-03-27T00:09:00.000,MAX,N,B,M,26.0,DE,N,Y,265.03,Y
20247416,2025-11-22T01:18:32.000,MED,Y,B,M,28.0,DE,N,N,120.10,Y
20109261,2026-06-17T16:47:00.000,MED,Y,O,M,38.0,DE,N,N,140.25,N
20123894,2026-06-02T01:48:06.000,MIN,N,W,M,49.0,CS,N,N,145.00,N
20248002,2026-08-26T16:45:37.000,MIN,N,M,M,34.0,DE,N,N,265.03,N
20030357,2026-07-12T01:22:06.000,MED,Y,B,M,41.0,DE,N,N,155.30,N
20128417,2026-07-20T20:40:15.000,MED,Y,B,M,39.0,CS,N,N,,N
20122219,2026-05-19T00:50:00.000,MIN,Y,B,M,38.0,DE,N,N,215.52,N
20228505,2026-06-12T17:34:58.000,MED,Y,B,M,27.0,DE,N,N,120.10,N
20106514,2026-06-17T12:35:07.000,MED,Y,O,M,37.0,DE,N,N,265.02,N
10004462,2026-07-31T10:10:28.000,MED,N,O,M,35.0,DEP,N,N,165.45,N
20242044,2026-08-20T13:25:18.000,MIN,N,O,M,31.0,DE,N,N,220.03,N
77060,2026-05-15T21:06:20.000,MED,Y,O,M,40.0,DE,N,N,130.35,N
20231922,2024-06-11T23:31:41.000,MAX,Y,B,M,60.0,SSR,N,N,130.35,Y
58375,2025-11-26T17:06:24.000,MIN,Y,O,M,58.0,DE,N,N,140.25,Y
99494,2026-05-13T23:39:53.000,MIN,N,B,M,57.0,DE,N,N,155.30,N
20244311,2026-04-17T23:32:50.000,MAX,Y,W,F,32.0,DE,N,N,150.15,Y
20218890,2026-07-26T11:13:07.000,MIN,N,B,M,22.0,DE,N,N,120.00,N
20108174,2026-03-26T00:38:00.000,MIN,Y,O,M,59.0,DE,N,N,110-140.25,N
63521,2026-07-20T12:53:26.000,MIN,N,B,M,51.0,DE,N,N,170.25,N
20251764,2026-08-28T21:09:00.000,MED,Y,B,M,18.0,DE,N,N,160.15,N
20196426,2026-07-10T12:13:53.000,MAX,Y,O,M,30.0,DE,N,N,160.15,Y
20086038,2023-02-28T16:57:20.000,MAX,Y,B,M,30.0,DE,N,Y,125.25,Y
20114131,2026-03-10T19:03:00.000,MIN,N,B,M,29.0,DE,N,N,265.03,N
20240795,2026-03-10T12:24:24.000,MED,N,B,M,27.0,DE,N,N,160.10,N
20249813,2026-05-20T00:57:48.000,MIN,N,O,M,24.0,CS,N,N,215.50,N
20158523,2026-03-06T01:21:03.000,MIN,Y,O,M,33.0,DE,N,N,160.10,Y
20109765,2026-07-30T16:03:00.000,MIN,N,B,F,62.0,DE,N,N,140.30,N
20120936,2025-07-20T15:48:05.000,MIN,N,B,M,34.0,CS,N,Y,205.30,Y
20129103,2026-05-17T20:12:02.000,MAX,Y,B,M,28.0,DE,N,Y,110-125.25,Y
20217017,2026-07-17T11:58:49.000,MAX,Y,B,M,23.0,DE,N,Y,160.15,N
20245508,2025-08-22T11:57:04.000,MED,Y,B,M,19.0,DE,N,Y,105.15,Y
20164342,2026-06-14T15:36:13.000,MED,N,O,M,30.0,DE,N,N,140.20,N
20108471,2025-06-25T18:53:34.000,MAX,Y,B,M,30.0,DE,N,N,215.51,Y
20224360,2026-07-07T11:58:17.000,MED,N,B,M,27.0,CS,N,Y,,Y
54902,2026-03-29T12:54:31.000,MIN,N,W,M,57.0,CS,N,N,,N
20080182,2026-03-13T18:54:00.000,MED,Y,B,M,31.0,DE,N,N,125.25,Y
20240865,2026-08-10T12:42:51.000,MIN,Y,B,M,54.0,DE,N,N,120.05,N
20252193,2026-08-06T16:12:25.000,MIN,N,O,M,31.0,DE,N,N,125.14,N
20094730,2026-04-15T16:53:01.000,MAX,N,B,M,31.0,DE,N,Y,140.25,Y
20250370,2026-07-06T16:31:44.000,MED,Y,B,M,22.0,DE,N,N,120.05,Y
20206649,2025-07-08T11:08:01.000,MAX,Y,B,M,25.0,DE,N,Y,105.17,Y
20241350,2025-01-29T16:34:37.000,MAX,Y,B,M,21.0,DE,N,N,105.15,Y
20009853,2026-02-04T00:59:41.000,MED,Y,O,M,42.0,DE,N,N,155.35,N
20252064,2026-07-30T13:08:22.000,MED,N,W,M,31.0,CS,N,N,110-265.03,N
20251745,2026-07-12T15:39:53.000,MED,Y,B,M,35.0,DE,N,N,130.52,N
20003172,2025-11-20T16:50:53.000,MED,N,,,56.0,DE,N,N,110-125.25,N
20190660,2026-08-12T01:41:33.000,MED,N,W,M,57.0,DE,N,N,165.15,N
20218719,2026-04-18T00:38:50.000,MIN,Y,O,F,42.0,DE,N,N,155.30,N
20144917,2026-06-12T17:00:00.000,MIN,Y,B,M,35.0,DE,N,N,140.25,N
20246362,2025-10-01T10:28:40.000,MED,N,B,M,30.0,DE,N,N,265.03,Y
20249815,2026-04-08T17:08:29.000,MAX,Y,B,M,32.0,DE,N,N,110-125.25,Y
20239665,2025-01-30T16:12:11.000,MED,N,O,M,27.0,DE,N,N,140.20,Y
6060,2024-11-18T00:03:50.000,MED,Y,O,M,44.0,DE,N,N,125.14,N
20252476,2026-08-20T00:30:00.000,MIN,N,B,M,34.0,DE,N,N,121.12,N
20247121,2025-11-08T21:07:12.000,MED,Y,O,M,22.0,DE,N,N,120.10,Y
99305,2026-06-22T13:04:53.000,MIN,Y,O,M,49.0,DE,N,N,110-120.10,N
20238923,2026-07-30T23:46:00.000,MIN,N,W,M,38.0,DE,N,N,140.20,N
48966,2026-04-08T01:22:10.000,MIN,N,B,M,60.0,DEP,N,N,140.20,N
20242449,2025-03-28T20:31:00.000,MED,Y,B,M,44.0,DE,N,N,130.65,Y
20230927,2026-07-05T20:02:52.000,MED,Y,O,M,31.0,DE,N,N,140.20,N
20247229,2025-11-13T21:07:32.000,MIN,Y,A,M,25.0,CS,N,Y,110-220.06,Y
35684,2025-12-23T17:01:35.000,MIN,Y,B,M,39.0,DE,N,N,140.25,Y
20251581,2026-07-04T00:08:02.000,MED,Y,B,M,29.0,DE,N,N,110-125.25,N
20244884,2025-11-06T23:16:00.000,MIN,N,A,M,45.0,DE,N,N,140.30,N
20109943,2025-04-18T09:31:38.000,MAX,Y,B,M,33.0,DE,N,N,140.25,Y
116910,2026-05-29T16:55:00.000,MED,Y,B,M,48.0,DE,N,N,125.25,N
117192,2025-06-04T23:29:38.000,MIN,Y,B,F,61.0,SSR,N,N,,Y
20250301,2026-05-01T14:49:15.000,MAX,Y,O,M,23.0,DE,N,N,125.25,Y
20252144,2026-08-04T19:58:23.000,MIN,Y,W,M,60.0,DE,N,N,140.20,N
28030,2026-06-25T22:56:00.000,MIN,N,W,M,46.0,DE,N,N,120.05,N
20219798,2024-08-29T17:05:31.000,MED,N,B,M,22.0,DE,N,Y,105.15,Y
160142,2026-02-03T11:25:31.000,MED,Y,B,M,45.0,DE,N,N,140.25,Y
33073,2026-08-04T12:07:21.000,MED,N,B,M,38.0,DE,N,N,120.10,N
20230038,2024-03-07T22:22:33.000,MED,N,B,M,51.0,DE,N,N,125.27,Y
20232086,2025-02-15T16:12:50.000,MED,N,B,M,20.0,DE,N,Y,265.03,Y
20219488,2022-07-04T01:05:27.000,MED,Y,W,M,26.0,DE,N,N,125.25,Y
20173838,2026-03-12T15:48:56.000,MED,Y,B,M,26.0,DE,N,Y,265.03,Y
20239284,2026-03-27T20:51:24.000,MED,Y,O,M,28.0,DE,N,N,110-120.10,Y
20241401,2025-01-31T15:22:38.000,MED,Y,O,M,30.0,DE,N,N,125.25,Y
20177579,2026-07-25T00:18:00.000,MIN,Y,B,M,32.0,DE,N,N,120.10,N
20060182,2025-10-29T12:07:44.000,MED,Y,B,M,33.0,DE,N,Y,110-125.25,N
1264,2024-02-02T00:33:00.000,MED,Y,B,M,41.0,DE,N,N,110-125.27,Y
161777,2026-02-26T17:04:10.000,MED,Y,W,M,37.0,DE,N,N,155.30,N
20119140,2024-12-05T15:56:13.000,MAX,N,O,M,31.0,DE,N,N,125.25,Y
20086381,2026-05-12T12:54:18.000,MED,Y,B,M,32.0,CS,N,N,220.03,N
20057479,2026-08-31T13:06:14.000,,N,B,M,33.0,DE,N,Y,265.01,N
20022756,2026-08-19T21:48:27.000,MIN,N,B,M,55.0,DE,N,N,265.02,N
129877,2026-07-23T21:04:00.000,MIN,N,W,M,43.0,DE,N,Y,155.25,N
20041087,2026-04-06T15:26:10.000,MAX,Y,O,M,58.0,CS,N,N,155.30,N
20252454,2026-08-19T00:17:00.000,MIN,N,O,M,29.0,DE,N,N,120.05,N
20248212,2026-01-10T01:28:04.000,MIN,N,O,M,43.0,DE,N,N,140.20,Y
20221192,2026-05-26T23:22:27.000,MED,Y,B,M,30.0,DE,N,N,120.05,N
20249136,2026-03-04T10:23:36.000,MIN,N,O,M,45.0,CS,N,N,220.39,N
20233295,2026-07-14T17:58:47.000,MED,Y,B,M,37.0,DE,N,N,125.25,N
20246065,2026-05-01T21:18:11.000,MAX,Y,O,M,19.0,DE,N,Y,110-120.10,Y
4632,2025-01-08T15:19:06.000,MIN,Y,B,M,63.0,DE,N,N,110-125.25,Y
20249811,2026-04-08T15:34:54.000,MED,Y,B,M,39.0,DE,N,N,125.25,Y
18459,2026-03-28T23:25:00.000,MED,Y,B,M,61.0,DE,N,N,120.10,N
10012529,2026-08-02T00:40:37.000,MED,Y,O,M,35.0,DE,N,N,155.35,N
20223171,2025-03-23T23:30:30.000,MAX,Y,B,M,21.0,DE,N,Y,125.25,Y
20063259,2024-11-14T16:59:01.000,MAX,Y,B,M,32.0,DE,N,Y,110-125.25,Y
22437,2026-06-16T16:08:02.000,MIN,Y,O,M,39.0,DE,N,N,160.15,N
20231949,2026-02-28T19:30:14.000,MIN,Y,B,M,40.0,DE,N,N,120.05,N
20209720,2026-04-22T16:46:59.000,MAX,Y,B,M,26.0,DE,N,Y,110-130.35,Y
20213682,2026-08-11T11:40:36.000,MIN,Y,B,F,48.0,DE,N,N,165.45,N
125969,2026-04-21T18:24:13.000,MIN,Y,O,M,44.0,DE,N,N,120.05,N
157186,2026-01-19T01:17:53.000,MED,Y,B,M,60.0,DE,N,N,160.15,Y
20012263,2025-11-25T01:59:22.000,MED,Y,B,M,38.0,DE,N,Y,150.15,N
20248991,2026-02-25T10:59:00.000,MED,N,B,M,22.0,DE,N,N,265.03,Y
20209756,2023-07-25T16:20:42.000,MAX,N,O,M,25.0,DE,N,Y,105.15,Y
20238362,2024-08-29T17:12:15.000,MIN,N,B,M,32.0,DE,N,Y,105.15,N
20228987,2024-11-28T17:20:43.000,MED,Y,B,M,21.0,DE,N,Y,125.25,Y
20250821,2026-05-26T20:37:27.000,MIN,N,O,M,28.0,CS,N,N,215.55,N
20249232,2026-03-21T15:35:21.000,MIN,Y,B,M,45.0,DE,N,N,120.60,N
98772,2024-10-09T16:01:28.000,MED,Y,B,F,63.0,DE,N,N,110-150.15,Y
149039,2025-08-24T01:16:57.000,MIN,N,B,M,36.0,DE,N,Y,265.03,Y
20250193,2026-06-06T01:42:48.000,MIN,Y,W,M,42.0,DE,N,N,140.20,N
20000204,2023-02-03T00:50:03.000,MED,Y,B,M,42.0,DE,N,Y,125.25,Y
20025048,2025-08-27T12:00:55.000,MAX,Y,B,M,38.0,DE,N,N,220.16,Y
158697,2026-01-27T16:33:03.000,MAX,Y,O,M,35.0,DE,N,Y,140.25,Y
38445,2025-11-15T18:18:50.000,MED,N,B,M,54.0,SSR,N,N,140.25,N
20248705,2026-08-04T00:56:05.000,MIN,Y,B,M,60.0,DE,N,N,215.51,N
20252667,2026-08-31T00:20:00.000,MIN,Y,O,M,36.0,DE,N,N,FOA 900.00,N
20239108,2026-04-07T11:27:33.000,MED,Y,B,M,40.0,DE,N,N,130.95,N
20245012,2025-07-28T20:46:53.000,MED,Y,O,M,55.0,DE,N,N,125.27,N
20246906,2025-10-28T16:54:58.000,MED,N,B,M,25.0,DE,N,N,125.25,Y
20252333,2026-08-12T14:05:26.000,MED,Y,B,M,23.0,DE,N,N,125.25,N
20212225,2026-07-01T23:14:02.000,MAX,Y,B,M,23.0,DE,N,Y,160.15,N
134264,2024-06-21T20:01:02.000,MAX,Y,B,M,53.0,DE,N,N,160.15,Y
20153973,2026-05-13T01:15:25.000,MED,Y,B,M,63.0,CSP,N,N,140.20,Y
20246032,2026-07-20T14:45:43.000,MED,Y,A,M,26.0,DE,N,N,125.25,N
20026002,2025-12-08T11:06:37.000,MED,Y,B,M,36.0,DE,N,N,220.39,N
20252601,2026-08-26T18:45:00.000,MED,Y,B,M,24.0,DE,N,N,120.05,N
20149472,2026-01-17T01:06:00.000,MAX,Y,B,M,35.0,DE,N,N,110-125.25,N
20219801,2023-09-27T00:29:31.000,MAX,Y,O,M,23.0,DE,N,N,125.25,Y
20247894,2025-12-19T13:02:30.000,MED,Y,O,M,20.0,DE,N,N,105.10,Y
20135489,2026-08-15T01:17:31.000,MAX,N,B,M,29.0,DE,N,Y,170.25,N
20150497,2026-03-27T00:08:35.000,MED,N,B,M,33.0,CS,N,Y,,N
20097209,2024-12-12T19:58:13.000,MAX,Y,B,M,30.0,DEP,N,Y,220.16,Y
145822,2023-07-04T00:37:13.000,MED,Y,O,M,39.0,DE,N,N,125.25,Y
20246831,2026-02-15T22:57:00.000,MED,N,B,M,23.0,DE,N,Y,130.35,Y
20248418,2026-01-21T15:25:45.000,MAX,Y,A,M,26.0,DE,N,N,120.05,Y
20230970,2026-05-11T11:46:52.000,MIN,Y,B,M,33.0,DE,N,N,120.00H,N
20250885,2026-05-28T19:04:24.000,MIN,Y,O,M,26.0,DE,N,N,155.25,N
20250368,2026-05-05T01:17:16.000,MIN,N,O,M,25.0,CS,N,N,,N
20178262,2026-05-19T12:18:45.000,MIN,N,O,M,30.0,CS,N,N,VTL 1192.2,N
78971,2026-06-05T11:38:11.000,MAX,N,B,M,43.0,DE,N,N,110-120.10,Y
20246419,2026-07-06T12:34:07.000,MED,Y,O,M,33.0,DE,N,N,140.20,N
73021,2026-03-25T16:07:12.000,MIN,Y,B,M,38.0,DE,N,N,120.05,Y
20245819,2025-09-05T12:49:09.000,MIN,N,O,M,43.0,DE,N,N,120.10,N
20216482,2026-07-09T19:20:52.000,MAX,Y,B,M,23.0,DE,N,Y,121.12,Y
20028725,2025-03-07T16:15:00.000,MAX,Y,B,M,34.0,DE,N,Y,110-125.25,Y
20029974,2026-08-04T19:33:00.000,MAX,N,B,M,37.0,DE,N,Y,120.07,N
20242182,2025-03-14T18:16:08.000,MAX,N,A,M,20.0,DE,N,Y,110-125.25,Y
20250664,2026-05-17T12:39:55.000,MED,Y,B,M,32.0,DE,N,N,265.03,N
20245604,2025-11-11T12:26:03.000,MIN,N,O,M,46.0,DE,N,N,110-125.25,Y
20018465,2025-09-30T16:15:21.000,MIN,Y,B,M,57.0,DE,N,N,160.15,N
20221148,2022-10-13T18:12:37.000,MED,Y,B,M,26.0,DE,N,Y,125.25,Y
20252482,2026-08-20T12:05:15.000,MIN,N,O,M,41.0,DE,N,N,220.21,N
20186402,2026-07-10T12:06:29.000,MED,N,H,M,28.0,CS,N,N,,N
20114443,2024-11-13T12:26:56.000,MIN,N,B,M,61.0,DE,N,N,140.20,N
20246025,2025-09-14T20:32:12.000,MAX,Y,B,M,22.0,DE,N,Y,110-125.25,Y
20251870,2026-07-18T19:16:00.000,MIN,N,B,F,44.0,DE,N,N,220.21,N
20252336,2026-08-12T16:04:22.000,MED,N,B,M,21.0,DE,N,N,AC 000.00,N
20232958,2026-08-28T11:38:23.000,MED,Y,B,M,22.0,DE,N,N,265.03,N
20214890,2026-06-04T17:23:30.000,MED,Y,B,M,36.0,DE,N,N,120.05,N
20141520,2025-10-06T10:41:48.000,MAX,Y,O,M,28.0,DE,N,N,120.10,N
20245295,2026-07-09T12:24:28.000,MED,Y,B,M,30.0,CS,N,N,120.14,N
20153083,2025-07-25T16:51:15.000,MED,Y,B,M,28.0,DE,N,N,125.25,N
20073449,2025-04-16T12:48:38.000,MED,Y,B,M,33.0,DE,N,N,125.25,N
10007420,2026-04-08T23:48:02.000,MIN,N,O,M,36.0,DE,N,N,140.20,N
20232677,2024-07-17T16:38:21.000,MIN,N,O,M,49.0,DE,N,N,110-125.25,N
20238541,2024-09-05T23:22:47.000,MAX,N,B,M,30.0,DE,N,Y,125.25,Y
116527,2025-08-15T11:09:43.000,MAX,N,B,M,45.0,DE,N,N,120.04,N
20250196,2026-04-24T23:46:00.000,MIN,N,B,M,62.0,DE,N,N,110-125.25,N
20204604,2026-08-04T16:57:43.000,MED,Y,W,M,58.0,DE,N,N,120.05,N
65228,2026-07-23T17:09:46.000,MED,Y,B,M,45.0,DE,N,N,215.55,N
20252024,2026-07-28T11:48:46.000,MIN,N,B,M,19.0,DE,N,N,265.03,N
20250167,2026-04-23T20:30:12.000,MIN,N,B,M,57.0,DE,N,N,220.21,N
76945,2026-07-21T21:50:40.000,MAX,Y,W,F,42.0,DE,N,N,140.20,N
20071051,2026-08-28T20:47:39.000,MIN,Y,B,M,47.0,DE,N,N,FOA 900.00,N
20244859,2026-06-07T14:37:24.000,MIN,N,B,M,27.0,CS,N,N,165.40,N
20238381,2026-05-19T01:47:38.000,MIN,N,B,M,43.0,DE,N,N,120.05,N
97156,2026-08-13T09:31:05.000,MED,Y,B,M,57.0,DEP,N,N,VOP,N
17151,2024-03-07T00:16:00.000,MED,Y,B,M,49.0,DE,N,N,125.25,Y
20175664,2024-08-01T15:57:18.000,MAX,Y,B,M,27.0,SSR,N,Y,,Y
20043093,2026-08-19T12:58:00.000,MAX,Y,B,M,32.0,DE,N,N,140.25,N
20252553,2026-08-23T16:32:38.000,MIN,N,B,M,37.0,DE,N,N,155.30,N
20249166,2026-03-18T16:22:26.000,MED,N,B,M,19.0,SSR,N,Y,,Y
20252253,2026-08-09T01:18:53.000,MED,Y,B,M,18.0,DE,N,N,110-125.25,N
20248886,2026-02-18T17:16:05.000,MAX,Y,O,M,41.0,DE,N,N,110-125.25,Y
20247766,2025-12-12T00:30:25.000,MIN,N,O,M,25.0,DE,N,N,140.25,Y
20080496,2026-06-26T17:19:18.000,MED,Y,B,M,57.0,DEP,N,N,155.35,Y
20154305,2026-01-04T13:31:08.000,MED,Y,B,M,27.0,DE,N,Y,140.25,N
20228943,2025-01-06T21:01:31.000,MAX,Y,A,M,28.0,SSR,N,N,110-160.10,Y
20210991,2026-06-26T23:39:31.000,MIN,Y,B,M,26.0,DE,N,N,120.05,N
20240743,2026-08-31T20:44:30.000,MED,N,O,M,53.0,DE,N,N,160.10,N
103569,2026-08-04T17:35:11.000,MED,Y,O,M,39.0,DE,N,Y,230.34,N
20252672,2026-08-31T10:52:37.000,,N,A,M,35.0,DE,N,N,,N
20251596,2026-07-04T19:38:03.000,MED,Y,O,M,19.0,DE,N,Y,265.03,Y
20246192,2025-09-22T19:54:02.000,MED,Y,W,M,39.0,DE,N,N,125.25,N
20218610,2026-06-22T15:52:18.000,MED,Y,O,F,36.0,DE,N,N,110-125.25,N
20232900,2024-07-28T00:49:34.000,MIN,Y,B,M,32.0,DE,N,N,110-125.25,Y
20250887,2026-05-28T20:53:00.000,MIN,N,B,M,19.0,DE,N,N,160.15,Y
20082919,2025-06-26T17:50:42.000,MED,N,B,M,47.0,SSR,N,N,,N
20238131,2025-09-14T12:55:37.000,MAX,Y,O,M,22.0,DE,N,N,140.25,Y
20224399,2025-04-01T16:23:33.000,MAX,Y,B,M,34.0,DE,N,Y,125.25,Y
20199039,2026-01-06T16:01:52.000,MIN,N,B,M,60.0,DE,N,N,215.56,N
10013138,2026-03-17T00:00:00.000,MIN,Y,O,M,41.0,DE,N,N,140.20,Y
20202068,2026-08-12T00:01:13.000,MAX,N,O,M,24.0,DE,N,Y,110-125.25,N
20154718,2026-05-27T21:29:49.000,MIN,N,O,M,34.0,DE,N,N,140.25,N
20174910,2025-07-15T23:27:38.000,MAX,Y,B,M,26.0,CS,N,Y,120.05,Y
20148740,2025-11-04T20:00:58.000,MED,N,B,M,39.0,DE,N,N,125.25,Y
20240866,2025-07-19T00:22:44.000,MED,N,B,M,22.0,DE,N,Y,125.25,Y
20134667,2025-07-18T12:44:00.000,MED,N,O,M,41.0,DE,N,N,135.20,N
20227915,2025-01-04T17:11:00.000,MAX,Y,B,M,25.0,DE,N,N,265.03,Y
118180,2024-10-29T21:12:38.000,MAX,Y,O,M,36.0,DE,N,N,220.41,Y
20229117,2025-04-10T09:45:41.000,MED,Y,B,M,22.0,DE,N,Y,125.25,Y
20212485,2026-02-24T15:03:51.000,MED,N,O,M,28.0,DE,N,N,160.10,Y
20249946,2026-04-14T16:28:48.000,MIN,Y,B,M,50.0,CS,N,N,,Y
20212192,2026-08-19T00:56:27.000,MAX,Y,B,M,33.0,DE,N,N,130.52,N
20242409,2026-02-27T21:00:44.000,MED,N,B,M,20.0,DE,N,Y,110-125.25,Y
20250969,2026-06-02T16:26:00.000,MED,Y,A,M,25.0,DE,N,N,130.35,N
66982,2024-04-13T00:52:00.000,MED,N,O,M,39.0,DE,N,N,130.65,Y
20252071,2026-07-30T17:15:00.000,MIN,Y,B,M,26.0,DE,N,N,120.05,N
20240175,2026-08-13T11:39:00.000,MIN,N,O,M,24.0,CS,N,N,265.01,N
20207877,2026-05-02T06:44:13.000,,Y,O,M,34.0,DE,N,N,160.10,N
20200687,2024-12-10T13:46:32.000,MIN,Y,B,M,29.0,DE,N,N,150.15,N
20211564,2026-06-23T16:16:16.000,MIN,Y,M,M,44.0,CS,N,N,,N
20246003,2026-03-22T16:57:29.000,MED,Y,B,M,24.0,DE,N,Y,110-125.25,Y
20092051,2026-05-14T15:26:47.000,MED,Y,W,M,34.0,CS,N,N,,N
20113982,2026-08-19T01:12:00.000,MIN,N,B,M,59.0,DE,N,N,FOA 900.00,N
20250941,2026-05-31T13:08:16.000,MIN,N,O,M,23.0,DE,N,N,140.25,N
110730,2026-05-15T16:20:23.000,MED,N,O,M,40.0,DE,N,N,165.45,Y
10566,2025-11-08T20:57:16.000,MIN,N,B,M,54.0,DE,N,N,160.10,N
20249558,2026-03-25T13:22:12.000,MIN,Y,W,M,21.0,DE,N,N,265.13,N
65127,2025-03-07T13:14:29.000,MED,Y,B,M,48.0,DE,N,N,125.25,Y
20090843,2026-08-24T11:02:46.000,MED,Y,B,M,63.0,DEP,N,N,VOP,N
20252479,2026-08-20T01:16:29.000,MIN,Y,B,F,25.0,DE,N,N,120.00,N
20248048,2026-04-28T12:27:45.000,MED,N,B,M,20.0,DE,N,Y,265.03,N
101391,2025-06-25T10:29:23.000,MED,N,B,M,36.0,DE,N,N,110-125.25,Y
20234956,2025-12-25T20:50:26.000,MED,Y,O,M,56.0,DE,N,N,265.03,Y
20010323,2025-04-30T16:31:54.000,MAX,N,B,M,33.0,DE,N,Y,110-125.25,Y
20246122,2025-09-19T13:03:52.000,MAX,N,B,M,22.0,DE,N,Y,125.25,Y
20222940,2026-06-18T19:22:00.000,MAX,Y,B,M,31.0,DEP,N,N,VOP,N
20126177,2026-06-25T12:53:54.000,MIN,N,W,M,46.0,DE,N,N,170.25,N
20028427,2026-08-30T01:23:46.000,MED,N,O,M,38.0,DE,N,N,140.20,N
20252677,2026-08-31T16:26:58.000,MIN,N,O,M,72.0,DE,N,N,215.50,N
20247491,2025-11-26T13:11:54.000,MIN,N,O,M,48.0,DE,N,N,AC 999.99,Y
20071890,2026-06-19T10:36:21.000,MIN,Y,B,M,33.0,DE,N,N,110-125.25,N
20244601,2026-05-20T11:13:16.000,MIN,Y,B,M,36.0,DE,N,N,120.05,Y
20072113,2025-10-16T16:39:33.000,MED,N,O,M,35.0,DE,N,Y,110-125.25,Y
20249615,2026-03-28T00:15:36.000,MIN,N,B,M,20.0,DE,N,Y,110-125.25,Y
20169791,2026-07-09T02:27:13.000,MAX,N,O,M,28.0,DE,N,N,120.05,Y
14621,2024-11-13T18:24:47.000,MIN,N,B,M,56.0,DE,N,N,265.03,Y
128577,2025-01-15T15:56:53.000,MIN,N,B,M,56.0,DE,N,Y,160.15,Y
20225060,2026-06-10T17:20:25.000,MIN,Y,O,M,59.0,DE,N,N,110-125.25,N
20074739,2026-06-05T12:39:04.000,MIN,N,O,M,39.0,DE,N,N,215.51,N
20245470,2025-08-20T20:46:47.000,MED,N,B,M,19.0,DE,N,Y,105.15,Y
20206446,2021-04-06T12:47:08.000,MAX,Y,B,M,28.0,DE,N,Y,125.25,Y
20246686,2025-10-17T00:38:34.000,MED,N,O,M,44.0,DE,N,N,220.16,Y
20220041,2022-08-06T22:46:00.000,MED,Y,O,M,22.0,DE,N,N,125.25,Y
20085521,2026-08-14T17:08:21.000,MIN,Y,B,F,62.0,DE,N,N,160.05,N
20108643,2025-10-07T16:49:16.000,MED,N,B,M,31.0,DE,N,N,125.25,N
20251998,2026-07-26T20:07:45.000,MIN,N,O,M,46.0,DE,N,N,110-125.25,N
20084197,2023-04-11T17:25:00.000,MAX,N,B,M,32.0,DE,N,N,125.25,Y
20252210,2026-08-28T00:20:00.000,MED,N,W,M,47.0,DE,N,N,140.30,N
20214199,2025-08-26T01:56:08.000,MAX,Y,O,M,29.0,DE,N,Y,140.30,Y
20241983,2025-03-06T18:53:22.000,MED,Y,O,M,44.0,DE,N,N,125.25,Y
20197485,2026-07-30T00:20:46.000,MED,Y,O,M,38.0,DEP,N,N,168-T(2),N
158398,2026-04-08T11:53:21.000,MED,Y,B,M,43.0,DE,N,N,130.35,N
20251931,2026-07-22T12:11:50.000,MIN,N,B,M,19.0,DE,N,N,265.03,N
20251761,2026-07-13T17:09:00.000,MIN,N,W,M,47.0,DE,N,N,155.30,N
2060,2026-07-03T16:44:15.000,MIN,N,O,M,54.0,DE,N,N,215.51,N
20232455,2026-08-18T12:58:19.000,MIN,N,O,M,34.0,DE,N,N,120.00,N
20205798,2026-04-08T20:35:53.000,MED,Y,B,M,34.0,DE,N,N,263.10,Y
20178585,2026-05-06T20:17:00.000,MED,Y,B,M,35.0,DE,N,N,160.10,N
20249226,2026-03-09T00:31:00.000,MED,N,A,M,30.0,DE,N,N,110-125.25,Y
20199061,2024-01-13T00:39:31.000,MED,Y,O,M,26.0,DE,N,N,110-130.35,Y
20202872,2024-05-24T00:59:00.000,MIN,Y,B,M,41.0,DE,N,N,140.25,Y
20142093,2026-06-25T15:25:15.000,MAX,Y,B,F,39.0,DE,N,N,150.15,N
20241671,2026-06-25T11:53:10.000,MIN,Y,O,M,26.0,DE,N,N,110-125.25,N
20251304,2026-06-19T13:42:56.000,MED,Y,W,M,22.0,DE,N,Y,110-125.25,N
20241300,2025-01-26T19:52:59.000,MIN,Y,A,M,26.0,DE,N,N,110-125.25,Y
58469,2025-02-13T11:20:25.000,MED,Y,B,M,44.0,DE,N,N,110-120.10,Y
20252053,2026-07-30T00:18:31.000,MIN,Y,B,M,46.0,CS,N,N,,N
20249602,2026-03-27T12:47:00.000,MAX,Y,B,M,23.0,DE,N,N,140.30,Y
20241637,2026-01-13T16:22:00.000,MED,Y,O,M,27.0,DE,N,N,110-160.10,Y
20252547,2026-08-27T13:09:26.000,MED,N,B,M,19.0,DE,N,N,160.10,N
20251759,2026-07-13T16:02:36.000,MED,N,B,M,35.0,DE,N,Y,125.25,N
20252057,2026-07-30T10:49:52.000,MIN,N,O,M,48.0,CS,N,N,215.55,N
20058068,2026-05-29T23:52:58.000,MIN,Y,B,F,43.0,DE,N,N,155.30,Y
99528,2025-04-08T11:56:02.000,MAX,Y,O,M,36.0,DE,N,N,110-125.25,Y
20074973,2025-10-27T16:21:30.000,MAX,N,B,M,30.0,DE,N,N,160.15,Y
20231313,2026-02-01T21:04:55.000,MIN,Y,B,M,39.0,DE,N,N,160.05,Y
166012,2026-08-25T13:09:09.000,MIN,N,O,M,70.0,DE,N,N,155.35,N
20209960,2026-05-21T13:22:13.000,MED,Y,B,M,41.0,DE,N,N,168-T,Y
10015811,2025-09-17T23:54:33.000,MAX,Y,B,M,33.0,DE,N,N,160.10,Y
20252164,2026-08-05T16:52:55.000,MED,N,O,M,24.0,DE,N,N,130.96,N
73313,2026-04-14T05:58:06.000,MIN,Y,B,M,42.0,DE,N,N,215.52,N
20249217,2026-03-08T12:08:55.000,MED,N,O,M,34.0,DE,N,N,130.35,N
20048023,2026-01-14T16:42:16.000,MED,Y,B,M,32.0,DE,N,N,110-130.35,Y
20238711,2026-08-31T14:40:02.000,MED,N,O,M,36.0,DE,N,N,155.30,N
20232108,2024-06-20T01:18:55.000,MED,Y,W,M,20.0,DE,N,Y,110-125.25,Y
20240494,2026-08-29T20:44:00.000,MAX,Y,B,M,27.0,DE,N,N,220.39,N
20113377,2026-08-24T14:07:41.000,MAX,Y,B,M,31.0,DE,N,Y,265.11,N
20228998,2026-05-01T17:09:24.000,MED,Y,A,M,24.0,DE,N,N,130.35,N
20221267,2025-11-20T23:58:29.000,MAX,Y,O,M,23.0,DE,N,Y,110-120.07,Y
20230018,2026-05-13T11:38:00.000,MAX,N,B,M,21.0,CS,N,Y,110-265.03,Y
20248483,2026-01-24T12:36:21.000,MAX,Y,B,M,36.0,DE,N,N,265.03,Y
20252323,2026-08-12T00:54:18.000,MED,N,B,M,22.0,DE,N,N,125.25,N
20145764,2026-06-23T12:58:11.000,MED,Y,B,M,60.0,DEP,N,N,VOP,N
20226400,2026-05-22T19:16:09.000,MED,N,B,M,27.0,DE,N,Y,265.03,N
20247051,2025-11-05T17:30:25.000,MED,Y,B,F,30.0,DE,N,N,265.02,Y
91328,2026-08-29T00:54:00.000,MED,Y,B,M,36.0,DE,N,N,120.10,N
20249863,2026-04-10T10:47:23.000,MIN,Y,B,M,32.0,DE,N,N,220.21,N
20252236,2026-08-08T01:21:53.000,MED,N,B,M,21.0,DE,N,Y,105.15,N
20221265,2026-03-30T18:00:38.000,MAX,Y,B,F,22.0,DE,N,N,110-125.25,Y
20194225,2026-01-16T12:54:24.000,MED,Y,O,M,30.0,DE,N,N,140.25,Y
20071458,2026-06-05T09:40:41.000,MIN,Y,B,M,53.0,CSP,N,N,VOP,N
20245468,2026-05-28T19:14:21.000,MIN,Y,B,M,32.0,DE,N,N,120.05,N
20240125,2026-04-28T21:03:52.000,MED,Y,B,M,21.0,DE,N,Y,160.10,Y
10012344,2023-08-17T00:04:10.000,MED,Y,O,M,44.0,DE,N,N,125.25,Y
20246499,2025-10-07T21:02:16.000,MED,N,O,M,20.0,DE,N,Y,125.25,Y
20212893,2025-11-14T23:38:00.000,MAX,Y,B,M,28.0,DEP,N,Y,121.12,Y
20240589,2024-12-18T12:12:14.000,MED,Y,O,M,20.0,DE,N,Y,110-125.25,Y
20251094,2026-06-08T15:58:06.000,MED,Y,O,M,21.0,DE,N,N,125.25,N
20046813,2026-07-18T13:01:15.000,MAX,Y,O,M,33.0,DE,N,N,265.03,N
20232204,2026-07-28T22:02:34.000,MAX,Y,B,M,33.0,DE,N,N,120.10,N
20088585,2026-04-20T16:02:38.000,MIN,N,B,M,41.0,DNS,N,N,,N
20250983,2026-06-03T01:25:21.000,MIN,N,O,M,32.0,CS,N,N,,N
43416,2024-07-27T00:24:05.000,MIN,Y,W,M,58.0,DE,N,N,155.40,N
20240915,2026-05-31T13:13:31.000,MED,N,B,M,20.0,CS,N,N,,Y
20039408,2026-08-01T01:02:49.000,MED,Y,B,M,45.0,DE,N,N,220.41,N
145556,2026-08-22T20:34:19.000,MED,Y,B,M,37.0,DE,N,N,155.35,N
20241569,2026-07-23T11:29:00.000,MED,Y,B,M,22.0,DE,N,N,160.15,N
20249837,2026-04-09T12:44:46.000,MED,Y,O,M,38.0,DE,N,N,125.25,N
20248926,2026-02-20T12:08:47.000,MED,N,O,M,33.0,DE,N,N,130.35,N
20155587,2026-02-06T00:03:15.000,MAX,Y,B,M,27.0,DE,N,Y,110-160.10,Y
20246647,2026-05-14T19:15:00.000,MED,Y,B,M,18.0,DE,N,Y,160.15,Y
10014247,2026-03-11T17:02:46.000,MED,N,O,M,42.0,DE,N,Y,220.77,Y
20115756,2026-08-24T20:49:55.000,MIN,N,B,M,33.0,DE,N,N,265.03,N
20250299,2026-08-25T19:51:08.000,MED,N,B,M,56.0,DE,N,N,160.10,N
20100395,2026-02-28T17:08:00.000,MIN,Y,B,M,33.0,DE,N,N,160.10,N
126471,2026-07-16T11:41:43.000,MIN,Y,O,M,49.0,DE,N,N,140.20,N
20192649,2026-06-27T12:50:38.000,MIN,N,O,M,33.0,DE,N,N,140.20,N
20208535,2026-03-26T18:47:03.000,MAX,N,B,M,26.0,DE,N,Y,125.25,Y
20249849,2026-04-09T20:33:00.000,MIN,Y,B,M,50.0,DE,N,N,110-125.25,N
20249795,2026-04-07T20:56:22.000,MIN,N,A,M,37.0,DE,N,N,470.20,N
20051015,2026-03-12T23:34:04.000,MED,Y,B,M,54.0,DEP,N,N,VOP,N
20128944,2026-01-08T17:34:15.000,MIN,Y,B,M,41.0,DE,N,Y,140.20,N
20203850,2026-01-09T13:19:31.000,MIN,Y,O,M,24.0,DE,N,N,265.01B,N
20250155,2026-04-23T12:20:47.000,MIN,Y,B,M,40.0,DE,N,N,120.10,Y
20242940,2025-04-22T12:07:05.000,MED,Y,B,M,32.0,DE,N,N,110-125.25,Y
20241592,2025-09-25T00:22:17.000,MAX,Y,B,M,21.0,DE,N,Y,110-125.25,Y
20231297,2025-07-11T12:16:42.000,MAX,N,O,M,23.0,DE,N,N,160.15,Y
20229020,2024-01-11T21:00:24.000,MED,N,B,M,33.0,DE,N,N,125.25,Y
20245276,2026-02-08T15:34:19.000,MIN,N,B,M,54.0,CS,N,N,CO,N
20197923,2026-04-25T00:06:28.000,MIN,Y,B,M,37.0,DE,N,N,165.52,N
20165169,2026-05-05T16:49:44.000,MIN,Y,B,M,29.0,CS,N,N,,N
20232901,2024-07-27T23:08:00.000,MED,N,B,M,30.0,DE,N,N,125.25,Y
20230322,2025-07-23T12:19:28.000,MED,Y,A,M,49.0,DE,N,N,125.20,N
147699,2024-12-15T15:54:27.000,MED,Y,B,M,39.0,DE,N,Y,130.35,N
20244289,2026-04-17T16:17:34.000,MIN,Y,B,M,27.0,CS,N,N,,N
20210806,2026-07-25T01:00:41.000,MAX,Y,B,M,26.0,DE,N,N,120.05,Y
20228089,2026-08-27T01:41:44.000,MED,N,O,M,31.0,DE,N,N,140.20,N
4488,2023-04-14T20:31:00.000,MAX,Y,B,M,38.0,DE,N,N,125.25,Y
20222023,2026-02-17T13:22:33.000,MIN,N,B,M,61.0,CS,N,N,,N
20246756,2025-10-20T12:27:40.000,MED,Y,O,M,23.0,DE,N,N,125.25,Y
48685,2026-06-29T01:06:48.000,MIN,Y,O,M,40.0,DE,N,N,265.03,N
59298,2026-05-21T12:12:27.000,MIN,N,B,M,46.0,DE,N,N,220.16,N
20251573,2026-07-03T20:38:33.000,MIN,N,O,M,50.0,DE,N,N,120.05,N
55469,2026-08-21T15:25:33.000,MAX,Y,B,M,45.0,DE,N,Y,160.15,N
10002069,2026-08-13T20:54:00.000,MED,N,B,M,40.0,DE,N,Y,120.05,N
20250566,2026-05-13T01:22:46.000,MED,N,O,M,27.0,DE,N,N,130.35,N
28552,2025-09-06T00:29:00.000,MIN,Y,W,M,44.0,CS,N,N,,Y
20019490,2026-08-15T17:07:52.000,MED,Y,B,M,36.0,DEP,N,N,195.05,Y
20139791,2026-04-30T14:51:51.000,MAX,Y,B,M,33.0,CS,N,N,130.52,Y
20005310,2026-01-04T20:14:32.000,MED,N,B,M,55.0,DE,N,N,140.30,N
20208665,2026-08-24T15:23:03.000,MED,Y,B,M,26.0,CS,N,N,265.03,N
162345,2025-07-27T14:16:14.000,MED,Y,B,M,47.0,DE,N,N,120.05,Y
20207575,2025-10-20T08:17:28.000,MAX,Y,B,M,30.0,DE,N,N,125.25,Y
156995,2026-07-22T16:48:55.000,MED,N,B,M,37.0,DE,N,Y,125.25,N
20230683,2025-07-29T12:10:15.000,MED,Y,W,M,55.0,DE,N,N,160.15,N
20242603,2025-04-04T20:00:15.000,MIN,N,O,M,47.0,DE,N,N,265.04,N
20163665,2023-04-14T13:31:46.000,MED,Y,O,M,30.0,DE,N,N,125.25,N
20229593,2026-03-19T20:04:10.000,MAX,Y,B,M,27.0,CS,N,N,110-120.10,Y
20249342,2026-03-13T20:35:59.000,MIN,N,O,M,38.0,DE,N,N,220.21,Y
20246819,2025-10-23T20:10:40.000,MIN,N,A,M,27.0,DE,N,N,110-105.15,N
48285,2026-05-19T15:41:05.000,MED,Y,B,M,46.0,DE,N,Y,220.39,N
20245431,2025-08-19T11:33:51.000,MIN,N,B,M,43.0,DE,N,N,110-125.25,Y
20249789,2026-04-07T19:00:56.000,MED,Y,B,M,53.0,DE,N,N,125.25,Y
20187068,2026-07-10T19:56:40.000,MED,N,A,M,29.0,DE,N,N,165.40,N
20136895,2025-10-20T10:49:08.000,MAX,Y,B,M,32.0,DE,N,N,120.05,Y
20144950,2026-06-21T12:39:05.000,MIN,Y,O,M,54.0,CS,N,N,,N
20221887,2025-08-07T17:16:24.000,MED,Y,B,M,21.0,SSR,N,Y,,Y
20168487,2026-05-31T11:38:21.000,MIN,Y,W,M,60.0,DEP,N,N,140.25,N
20232125,2026-08-04T15:41:55.000,MAX,N,B,F,23.0,DE,N,N,160.15,N
20045278,2026-07-24T00:58:40.000,MED,N,B,M,34.0,DE,N,N,140.20,Y
25944,2026-04-11T02:27:20.000,MIN,N,B,M,43.0,CS,N,Y,,N
20251542,2026-07-02T09:01:54.000,MIN,Y,I,M,41.0,DNS,N,N,,N
20247941,2025-12-22T16:15:37.000,MIN,Y,O,F,45.0,DE,N,N,155.35,Y
20241846,2025-02-27T15:46:24.000,MED,Y,O,M,38.0,DE,N,N,125.25,Y
20056156,2026-06-10T16:07:21.000,MIN,N,B,M,42.0,DE,N,N,215.51,N
20191315,2026-08-21T12:26:00.000,MED,Y,W,M,36.0,DE,N,N,120.05,N
20189566,2026-06-08T00:40:58.000,MED,Y,O,M,50.0,DE,N,N,140.20,N
41185,2023-03-04T20:41:38.000,MED,N,B,M,41.0,DE,N,N,220.21,Y
5283,2025-07-22T17:15:00.000,MIN,Y,B,M,46.0,DE,N,N,140.25,N
20220466,2026-03-27T11:41:15.000,MED,Y,O,M,36.0,DE,N,N,120.05,Y
20043989,2026-08-24T01:16:11.000,MIN,Y,B,M,44.0,DEP,N,N,140.20,N
20217296,2026-07-27T16:22:58.000,MAX,Y,B,M,24.0,DE,N,Y,110-120.07,Y
20177878,2026-07-25T01:44:33.000,MED,Y,O,M,40.0,DE,N,N,160.10,N
20069071,2026-07-28T10:36:31.000,MED,N,B,M,36.0,DE,N,N,120.10,N
20250875,2026-05-28T16:00:38.000,MIN,N,B,M,35.0,DE,N,N,155.42,N
20250725,2026-05-20T12:54:55.000,MIN,Y,B,M,33.0,DE,N,N,121.12,N
20251110,2026-06-30T13:23:47.000,MIN,Y,O,F,19.0,DE,N,N,110-125.25,N
130122,2025-10-26T00:47:18.000,MED,Y,B,F,40.0,DE,N,N,110-120.10,Y
20249633,2026-04-09T01:20:44.000,MED,Y,B,M,26.0,DE,N,N,120.05,Y
20174513,2024-06-02T01:23:58.000,MED,Y,B,M,28.0,DE,N,Y,110-120.10,Y
20218472,2026-05-03T01:17:16.000,MED,Y,O,M,37.0,DE,N,N,120.05,Y
20252344,2026-08-12T20:49:22.000,MIN,Y,B,M,26.0,DE,N,N,265.03,N
20252579,2026-08-25T12:11:35.000,MIN,N,A,M,37.0,DE,N,N,155.30,N
20057019,2026-06-24T18:34:39.000,MED,Y,O,M,32.0,DE,N,N,110-160.15,N
20249566,2026-08-26T15:27:20.000,MED,N,B,M,27.0,DE,N,N,140.25,N
20165094,2026-03-07T20:07:39.000,MED,N,B,M,45.0,DE,N,Y,160.15,N
20238506,2024-09-04T20:10:13.000,MED,Y,A,M,27.0,DE,N,N,125.25,Y
20239637,2024-10-31T17:36:00.000,MED,Y,B,M,31.0,DE,N,N,125.25,Y
20246437,2026-07-30T14:28:42.000,MED,N,B,M,20.0,DE,N,Y,265.03,N
20245692,2025-08-29T23:44:55.000,MIN,N,B,M,26.0,DE,N,N,265.03,Y
20040395,2026-07-31T15:26:13.000,MAX,Y,O,M,35.0,DEP,N,Y,215.52,N
22823,2026-06-22T11:09:53.000,MED,Y,B,M,46.0,DEP,N,Y,140.20,N
20065276,2026-05-26T14:38:36.000,MAX,Y,O,M,35.0,DE,N,Y,160.15,N
20239318,2026-02-20T00:31:50.000,MIN,Y,W,M,32.0,DE,N,N,140.25,N
20251994,2026-07-26T12:09:19.000,MED,N,O,M,25.0,DE,N,N,110-125.25,N
20243135,2025-05-01T15:58:59.000,MAX,N,B,M,19.0,DE,N,Y,125.25,Y
20071709,2026-06-03T13:04:42.000,MED,N,O,M,37.0,DE,N,N,135.20,N
20231659,2025-02-12T09:26:07.000,MED,Y,B,F,48.0,DE,N,N,140.30,N
20210172,2026-02-26T17:03:52.000,MAX,N,O,M,53.0,DE,N,N,215.52,N
29915,2026-06-29T00:36:16.000,MAX,Y,B,M,44.0,DE,N,N,120.05,N
26516,2026-04-26T15:58:53.000,MED,N,B,M,37.0,DE,N,N,265.03,N
20252195,2026-08-06T16:21:22.000,MED,Y,B,M,36.0,DE,N,N,125.25,N
20088175,2026-05-11T14:42:37.000,MAX,Y,B,M,34.0,DE,N,N,120.05,Y
20181313,2024-08-20T16:41:59.000,MAX,Y,B,M,26.0,DE,N,Y,125.25,Y
34960,2026-02-13T12:10:25.000,MIN,N,B,M,43.0,CS,N,N,,N
138941,2026-05-04T00:40:06.000,MAX,Y,O,M,40.0,DE,N,N,,Y
20244251,2026-08-07T16:04:40.000,MED,N,B,M,20.0,CS,N,Y,,N
20199396,2026-03-19T22:40:00.000,MIN,Y,B,M,30.0,DE,N,N,265.03,N
72077,2024-12-20T01:13:06.000,MED,N,O,M,49.0,DE,N,N,110-130.35,Y
20250102,2026-04-21T00:52:03.000,MIN,N,O,M,43.0,DE,N,N,220.18,N
140921,2024-05-23T17:16:17.000,MED,Y,B,M,56.0,DE,N,N,125.25,Y
20228226,2026-08-31T11:23:24.000,,N,H,F,36.0,DE,N,N,110-120.10,N
10011090,2026-08-31T13:46:19.000,MIN,N,W,M,39.0,DPV,N,N,,N
20252366,2026-08-14T00:34:03.000,MIN,N,B,M,26.0,DE,N,N,215.52,N
20229193,2026-07-19T16:20:34.000,MED,Y,O,F,28.0,DE,N,N,155.35,N
20212944,2026-04-16T21:53:05.000,MAX,Y,B,M,24.0,DE,N,N,155.35,N
20250006,2026-04-16T15:38:52.000,MIN,Y,W,M,28.0,DE,N,N,160.10,N
20080953,2026-08-16T08:46:33.000,MED,Y,B,M,46.0,DE,N,N,120.00,N
20175512,2023-07-05T17:13:56.000,MED,Y,W,M,31.0,DE,N,Y,125.25,Y
20241114,2026-08-01T00:58:58.000,MIN,Y,B,M,24.0,DE,N,N,130.52,N
20252655,2026-08-29T18:06:05.000,MIN,Y,W,M,30.0,DE,N,N,120.05,N
57638,2024-08-03T00:05:43.000,MED,Y,O,M,65.0,DE,N,N,125.25,Y
20216782,2024-05-09T16:22:14.000,MAX,N,B,M,26.0,DEP,N,Y,125.27,Y
20103388,2026-04-29T11:52:11.000,MIN,N,O,M,62.0,DE,N,N,140.20,N
20252664,2026-08-30T19:28:08.000,MIN,N,B,M,31.0,DE,N,N,120.14,N
20165817,2026-06-04T16:57:48.000,MIN,Y,B,M,30.0,DE,N,N,110-125.25,N
20242201,2026-08-30T01:31:12.000,MIN,N,B,M,60.0,DE,N,N,155.30,N
20210522,2025-08-15T16:17:17.000,MED,Y,O,M,26.0,DE,N,N,160.15,Y
20249467,2026-03-20T01:48:52.000,MIN,N,O,M,42.0,DE,N,N,220.21,N
20248955,2026-02-22T00:27:00.000,MAX,Y,B,M,22.0,DE,N,Y,120.25,Y
160876,2025-12-28T23:28:00.000,MED,Y,B,F,44.0,DE,N,N,140.20,Y
20224499,2026-07-14T00:39:05.000,MIN,Y,B,M,48.0,DE,N,N,160.15,Y
20243480,2025-05-15T21:51:06.000,MAX,Y,O,M,23.0,DE,N,Y,110-125.25,Y
166385,2026-07-17T12:50:26.000,MED,N,B,M,35.0,DE,N,N,140.30,N
20245405,2026-08-20T19:07:55.000,MED,Y,W,M,32.0,DE,N,N,140.30,N
10000723,2023-06-22T16:14:08.000,MED,Y,B,M,39.0,DE,N,N,125.25,Y
20021429,2025-09-03T10:30:56.000,MAX,Y,W,M,34.0,DE,N,N,215.51,Y
20061253,2025-12-05T15:21:40.000,MED,Y,B,M,41.0,DE,N,Y,220.31,N
20251442,2026-06-26T01:07:54.000,MIN,N,O,M,22.0,DE,N,N,160.10,N
20222698,2026-07-10T18:38:53.000,MED,Y,O,M,25.0,DE,N,N,120.05,N
20145124,2026-08-07T17:40:00.000,MAX,Y,B,M,27.0,DE,N,Y,130.35,N
20252689,2026-09-01T01:13:51.000,,N,O,M,23.0,DE,N,N,120.05,N
20208442,2026-07-31T21:12:48.000,MAX,N,B,M,26.0,DE,N,Y,160.10,Y
20137294,2024-05-21T11:04:38.000,MAX,Y,B,M,28.0,DE,N,Y,110-125.25,Y
140322,2025-03-13T17:00:07.000,MED,Y,B,M,36.0,DE,N,N,110-125.25,Y
20249570,2026-03-26T00:23:21.000,MED,Y,O,M,21.0,DE,N,Y,110-125.25,Y
66654,2026-04-15T01:39:01.000,MIN,Y,O,M,44.0,CS,N,N,120.05,N
20188068,2025-09-25T10:22:07.000,MAX,Y,W,M,33.0,DE,N,N,120.10,Y
20249598,2026-08-25T12:42:32.000,MIN,Y,B,F,34.0,DE,N,N,145.10,N
20028138,2026-08-30T19:05:00.000,MIN,Y,B,M,39.0,DE,N,N,220.03,N
10003342,2026-07-19T19:56:54.000,MIN,Y,O,M,42.0,DE,N,N,220.03,Y
20244817,2026-07-12T16:18:46.000,MED,N,O,M,30.0,DE,N,N,121.12,N
20251006,2026-06-04T11:36:45.000,MIN,Y,O,M,39.0,DE,N,N,145.10,N
20051395,2026-08-20T19:08:43.000,MIN,N,W,M,45.0,DE,N,N,,N
84369,2026-08-20T15:38:50.000,MIN,N,B,M,43.0,CS,N,N,,N
20162962,2026-03-20T01:23:00.000,MIN,Y,O,M,47.0,DE,N,N,150.15,N
20217337,2022-08-26T01:38:03.000,MED,Y,B,M,39.0,DE,N,N,125.25,N
20207312,2026-05-21T11:58:18.000,MAX,Y,B,M,26.0,DE,N,N,120.05,N
20077967,2026-07-07T15:25:20.000,MED,Y,O,M,40.0,DE,N,N,140.25,N
20241980,2025-03-06T17:23:00.000,MED,Y,O,F,22.0,DE,N,N,125.25,Y
68544,2026-06-25T20:18:35.000,MED,Y,B,M,55.0,CS,N,N,140.20,N
20013780,2026-08-11T20:18:18.000,MED,N,O,M,35.0,DE,N,N,140.30,N
20238413,2026-01-22T15:56:04.000,MIN,Y,B,M,52.0,DE,N,N,110-125.25,N
20119683,2024-11-06T17:10:00.000,MED,N,B,M,59.0,DE,N,N,125.25,Y
148899,2026-08-31T01:18:42.000,MED,N,B,M,43.0,DE,N,Y,240.32,N
20242132,2025-03-13T00:49:05.000,MAX,Y,B,M,19.0,DE,N,Y,160.15,Y
22335,2026-07-21T15:57:38.000,MED,Y,B,M,49.0,SSR,N,N,,N
29232,2025-07-23T13:12:32.000,MED,Y,B,F,60.0,DEP,N,N,160.10,N
58295,2026-05-12T01:12:29.000,MAX,Y,B,M,42.0,DE,N,N,160.15,Y
20150996,2024-05-24T17:16:39.000,MED,Y,B,M,29.0,DE,N,Y,125.25,Y
20251517,2026-06-30T22:41:00.000,MED,Y,B,M,34.0,DE,N,N,160.10,N
169504,2025-05-15T16:25:15.000,MIN,Y,B,M,38.0,DE,N,N,110-125.25,Y
20231936,2025-01-15T15:48:09.000,MAX,Y,B,M,23.0,DE,N,Y,105.15,Y
20080846,2026-03-10T16:42:56.000,MED,Y,B,M,32.0,DE,N,N,140.25,N
20252585,2026-08-25T19:30:15.000,,Y,B,M,51.0,DE,N,N,110-150.15,N
20119220,2026-01-26T20:40:23.000,MIN,N,B,M,33.0,DE,N,N,121.12,Y
20239929,2026-05-18T13:58:01.000,MED,Y,B,M,26.0,DE,N,N,160.10,Y
20034203,2026-08-23T19:12:00.000,MIN,N,B,M,62.0,DE,N,N,140.25,N
20244122,2026-06-12T15:33:17.000,MED,N,O,M,28.0,DE,N,N,160.15,N
20239176,2025-11-13T17:37:41.000,MIN,N,B,M,50.0,DE,N,N,160.15,Y
20024715,2026-08-20T15:38:20.000,MIN,N,W,M,37.0,DE,N,N,155.30,N
20011845,2026-02-04T21:03:34.000,MED,Y,B,M,33.0,DEP,N,N,240.30,Y
57641,2025-12-22T12:53:49.000,MAX,Y,U,M,36.0,DE,N,N,160.15,Y
20251773,2026-07-14T16:05:10.000,MAX,N,B,M,22.0,DE,N,N,125.25,N
20216227,2026-04-04T00:01:24.000,MIN,N,B,M,23.0,CS,N,Y,,Y
20217010,2026-07-11T23:20:00.000,MAX,Y,B,M,24.0,DE,N,N,110-160.15,Y
76911,2026-07-17T00:20:34.000,MIN,N,B,M,64.0,DE,N,N,215.51,N
20143153,2025-07-28T17:01:36.000,MIN,Y,B,M,70.0,DE,N,N,110-125.25,N
20144479,2025-11-12T01:01:16.000,MAX,Y,O,M,41.0,DE,N,N,160.15,Y
20186677,2026-05-31T00:37:00.000,MAX,Y,O,M,28.0,DEP,N,N,140.25,Y
19875,2025-09-09T11:38:48.000,MAX,Y,B,M,53.0,DE,N,N,110-120.10,Y
20129410,2025-12-25T20:13:21.000,MED,Y,O,F,34.0,DE,N,N,110-120.05,Y
20224933,2023-05-29T23:10:00.000,MAX,N,O,M,27.0,DE,N,N,125.25,Y
20248651,2026-02-04T17:06:00.000,MIN,N,B,M,25.0,DE,N,N,110-125.25,N
117275,2024-01-25T15:57:00.000,MED,Y,B,F,35.0,DE,N,N,125.25,Y
20096831,2026-01-22T11:08:05.000,MED,Y,B,F,31.0,DE,N,N,265.03,Y
20250455,2026-07-19T13:41:18.000,MIN,Y,O,M,29.0,DE,N,N,155.25,N
20075349,2025-09-01T00:09:08.000,MAX,N,B,M,36.0,DE,N,N,110-125.25,Y
23004,2026-03-18T15:32:33.000,MAX,N,O,M,54.0,DE,N,N,140.20,Y
10015601,2026-06-04T11:45:04.000,MAX,N,B,M,56.0,DE,N,Y,130.35,Y
20079650,2025-05-08T01:35:48.000,MAX,Y,B,M,38.0,DE,N,N,110-120.10,Y
109570,2026-06-16T11:56:14.000,MIN,Y,W,M,66.0,DE,N,N,110-140.30,N
20251950,2026-07-23T13:10:25.000,MIN,Y,B,F,52.0,DE,N,N,215.55,N
20247556,2025-12-01T21:06:04.000,MIN,Y,O,M,37.0,DE,N,N,110-125.25,Y
20226879,2023-09-11T00:21:00.000,MAX,N,W,M,34.0,DE,N,N,125.25,Y
20020380,2026-05-13T00:04:55.000,MIN,Y,O,M,45.0,DE,N,N,140.20,N
20240765,2026-05-12T17:20:51.000,MED,N,A,M,41.0,DE,N,N,110-120.10,Y
20247403,2025-11-21T16:13:58.000,MIN,Y,O,M,39.0,DE,N,N,110-125.25,N
20251579,2026-07-03T22:22:20.000,MED,N,B,M,19.0,DE,N,Y,160.15,N
20102472,2026-01-09T19:36:30.000,MAX,Y,B,M,38.0,DE,N,N,125.25,Y
20100455,2026-08-03T01:12:18.000,MIN,Y,W,M,36.0,DE,N,N,265.03,N
20214637,2026-08-13T16:11:31.000,MED,N,B,M,23.0,DEP,N,Y,VOP,N
20252568,2026-08-24T16:57:31.000,MED,N,O,M,46.0,DE,N,N,125.25,N
20252085,2026-07-31T13:06:22.000,MIN,N,O,M,32.0,DE,N,N,155.40,N
20061001,2026-08-08T17:12:14.000,MED,N,O,M,54.0,DE,N,N,140.25,N
20239203,2024-10-09T12:10:03.000,MED,Y,O,M,21.0,DE,N,Y,125.25,Y
149197,2025-12-23T19:33:56.000,MAX,Y,B,M,48.0,DE,N,N,160.15,Y
20244037,2026-08-30T02:02:40.000,MIN,Y,B,M,42.0,DE,N,N,120.14,N
12894,2026-06-19T00:39:48.000,MIN,Y,W,M,64.0,DE,N,N,140.20,N
20222419,2025-11-11T19:11:55.000,MAX,Y,A,M,36.0,DE,N,N,120.05,Y
20240542,2025-11-21T01:35:51.000,MIN,Y,O,M,33.0,DE,N,N,160.10,Y
20162956,2026-04-26T19:49:51.000,MED,Y,B,M,30.0,DE,N,N,120.05,N
20250354,2026-05-04T12:41:28.000,MIN,N,O,M,34.0,DE,N,N,220.16,N
20252586,2026-08-25T20:15:28.000,MED,N,O,M,19.0,DE,N,N,265.03,N
20228988,2026-08-11T10:59:57.000,MAX,Y,B,M,21.0,DE,N,Y,130.35,N
108593,2026-07-18T18:44:43.000,MED,Y,B,F,46.0,DE,N,N,220.16,N
57644,2026-08-12T13:51:41.000,MIN,N,O,M,62.0,DE,N,N,140.25,N
20251142,2026-06-10T17:14:00.000,MED,Y,B,M,37.0,DE,N,N,215.51,Y
73653,2026-06-26T11:27:25.000,MED,Y,O,M,52.0,DE,N,N,160.10,N
20251410,2026-06-25T00:03:09.000,MAX,Y,O,F,28.0,DE,N,N,110-120.10,Y
20252628,2026-08-28T02:02:16.000,MED,N,O,M,21.0,DE,N,N,220.16,N
20230073,2024-03-09T13:32:42.000,MAX,Y,B,M,32.0,DE,N,N,125.25,Y
20223825,2025-11-16T00:50:55.000,MED,Y,B,M,28.0,DE,N,N,140.20,Y
4263,2026-01-24T16:45:44.000,MIN,N,O,M,44.0,CS,N,N,,Y
20250128,2026-04-22T11:35:06.000,MIN,N,O,M,34.0,DE,N,N,140.25,N
92563,2026-04-18T21:23:15.000,MIN,Y,O,M,44.0,DEP,N,N,VOP,N
20247637,2025-12-05T14:39:05.000,MIN,N,O,M,19.0,DE,N,N,120.07,N
20251654,2026-07-07T23:50:20.000,MIN,Y,O,M,35.0,DE,N,N,220.21,N
20210924,2026-08-31T19:44:00.000,MED,N,B,M,30.0,DE,N,Y,,N
20172391,2025-04-22T13:52:47.000,MAX,Y,B,M,26.0,DE,N,Y,125.25,Y
78668,2025-03-09T01:15:47.000,MED,N,B,M,55.0,DE,N,N,130.35,Y
20065058,2026-07-21T00:17:00.000,MED,Y,O,M,42.0,DE,N,N,160.15,N
10011989,2026-08-13T12:54:29.000,MED,Y,W,M,42.0,DE,N,N,140.20,N
20246727,2025-10-18T21:13:37.000,MED,Y,B,M,65.0,DE,N,N,125.25,N
20244361,2026-04-14T20:36:46.000,MIN,Y,B,M,50.0,DE,N,N,263.15,N
20245990,2025-09-12T19:53:37.000,MED,N,B,M,38.0,DE,N,N,130.25,N
20233238,2024-08-13T23:13:27.000,MED,Y,B,M,20.0,DE,N,Y,125.25,Y
20163870,2026-05-27T09:25:40.000,MAX,Y,B,M,29.0,DE,N,Y,120.10,Y
20248960,2026-02-22T11:00:52.000,MED,Y,B,M,38.0,DE,N,N,160.15,Y
20213106,2023-06-08T17:49:38.000,MAX,Y,B,M,25.0,DE,N,Y,105.15,Y
20188709,2026-08-31T20:24:00.000,MIN,N,W,M,36.0,DE,N,N,155.25,N
17895,2026-07-18T05:56:38.000,MIN,Y,W,M,41.0,DE,N,N,140.20,N
20246744,2026-07-30T16:25:24.000,MIN,N,O,M,42.0,DE,N,N,155.35,N
10006607,2023-12-20T17:06:03.000,MAX,Y,B,M,47.0,DE,N,N,125.25,Y
20251973,2026-07-24T20:29:38.000,MIN,Y,O,M,46.0,DE,N,N,140.20,N
20228611,2025-09-24T21:02:55.000,MAX,Y,B,M,28.0,DE,N,N,110-125.25,Y
20211515,2026-03-10T16:02:26.000,MED,N,B,M,45.0,DE,N,N,110-125.25,Y
159006,2026-08-23T01:41:39.000,MED,N,B,M,53.0,DEP,N,N,VOP,N
20227872,2026-08-21T12:31:17.000,MED,Y,W,M,41.0,DE,N,N,140.30,N
20246278,2025-09-26T12:13:33.000,MED,Y,B,M,26.0,DE,N,N,125.25,Y
20251688,2026-07-09T17:22:54.000,MIN,Y,B,M,28.0,DE,N,N,110-125.25,N
20222816,2025-06-05T14:26:11.000,MED,Y,B,M,21.0,CS,N,Y,110-125.25,Y
20044148,2024-11-04T13:42:00.000,MED,Y,B,M,60.0,DE,N,N,125.25,N
20248877,2026-02-17T18:29:15.000,MIN,N,O,M,35.0,DE,N,N,220.21,N
20055349,2026-03-03T13:28:40.000,MIN,N,B,M,37.0,DE,N,N,155.40,N
20055320,2026-06-05T00:18:43.000,MED,N,B,M,34.0,DE,N,N,121.12,Y
20249514,2026-04-05T18:56:33.000,MED,N,B,M,24.0,DE,N,N,140.20,Y
27540,2023-11-04T12:13:00.000,MAX,N,O,M,46.0,DE,N,Y,110-125.25,Y
20123226,2025-02-05T15:57:36.000,MAX,N,B,M,33.0,DE,N,Y,220.21,Y
20252618,2026-08-27T17:29:13.000,MIN,N,O,M,35.0,DE,N,N,220.21,N
20249311,2026-03-12T16:10:11.000,MIN,N,O,M,43.0,DE,N,N,220.21,N
20232516,2025-07-25T21:06:40.000,MIN,Y,A,M,33.0,DE,N,N,160.10,N
168549,2026-06-01T15:50:29.000,MIN,Y,O,M,36.0,DE,N,N,150.10,Y
20121167,2023-12-10T17:11:05.000,MED,N,B,M,40.0,DE,N,Y,125.25,Y
20223568,2023-03-15T14:43:54.000,MED,N,B,M,75.0,DE,N,N,125.25,Y
20075921,2026-02-05T13:06:36.000,MAX,Y,B,M,34.0,DE,N,Y,140.30,Y
20152386,2026-08-31T13:29:21.000,MED,N,B,M,44.0,DE,N,N,220.03,N
20252678,2026-08-31T17:01:14.000,MIN,N,B,M,34.0,DE,N,N,155.25,N
20171907,2025-03-19T11:53:54.000,MED,N,O,M,37.0,DE,N,N,220.18,Y
20239683,2026-08-17T16:16:14.000,MIN,N,O,M,40.0,DE,N,N,121.12,N
20108487,2025-12-10T15:43:14.000,MAX,N,O,M,30.0,DE,N,N,220.16,Y
30945,2025-04-27T23:24:00.000,MIN,N,B,M,40.0,DE,N,N,220.16,Y
20214858,2026-08-07T19:04:43.000,MED,Y,O,M,40.0,DE,N,N,140.20,N
20065151,2025-10-28T22:37:36.000,MAX,Y,O,M,32.0,DE,N,Y,120.10,N
168465,2026-04-01T14:36:54.000,MIN,N,O,M,42.0,DE,N,N,265.03,N
20230276,2024-08-20T00:22:01.000,MED,Y,O,M,20.0,DE,N,N,110-125.25,Y
10005664,2025-10-16T17:30:19.000,MED,Y,B,M,58.0,DE,N,N,130.35,N
20230049,2025-07-09T11:33:54.000,MIN,Y,B,M,38.0,DE,N,N,110-125.25,N
87852,2023-09-13T14:27:08.000,MED,N,B,M,68.0,DE,N,N,125.25,Y
20247422,2025-11-22T14:37:08.000,MAX,Y,B,F,32.0,DE,N,N,140.25,Y
26126,2026-08-24T11:05:21.000,MAX,Y,B,M,42.0,DE,N,N,140.20,N
20248358,2026-08-20T13:41:00.000,MED,Y,B,F,30.0,DE,N,N,220.03,N
20252452,2026-08-18T20:09:08.000,MIN,Y,B,M,28.0,DE,N,N,140.25,N
20222506,2026-05-10T11:56:44.000,MAX,Y,B,M,23.0,DE,N,Y,110-125.25,Y
20252353,2026-08-13T12:37:14.000,MIN,Y,W,M,32.0,DE,N,N,165.45,N
20247771,2026-06-29T16:20:33.000,MIN,Y,B,M,19.0,DE,N,Y,160.15,N
20226608,2026-07-30T20:45:26.000,MAX,N,O,M,21.0,DE,N,Y,160.15,N
20231652,2024-05-29T16:50:00.000,MAX,N,B,M,25.0,DE,N,Y,125.25,Y
20165931,2026-05-01T22:47:00.000,MED,Y,B,M,28.0,DE,N,Y,140.20,N
20244392,2026-05-19T15:43:04.000,MAX,Y,B,M,20.0,DE,N,Y,160.15,Y
119328,2025-10-30T11:40:24.000,MIN,N,O,M,40.0,DE,N,N,110-125.25,N
89117,2025-08-27T01:14:59.000,MED,N,B,M,36.0,DE,N,Y,265.03,Y
10014191,2026-06-17T20:38:16.000,MED,Y,B,M,36.0,DE,N,N,120.05,N
14690,2026-08-30T20:04:14.000,MED,N,B,M,41.0,DE,N,Y,155.30,N
20207613,2024-10-19T11:08:00.000,MED,Y,B,M,40.0,DE,N,N,130.35,Y
20249806,2026-04-08T13:10:02.000,MED,Y,B,M,21.0,DE,N,Y,265.03,Y
20252684,2026-08-31T20:24:48.000,MIN,N,O,M,41.0,DE,N,N,120.05,N
20196918,2025-09-24T18:56:28.000,MAX,Y,B,M,26.0,DE,N,N,125.25,Y
20048488,2025-07-06T23:33:14.000,MIN,Y,B,M,32.0,DE,N,Y,110-125.25,Y
154856,2025-07-21T00:20:18.000,MED,Y,B,M,61.0,DE,N,N,110-125.25,N
20248217,2026-03-15T16:41:56.000,MED,Y,O,M,25.0,CS,N,N,160.15,Y
3873,2026-07-26T01:45:27.000,MAX,Y,W,M,59.0,DE,N,N,155.35,N
33447,2026-02-02T17:00:27.000,MIN,N,O,M,42.0,DE,N,N,230.34,N
20239911,2025-07-23T11:46:18.000,MED,Y,O,M,27.0,DE,N,N,130.35,N
64307,2026-05-05T14:08:04.000,MAX,Y,O,M,53.0,DE,N,N,155.30,Y
10015098,2025-11-16T06:43:37.000,MED,Y,B,M,34.0,DE,N,N,125.25,Y
20201782,2026-06-27T18:55:51.000,MAX,Y,B,M,35.0,DE,N,N,140.25,N
20232849,2025-03-28T18:10:55.000,MAX,Y,B,M,21.0,DE,N,Y,105.15,Y
20185943,2025-11-12T15:04:18.000,MIN,Y,B,M,37.0,DE,N,N,145.00,N
20207383,2026-06-02T01:54:53.000,MIN,Y,B,M,45.0,DE,N,N,140.20,N
20110807,2025-12-06T22:49:12.000,MIN,N,B,M,39.0,DE,N,N,220.39,N
20097795,2025-12-03T21:24:15.000,MIN,Y,O,M,63.0,DE,N,N,140.25,Y
20250485,2026-05-09T20:18:23.000,MIN,Y,O,M,33.0,DE,N,N,110-125.25,N
20252357,2026-08-13T15:30:52.000,MIN,N,W,M,57.0,DE,N,N,260.10,N
20187345,2026-08-04T23:11:09.000,MED,Y,B,M,26.0,DE,N,N,160.10,N
20231915,2024-06-11T17:41:05.000,MED,N,O,M,26.0,DE,N,N,125.20,Y
20160484,2025-12-22T15:32:52.000,MAX,Y,B,M,27.0,DE,N,Y,230.34,Y
20223653,2025-09-24T00:49:15.000,MED,N,O,M,39.0,DE,N,N,120.05,Y
20040035,2026-07-12T20:47:04.000,MED,Y,B,M,42.0,DE,N,N,160.05,N
34903,2026-07-12T17:20:41.000,MIN,N,B,M,37.0,DE,N,N,110-120.10,N
20244310,2025-06-25T14:35:00.000,MED,Y,O,M,35.0,DE,N,N,125.25,Y
20189361,2026-01-13T17:06:52.000,MAX,Y,B,M,27.0,DE,N,Y,120.10,Y
20115151,2026-06-10T16:14:16.000,MIN,N,O,M,37.0,DE,N,N,215.52,Y
20246611,2025-10-13T11:37:27.000,MED,N,O,M,27.0,DE,N,Y,110-125.25,Y
20251126,2026-06-09T21:17:20.000,MAX,N,B,M,19.0,DE,N,Y,110-125.25,Y
20157758,2025-08-20T20:50:00.000,MIN,Y,B,M,64.0,DE,N,N,120.05,Y
20249271,2026-03-11T14:01:31.000,MAX,N,B,M,22.0,DE,N,Y,125.25,Y
5252,2026-01-18T18:55:52.000,MAX,Y,B,M,51.0,DE,N,N,160.05,Y
20251614,2026-07-05T19:09:40.000,MED,N,B,M,21.0,DE,N,Y,110-125.25,N
20159013,2026-05-31T16:35:02.000,MIN,Y,B,M,51.0,DE,N,N,110-125.25,N
20242865,2025-04-18T11:28:57.000,MAX,Y,O,M,21.0,DE,N,N,110-125.25,Y
26318,2026-06-18T20:54:49.000,MIN,N,O,M,53.0,DE,N,N,140.25,N
20203403,2023-02-09T17:45:28.000,MAX,Y,B,M,25.0,DE,N,N,130.35,Y
20133379,2026-08-26T19:50:00.000,MAX,Y,O,M,38.0,DE,N,N,110-140.20,N
20080694,2026-05-05T20:23:34.000,MIN,N,B,M,35.0,DE,N,N,110-160.05,N
20232460,2026-05-11T12:36:45.000,MAX,N,O,M,22.0,DE,N,N,110-120.10,Y
20251023,2026-06-04T16:25:47.000,MIN,N,O,M,41.0,DE,N,N,220.21,N
20249499,2026-04-21T12:14:51.000,MED,Y,B,M,34.0,DE,N,N,140.20,Y
20025231,2026-05-20T23:06:00.000,MED,Y,W,M,34.0,DE,N,N,140.20,N
20227183,2023-09-28T12:51:00.000,MED,Y,B,M,34.0,DE,N,N,125.25,N
20030976,2024-12-08T21:18:57.000,MED,Y,O,M,58.0,DE,N,N,VOP,N
20241314,2026-03-20T15:08:32.000,MIN,Y,B,M,26.0,DE,N,N,110-120.10,N
20217308,2026-08-04T17:09:34.000,MAX,Y,B,M,24.0,DE,N,Y,110-125.25,N
20127493,2026-08-29T18:40:00.000,MIN,N,W,M,51.0,DE,N,N,220.03,N
20240976,2026-03-14T01:33:03.000,MAX,N,O,M,24.0,DE,N,Y,140.20,Y
20248338,2026-01-16T11:12:23.000,MED,N,O,M,23.0,DE,N,N,160.15,N
20248668,2026-02-05T17:14:58.000,MIN,N,B,M,19.0,DE,N,N,105.15,N
20112657,2025-08-07T19:49:37.000,MIN,N,B,M,68.0,DE,N,N,140.25,N
20243075,2025-04-28T16:45:06.000,MED,Y,O,M,27.0,DE,N,N,125.25,Y
20097171,2026-06-11T13:15:22.000,MIN,Y,B,M,30.0,DE,N,N,155.25,N
20249146,2026-03-04T18:59:02.000,MIN,N,O,M,37.0,DE,N,N,220.43,Y
10004275,2026-06-17T16:39:05.000,MED,N,B,M,33.0,DE,N,Y,160.15,N
20158204,2026-06-24T16:22:34.000,MIN,Y,B,M,36.0,DE,N,N,160.10,N
20247068,2025-11-06T14:43:44.000,MED,Y,B,F,36.0,DE,N,N,120.10,Y
20119115,2026-06-26T16:23:42.000,MED,Y,O,M,33.0,DE,N,N,120.05,Y
53531,2025-03-20T17:00:27.000,MAX,Y,B,M,45.0,DE,N,Y,110-125.25,Y
20132994,2025-12-16T14:14:44.000,MED,N,O,M,32.0,DE,N,Y,220.77,Y
20041135,2025-01-03T20:49:40.000,MIN,Y,O,M,41.0,DE,N,N,265.03,Y
117359,2024-06-18T19:21:04.000,MED,N,B,M,55.0,DE,N,Y,125.25,Y
19050,2026-01-16T01:21:11.000,MAX,N,B,M,44.0,DE,N,Y,160.10,Y
20037701,2026-08-28T17:37:58.000,MIN,N,B,M,35.0,DE,N,N,160.15,N
15356,2026-08-06T13:38:55.000,MIN,N,O,M,41.0,SSR,N,N,110-220.16,N
95863,2025-10-11T01:07:31.000,MED,Y,B,M,48.0,DE,N,N,140.30,N
17944,2025-11-18T01:32:25.000,MED,Y,B,M,54.0,DE,N,N,120.05,Y
20221390,2026-05-20T12:48:47.000,MED,N,A,M,45.0,DE,N,N,130.35,N
25344,2026-03-17T16:20:32.000,MED,N,B,M,39.0,CSP,N,Y,220.03,N
20055673,2026-04-17T19:35:30.000,MIN,Y,O,M,58.0,DE,N,N,140.20,N
20221574,2022-11-09T00:41:00.000,MED,Y,B,M,34.0,DE,N,N,125.25,Y
20206950,2026-03-09T11:53:05.000,MED,Y,O,F,43.0,DE,N,N,110-125.25,Y
20250632,2026-05-15T12:40:39.000,MIN,N,B,M,21.0,DE,N,Y,265.03,N
20250551,2026-08-26T12:56:30.000,MIN,Y,O,M,31.0,DE,N,N,160.10,N
126158,2025-06-09T00:34:35.000,MIN,N,B,M,49.0,DE,N,Y,140.30,Y
20248389,2026-01-20T01:25:45.000,MED,Y,W,M,42.0,DE,N,N,120.10,Y
20104853,2026-05-12T14:18:50.000,MIN,Y,B,F,42.0,DE,N,N,160.15,N
25650,2022-09-10T22:34:00.000,MED,Y,B,M,52.0,DE,N,N,125.25,Y
20238582,2026-08-27T17:22:00.000,MED,N,B,M,24.0,DE,N,N,160.15,N
20212232,2026-07-15T00:35:26.000,MED,Y,W,M,51.0,DEP,N,N,120.00H,Y
20251256,2026-06-17T14:22:41.000,MED,Y,B,F,25.0,DE,N,N,125.25,N
20107662,2026-08-13T13:24:59.000,MIN,N,O,M,38.0,DE,N,N,265.03,N
20046349,2025-12-12T23:27:37.000,MAX,Y,B,M,36.0,DE,N,Y,215.52,Y
20205465,2026-05-25T19:05:26.000,MAX,N,H,M,25.0,DE,N,Y,160.10,Y
9457,2026-08-04T13:07:13.000,MIN,Y,W,F,44.0,DE,N,N,120.05,N
20219000,2023-06-24T01:53:41.000,MAX,Y,B,M,27.0,DE,N,Y,125.25,Y
20248550,2026-01-28T21:04:39.000,MAX,Y,B,M,27.0,DEP,N,N,130.35,Y
20239709,2024-11-05T18:48:52.000,MAX,Y,B,F,28.0,DE,N,N,110-125.25,Y
20069878,2025-02-05T13:05:30.000,MAX,Y,B,M,32.0,DE,N,N,130.35,Y
20230838,2024-08-18T20:15:50.000,MIN,N,B,M,39.0,DE,N,N,110-125.25,Y
20245327,2025-08-14T01:22:17.000,MED,Y,O,M,47.0,DE,N,N,130.95,Y
20247693,2025-12-09T12:21:08.000,MED,N,O,M,21.0,DE,N,Y,160.10,Y
20190368,2026-03-25T16:21:36.000,MED,Y,B,M,29.0,DE,N,N,121.12,N
20251788,2026-07-15T12:12:00.000,MAX,Y,B,M,21.0,DE,N,N,120.05,N
20224316,2026-07-15T16:50:36.000,MIN,Y,B,M,46.0,DE,N,N,120.05,N
147615,2026-03-23T11:38:28.000,MIN,Y,B,M,42.0,DE,N,N,265.03,N
20252459,2026-08-19T11:21:22.000,MIN,Y,B,M,36.0,DE,N,N,120.05,N
91237,2026-08-28T12:30:05.000,MIN,N,B,M,38.0,DE,N,N,215.50,N
20193015,2026-07-17T22:49:00.000,MAX,N,B,M,25.0,DE,N,Y,155.35,Y
20003507,2025-10-15T18:25:49.000,MIN,Y,U,M,34.0,SSR,N,N,,Y
20246429,2025-10-04T12:27:59.000,MED,Y,O,M,37.0,DE,N,N,265.03,Y
1465,2026-01-14T17:02:00.000,MED,Y,O,M,57.0,CSP,N,N,220.03,Y
20000056,2025-11-13T16:45:33.000,MED,N,B,M,34.0,DE,N,Y,600(2),Y
124272,2025-11-15T20:35:31.000,MAX,Y,B,M,41.0,DEP,N,N,110-125.25,N
20001079,2026-08-08T20:12:20.000,MED,N,B,M,49.0,DE,N,N,220.16,N
20062585,2025-01-03T16:47:27.000,MED,Y,B,F,37.0,DE,N,N,265.03,Y
20238623,2024-09-10T15:41:10.000,MIN,N,O,M,26.0,DE,N,N,110-125.25,Y
20219185,2026-03-06T18:51:42.000,MAX,Y,B,M,23.0,DE,N,N,110-125.25,Y
112562,2026-05-21T06:54:52.000,MAX,Y,B,M,35.0,DE,N,N,110-120.10,N
20097641,2026-02-04T20:17:27.000,MAX,N,O,M,35.0,DE,N,N,220.21,Y
20227196,2025-10-16T14:02:18.000,MED,Y,W,M,60.0,DE,N,N,125.25,Y
20224090,2026-03-09T17:23:24.000,MED,N,B,M,22.0,DE,N,Y,120.10,Y
7345,2026-03-05T00:05:29.000,MIN,Y,B,M,56.0,CS,N,N,160.15,N
20230693,2024-04-11T20:42:09.000,MED,Y,B,F,45.0,DE,N,N,125.27,N
20060641,2024-08-03T20:25:00.000,MED,Y,O,M,35.0,DE,N,N,110-125.25,Y
20132129,2020-10-02T19:43:09.000,MAX,Y,B,M,29.0,DE,N,Y,105.17,Y
20141806,2024-10-01T18:01:59.000,MAX,Y,B,M,29.0,DE,N,Y,125.25,Y
20059894,2026-08-12T17:11:02.000,MIN,Y,A,M,36.0,DE,N,N,220.21,N
20240416,2026-05-05T20:54:00.000,MIN,Y,B,M,35.0,DE,N,N,140.20,N
20014590,2025-12-11T01:00:32.000,MAX,Y,O,M,36.0,DE,N,Y,160.15,Y
147158,2025-07-26T15:44:10.000,MED,N,B,M,38.0,DE,N,Y,125.25,Y
20241803,2025-02-25T01:46:32.000,MAX,N,B,M,44.0,DE,N,Y,130.96,Y
20249819,2026-04-08T18:24:53.000,MED,Y,W,M,67.0,DEP,N,N,CO,N
4884,2026-04-22T00:21:00.000,MED,Y,O,M,46.0,DE,N,Y,220.16,N
20247985,2026-01-12T12:46:34.000,MED,N,A,M,42.0,DE,N,N,135.20,N
20187254,2025-12-27T19:23:30.000,MED,N,W,M,35.0,DE,N,N,120.10,Y
16881,2026-06-28T18:42:51.000,MIN,Y,W,F,60.0,DE,N,N,240.75,N
158595,2026-02-22T19:25:36.000,MIN,N,B,M,37.0,CS,N,N,,Y
20074721,2025-03-04T15:02:30.000,MIN,N,B,M,32.0,DE,N,N,110-125.25,N
20247062,2025-11-06T00:35:05.000,MED,N,B,M,21.0,DE,N,Y,110-125.25,Y
20248553,2026-05-06T12:06:13.000,MIN,Y,B,M,28.0,DE,N,N,120.10,N
20248616,2026-02-02T02:06:47.000,MIN,N,U,M,28.0,DE,N,N,265.03,Y
20007740,2026-07-17T21:10:55.000,MIN,Y,,,35.0,CS,N,N,155.30,N
99127,2025-05-02T08:36:06.000,MAX,Y,B,M,50.0,DE,N,Y,125.25,Y
20032107,2026-05-31T01:39:41.000,MED,Y,O,M,48.0,DEP,N,N,145.00,N
20218924,2026-08-20T21:43:19.000,MAX,Y,B,M,35.0,DEP,N,N,140.25,N
20197025,2026-06-12T15:38:18.000,MED,Y,O,M,32.0,DE,N,N,160.15,N
20252392,2026-08-15T17:31:31.000,MIN,Y,W,M,39.0,DE,N,N,155.25,N
18524,2025-07-17T00:37:04.000,MED,Y,B,M,63.0,DE,N,N,125.25,N
104537,2026-04-02T15:19:34.000,MIN,Y,B,F,43.0,DE,N,N,230.34,N
10009655,2025-12-12T01:12:00.000,MAX,Y,B,M,36.0,DE,N,Y,110-125.25,Y
20252446,2026-08-18T17:05:35.000,MIN,Y,O,M,25.0,DE,N,N,110-125.25,N
20089783,2021-02-13T14:50:00.000,MED,Y,B,M,49.0,DE,N,N,125.25,Y
20215385,2025-08-22T12:45:32.000,MED,Y,B,M,24.0,CS,N,Y,265.03,Y
20020501,2026-06-10T17:27:43.000,MIN,N,U,F,59.0,DE,N,N,220.21,N
20199711,2026-07-14T23:12:00.000,MAX,Y,O,M,32.0,DE,N,N,140.20,N
40339,2024-09-04T16:04:35.000,MED,Y,B,M,50.0,DE,N,N,125.25,N
20250712,2026-05-19T16:36:08.000,MIN,Y,B,M,35.0,DE,N,N,140.25,N
20171930,2025-07-03T15:35:00.000,MED,N,B,M,35.0,DE,N,N,125.25,N
20208295,2026-06-07T14:08:58.000,MED,N,W,M,36.0,DE,N,N,240.75,N
20249008,2026-05-20T01:33:16.000,MIN,N,W,M,29.0,CS,N,N,140.20,N
20251346,2026-06-21T20:03:20.000,MED,N,B,M,76.0,DE,N,N,130.35,N
20251594,2026-07-04T16:51:08.000,MED,N,B,M,21.0,DE,N,N,265.03,N
20184125,2026-02-01T01:14:55.000,MED,Y,B,M,30.0,DE,N,N,120.05,Y
20249886,2026-04-11T11:33:40.000,MIN,Y,B,M,37.0,DE,N,N,265.03,N
20251035,2026-06-05T11:19:00.000,MAX,N,B,M,20.0,DE,N,Y,110-125.25,Y
20219240,2022-06-18T12:40:01.000,MED,Y,O,M,51.0,DE,N,N,125.25,Y
115305,2024-11-08T18:43:23.000,MED,Y,B,M,43.0,DE,N,Y,130.50,Y
20252505,2026-08-21T00:10:10.000,MIN,Y,B,F,33.0,DE,N,N,FOA 900.00,N
20232566,2024-07-12T00:35:12.000,MIN,Y,O,M,59.0,DE,N,N,110-125.25,N
20099356,2026-07-09T17:02:39.000,MIN,Y,B,F,52.0,CS,N,N,220.03,N
17583,2021-12-28T12:03:41.000,MED,Y,B,M,63.0,DE,N,N,125.25,Y
20250770,2026-05-22T19:31:24.000,MED,N,U,M,22.0,CS,N,Y,,N
114312,2025-11-04T01:19:50.000,MIN,N,O,M,41.0,SSR,N,N,110-160.15,N
20247517,2025-12-10T01:13:29.000,MED,N,O,M,29.0,DE,N,N,140.25,Y
20190245,2025-11-25T13:49:55.000,MAX,Y,B,F,28.0,DE,N,N,220.39,Y
20244903,2026-07-31T00:12:34.000,MED,Y,B,M,30.0,DE,N,N,140.30,N
20250580,2026-05-13T17:27:40.000,MIN,N,O,M,19.0,DE,N,Y,105.15,Y
20051702,2026-07-18T16:37:43.000,MED,N,B,M,42.0,DE,N,Y,130.52,N
20222958,2026-08-26T12:06:35.000,MAX,N,O,M,36.0,DE,N,N,120.08,N
10015480,2024-04-17T18:49:42.000,MAX,Y,B,M,34.0,DE,N,Y,125.25,Y
20159095,2026-03-11T11:35:35.000,MIN,N,O,M,54.0,CS,N,N,,N
20228275,2025-09-16T14:29:50.000,MAX,Y,B,M,29.0,DE,N,N,130.50,N
136389,2026-08-02T16:20:55.000,MED,N,O,M,36.0,DE,N,N,120.10,N
20250372,2026-05-05T12:21:24.000,MIN,Y,O,M,50.0,CS,N,N,,N
135199,2026-08-31T18:26:33.000,,N,B,M,51.0,DE,N,N,220.39,N
20018271,2026-08-07T23:51:27.000,MAX,N,O,M,33.0,DE,N,N,155.30,N
20138729,2026-07-15T20:31:36.000,MIN,N,O,M,58.0,DE,N,N,265.03,N
20249369,2026-03-15T01:20:39.000,MIN,Y,O,M,46.0,DE,N,N,110-125.25,N
20246598,2025-10-12T16:25:21.000,MIN,Y,O,M,27.0,DE,N,N,160.15,Y
81310,2025-02-20T20:24:42.000,MED,Y,O,M,36.0,DE,N,N,110-125.27,Y
4995,2025-10-08T11:29:15.000,MED,Y,B,M,51.0,DNS,N,N,,Y
20240452,2026-05-18T12:51:40.000,MIN,Y,B,M,46.0,CS,N,N,155.35,N
20222365,2025-12-22T23:52:03.000,MAX,Y,B,M,24.0,DE,N,Y,265.03,Y
20062898,2025-11-11T01:27:04.000,MIN,Y,B,M,35.0,DE,N,N,215.51,N
20225541,2026-03-20T16:11:00.000,MED,N,W,M,35.0,DE,N,N,110-125.25,N
20230190,2024-03-15T17:02:11.000,MED,N,O,M,26.0,DE,N,N,125.27,Y
20250298,2026-05-14T16:34:11.000,MIN,N,O,M,18.0,DE,N,Y,160.15,Y
20242119,2026-07-20T15:21:34.000,MED,Y,B,M,25.0,CS,N,N,,Y
20239704,2024-11-26T15:57:43.000,MAX,Y,B,M,27.0,DE,N,N,130.35,Y
20223481,2026-02-07T11:59:00.000,MIN,Y,W,F,50.0,DE,N,N,140.20,N
20248051,2025-12-31T00:05:49.000,MIN,N,O,M,22.0,DE,N,N,220.21,Y
20252682,2026-08-31T19:52:30.000,MIN,N,A,M,45.0,DE,N,N,215.50,N
36064,2026-06-16T12:48:57.000,MED,N,B,M,45.0,DE,N,N,110-125.25,N
140589,2026-06-02T15:49:44.000,MED,Y,W,M,38.0,DE,N,N,160.05,N
151631,2026-05-29T16:18:39.000,MAX,Y,O,M,35.0,DE,N,N,160.15,Y
20142367,2026-02-05T17:21:00.000,MIN,Y,B,M,65.0,DE,N,N,140.20,N
20248818,2026-02-14T00:09:52.000,MIN,N,O,M,37.0,DE,N,N,220.21,Y
130825,2025-12-09T18:22:33.000,MIN,N,O,M,47.0,DE,N,N,110-125.25,Y
20226219,2025-08-26T14:02:41.000,MAX,Y,B,M,37.0,DE,N,Y,140.25,Y
20241523,2025-02-07T17:28:36.000,MED,Y,B,M,32.0,DE,N,N,110-125.25,Y
20164405,2026-07-21T14:28:06.000,MAX,Y,H,M,46.0,DE,N,N,265.02,N
20241688,2026-05-10T12:57:12.000,MIN,N,O,M,30.0,DE,N,N,140.30,N
33865,2026-05-31T17:06:23.000,MIN,Y,B,M,49.0,DE,N,N,140.25,N
64886,2025-09-09T17:11:58.000,MIN,Y,B,M,40.0,DE,N,N,265.13,Y
20157258,2026-05-16T04:41:23.000,MIN,Y,W,F,51.0,DE,N,N,155.25,N
20250263,2026-04-29T19:43:16.000,MIN,N,B,M,19.0,DE,N,Y,110-125.25,N
20251437,2026-06-25T20:48:03.000,MIN,N,O,M,29.0,DE,N,N,160.15,N
20194862,2025-01-16T13:15:42.000,MAX,Y,B,M,24.0,DE,N,Y,110-125.25,Y
20239835,2024-11-11T17:05:29.000,MED,N,B,M,35.0,DE,N,N,125.25,N
20245638,2025-08-27T21:20:04.000,MIN,N,O,M,42.0,DE,N,N,220.21,N
20012746,2026-08-12T18:47:47.000,MIN,N,W,M,47.0,DE,N,N,140.20,N
10001418,2026-08-28T23:46:00.000,MAX,N,B,M,41.0,DE,N,Y,160.15,N
20132752,2026-04-21T12:40:51.000,MAX,Y,B,M,34.0,DE,N,N,120.05,N
20248896,2026-02-19T01:14:06.000,MIN,N,B,M,24.0,DE,N,Y,110-125.25,N
20252364,2026-08-13T20:37:36.000,MIN,Y,B,M,27.0,DE,N,N,120.00,N
20251755,2026-07-13T10:44:29.000,MED,Y,B,M,21.0,DE,N,N,125.25,N
102229,2026-04-17T00:09:29.000,MED,Y,O,M,35.0,DE,N,N,140.20,N
84475,2025-05-12T20:10:03.000,MAX,Y,B,M,43.0,DE,N,N,110-125.25,Y
20252675,2026-08-31T13:10:53.000,MED,N,O,M,25.0,DE,N,N,110-125.25,N
20152315,2026-05-20T11:17:24.000,MIN,Y,B,M,37.0,DE,N,N,220.16,N
20239237,2026-06-21T12:54:42.000,MIN,N,O,M,27.0,DE,N,N,110-120.10,N
20055038,2025-09-30T19:03:02.000,MAX,N,O,M,38.0,DE,N,N,220.43,Y
20242008,2025-03-07T15:55:04.000,MIN,N,B,M,45.0,DE,N,N,110-125.25,N
47707,2025-10-31T10:47:01.000,MIN,Y,B,M,53.0,DE,N,N,110-125.25,N
20247125,2025-11-09T00:02:00.000,MIN,N,W,M,50.0,DE,N,N,110-125.25,Y
133057,2025-09-11T20:04:36.000,MIN,N,B,M,37.0,DE,N,N,160.15,Y
85237,2026-08-28T11:17:57.000,MED,Y,B,M,46.0,DE,N,N,140.25,N
15677,2026-06-15T13:07:25.000,MIN,Y,B,M,47.0,DE,N,N,220.03,N
33949,2026-03-27T16:50:58.000,MIN,Y,O,M,58.0,DE,N,N,120.05,N
20080663,2025-12-18T12:46:41.000,MIN,Y,A,M,42.0,DE,N,N,120.00H,N
20061284,2026-08-24T15:24:40.000,MED,Y,B,M,54.0,DE,N,N,VOP,N
20159274,2025-09-28T00:58:00.000,MED,Y,B,M,40.0,DE,N,N,130.35,Y
20252583,2026-08-25T16:46:51.000,MED,N,B,M,19.0,DE,N,N,110-125.25,N
20251052,2026-07-02T11:45:24.000,MED,Y,O,M,19.0,DE,N,N,120.05,Y
29278,2026-01-12T11:58:24.000,MIN,Y,B,M,52.0,DE,N,N,140.20,N
20101333,2025-12-05T14:52:43.000,MIN,N,W,M,45.0,DE,N,N,220.18,N
20139251,2026-07-22T18:45:51.000,MED,Y,B,M,32.0,DE,N,N,130.35,N
20200598,2026-04-07T12:11:47.000,MED,Y,B,M,45.0,DE,N,N,490.20,Y
20225026,2025-07-17T11:43:32.000,MED,Y,B,M,23.0,DE,N,Y,110-160.10,Y
20161546,2025-10-11T20:08:02.000,MED,Y,B,M,27.0,DE,N,N,130.35,Y
10002732,2026-03-31T20:50:00.000,MIN,Y,B,M,56.0,DE,N,N,160.15,N
20244399,2025-07-18T19:14:41.000,MAX,Y,O,M,35.0,DE,N,N,125.25,Y
20179773,2026-07-22T10:44:52.000,MED,Y,O,M,28.0,DE,N,N,160.15,N
20248622,2026-02-02T13:33:05.000,MIN,N,B,M,22.0,DE,N,N,160.10,N
20251834,2026-07-16T20:51:14.000,MIN,N,O,M,33.0,DE,N,N,110-220.21,N
20240232,2024-11-29T18:37:18.000,MIN,Y,B,M,32.0,DE,N,N,110-125.25,N
20250539,2026-05-12T14:33:00.000,MED,Y,B,M,18.0,DE,N,N,125.25,N
74433,2026-07-28T22:31:58.000,MIN,Y,B,M,41.0,DE,N,N,140.20,N
20017882,2026-03-19T19:24:41.000,MED,N,A,M,44.0,DE,N,N,140.25,N
20244896,2025-11-11T17:03:58.000,MIN,Y,O,M,57.0,DE,N,N,160.15,Y
20096198,2025-08-07T00:20:34.000,MED,Y,B,M,37.0,DE,N,N,220.16,Y
20227898,2026-05-28T17:44:50.000,MIN,N,O,M,24.0,DE,N,N,160.10,N
6500,2022-12-16T19:12:10.000,MAX,Y,O,M,48.0,DE,N,Y,125.25,Y
20239515,2024-10-25T15:44:33.000,MAX,Y,O,M,28.0,DE,N,Y,125.25,Y
1228,2026-07-12T01:13:00.000,MIN,N,O,M,42.0,DE,N,N,140.20,N
20219209,2026-07-06T00:03:52.000,MED,Y,O,M,28.0,DE,N,Y,265.03,N
20215292,2026-08-06T11:10:58.000,MAX,N,B,M,28.0,DEP,N,Y,110-125.25,Y
20153863,2026-06-16T16:24:07.000,MIN,Y,I,M,46.0,CS,N,N,,N
20045365,2025-02-13T01:27:45.000,MAX,Y,B,M,57.0,DE,N,N,110-120.10,Y
20252544,2026-08-22T21:14:15.000,MED,Y,W,F,31.0,DE,N,N,FOA 900.00,N
20085009,2026-08-05T16:43:00.000,MAX,Y,B,M,47.0,CS,N,Y,,N
20244062,2026-03-30T00:00:08.000,MIN,Y,O,M,39.0,CS,N,N,140.20,Y
17426,2025-10-22T22:30:15.000,MAX,Y,B,M,41.0,DE,N,Y,160.15,Y
20212344,2026-07-02T14:47:07.000,MED,Y,B,M,27.0,DE,N,Y,125.25,N
20222290,2023-05-14T23:54:41.000,MED,Y,B,M,59.0,DE,N,N,160.15,Y
20158826,2026-06-27T16:56:00.000,MIN,Y,B,M,40.0,DE,N,N,260.10,Y
121717,2026-05-26T16:41:47.000,MIN,N,B,M,35.0,CS,N,N,120.05,N
20144578,2026-08-05T09:38:56.000,MAX,Y,B,F,44.0,DE,N,N,265.02,N
20023512,2023-01-12T14:50:57.000,MED,N,B,M,31.0,DE,N,N,125.25,Y
59750,2026-06-25T01:12:00.000,MIN,N,B,M,59.0,DE,N,N,140.20,N
20239044,2026-03-25T22:57:00.000,MIN,Y,B,F,36.0,DE,N,N,220.16,Y
20132653,2026-07-08T01:06:20.000,MAX,Y,O,F,32.0,DE,N,N,120.05,N
20225738,2026-03-23T12:02:59.000,MAX,Y,O,M,33.0,DE,N,N,160.10,Y
20247057,2025-11-05T19:45:19.000,MIN,N,U,M,23.0,DE,N,N,230.34,N
20250240,2026-04-28T17:06:38.000,MED,N,B,M,23.0,DE,N,Y,125.25,N
20085339,2026-07-26T16:54:18.000,MIN,Y,B,M,37.0,DE,N,N,140.20,N
20117805,2026-05-18T11:50:12.000,MED,Y,O,M,32.0,DE,N,N,130.65,N
20247484,2025-11-26T00:22:56.000,MIN,N,A,M,36.0,DE,N,N,220.21,N
20208584,2026-07-15T00:17:59.000,MAX,Y,O,M,29.0,DE,N,Y,110-125.25,N
20250353,2026-05-04T12:39:50.000,MIN,Y,B,M,25.0,DE,N,N,140.25,Y
78209,2025-05-18T02:04:52.000,MIN,Y,B,M,39.0,DE,N,Y,140.20,N
20212468,2026-08-20T19:44:08.000,MAX,N,B,M,29.0,DE,N,N,125.25,N
20112909,2026-06-04T00:29:33.000,MED,N,O,M,30.0,DEP,N,N,VOP,N
20248604,2026-06-23T11:12:46.000,MIN,N,O,M,50.0,DE,N,N,215.50,N
20251663,2026-07-08T12:56:03.000,MED,N,B,M,42.0,DE,N,N,150.15,N
136543,2026-04-29T00:23:58.000,MED,Y,B,M,40.0,CS,N,N,,Y
20124200,2025-08-02T01:06:55.000,MAX,Y,B,M,32.0,DE,N,N,160.05,Y
20231549,2024-05-24T12:23:00.000,MED,Y,B,F,44.0,DE,N,N,125.25,N
91729,2023-09-30T13:39:26.000,MED,N,B,M,42.0,DE,N,N,125.25,Y
20230525,2024-04-03T19:52:54.000,MED,Y,B,F,29.0,DE,N,N,125.25,Y
20214889,2026-06-11T16:59:09.000,MAX,N,B,M,24.0,DE,N,Y,120.10,Y
20134912,2026-02-11T16:18:49.000,MED,Y,O,M,49.0,DE,N,N,125.25,N
20215130,2026-03-14T12:56:00.000,MED,Y,B,M,51.0,DE,N,N,110-125.25,N
20122347,2025-12-01T00:33:00.000,MAX,Y,B,M,35.0,CS,N,Y,120.00,Y
77839,2025-12-22T17:37:58.000,MED,Y,O,M,47.0,DE,N,N,140.25,Y
28902,2026-08-31T15:27:29.000,,N,B,F,59.0,DPV,N,N,,N
20157034,2025-12-02T21:15:15.000,MAX,Y,B,M,32.0,DE,N,N,110-125.25,Y
20222795,2024-07-26T20:51:23.000,MAX,Y,B,M,23.0,DE,N,Y,120.05,Y
20045844,2026-01-20T12:07:39.000,MED,Y,O,M,47.0,DE,N,Y,120.10,Y
20250827,2026-05-27T01:24:14.000,MIN,Y,B,M,20.0,DE,N,Y,105.17,N
95914,2026-08-15T00:54:00.000,MED,N,B,M,49.0,DE,N,N,215.50,N
20229419,2026-07-01T20:17:05.000,MAX,Y,O,M,31.0,DE,N,N,120.05,Y
20250950,2026-06-01T00:40:16.000,MIN,Y,O,M,34.0,DE,N,N,120.05,N
55397,2023-05-08T01:08:17.000,MIN,Y,B,M,71.0,DE,N,N,110-120.10,N
20111213,2026-01-23T20:39:33.000,MAX,Y,O,M,29.0,DE,N,Y,121.12,Y
20243163,2025-05-02T16:19:54.000,MAX,Y,B,M,20.0,DE,N,Y,105.15,Y
20123923,2026-07-31T00:53:00.000,MED,N,B,M,28.0,DE,N,N,220.16,N
20112087,2025-08-13T19:32:43.000,MED,Y,B,M,31.0,DE,N,Y,160.10,Y
20244740,2026-06-23T11:34:02.000,MED,Y,B,M,35.0,DE,N,N,130.65,N
20251829,2026-07-16T19:08:00.000,MIN,Y,W,M,49.0,DE,N,N,110-125.25,N
20244837,2026-04-07T13:09:33.000,MIN,N,B,M,39.0,CS,N,N,,N
20241614,2025-02-13T17:29:00.000,MED,Y,B,M,27.0,DE,N,N,125.25,N
20248253,2026-08-08T12:34:48.000,MAX,N,B,M,23.0,DE,N,Y,220.16,N
20245713,2025-08-30T21:06:19.000,MED,Y,B,F,67.0,DE,N,N,110-125.25,Y
12387,2026-08-13T16:36:30.000,MIN,N,B,M,68.0,DE,N,N,155.25,N
20240446,2024-12-10T17:22:21.000,MAX,Y,B,M,31.0,DE,N,Y,230.34,Y
114701,2026-05-01T12:26:50.000,MED,Y,B,M,35.0,DE,N,N,105.17,N
3289,2026-07-24T00:09:00.000,MIN,Y,B,M,62.0,DE,N,N,160.05,N
20244783,2026-05-14T23:27:00.000,MIN,Y,O,M,36.0,DE,N,N,145.10,N
20065496,2026-04-29T01:16:56.000,MIN,N,O,M,32.0,DE,N,Y,110-125.25,N
20159875,2025-10-28T15:45:53.000,MAX,Y,B,M,33.0,DE,N,N,130.35,Y
20251079,2026-06-07T17:05:40.000,MED,N,B,M,18.0,DE,N,Y,160.15,N
20252198,2026-08-06T19:04:55.000,MIN,N,B,M,26.0,DE,N,N,FOA 900.00,N
20252690,2026-09-01T01:18:44.000,,N,B,M,36.0,DE,N,N,120.05,N
20252315,2026-08-11T19:04:30.000,MED,Y,B,M,18.0,DE,N,N,110-125.25,N
26001,2026-02-15T19:56:00.000,MIN,Y,O,M,51.0,DE,N,N,120.10,N
20220596,2026-06-02T15:48:09.000,MIN,Y,B,F,44.0,DE,N,N,120.10,Y
20059727,2026-05-08T01:17:00.000,MIN,Y,W,M,42.0,DE,N,N,215.51,N
20202662,2026-07-02T17:33:41.000,MIN,Y,B,M,25.0,DE,N,N,265.03,N
20227718,2023-10-29T16:23:01.000,MED,N,O,M,48.0,DE,N,N,110-125.27,Y
20252679,2026-08-31T17:25:00.000,,N,B,F,31.0,DE,N,N,160.15,N
20212306,2023-08-21T17:27:42.000,MAX,Y,B,M,24.0,DE,N,Y,125.25,Y
947,2025-09-20T01:26:04.000,MIN,N,O,M,42.0,DE,N,N,105.15,N
20251236,2026-06-16T11:08:15.000,MIN,Y,O,M,24.0,DE,N,N,120.05,N
20247863,2025-12-18T00:22:42.000,MIN,N,O,M,20.0,DE,N,N,220.21,N
20024375,2026-08-05T00:07:31.000,MED,N,B,M,37.0,DE,N,N,125.25,N
20247234,2025-11-14T00:10:20.000,MED,N,O,M,40.0,DE,N,N,110-130.35,N
20132758,2025-12-01T17:42:10.000,MED,Y,B,M,66.0,DE,N,N,215.51,Y
20004309,2026-05-09T13:25:51.000,MIN,N,B,M,40.0,DE,N,N,110-125.25,N
20112644,2026-08-13T16:09:10.000,MIN,Y,B,M,32.0,DNS,N,N,,N
20196459,2026-08-21T21:14:27.000,MED,Y,B,M,27.0,DE,N,N,160.15,N
20243258,2025-05-07T18:19:02.000,MAX,Y,B,M,21.0,DE,N,Y,110-125.25,Y
65161,2026-04-19T01:00:55.000,MED,N,B,M,56.0,DE,N,N,160.15,N
127511,2025-11-12T01:10:17.000,MIN,Y,B,M,66.0,CS,N,N,155.25,N
20242606,2026-05-29T11:37:54.000,MIN,N,B,M,33.0,DE,N,N,140.20,N
60600,2026-05-17T13:28:04.000,MIN,Y,O,M,60.0,CS,N,N,,N
20247456,2025-11-24T19:20:42.000,MED,Y,B,M,25.0,DE,N,N,110-125.25,Y
20011222,2026-05-21T12:50:39.000,MED,Y,O,M,37.0,DEP,N,N,160.05,Y
20116349,2026-08-25T15:59:23.000,MIN,Y,B,F,33.0,DE,N,N,120.05,N
20252035,2026-07-28T16:31:51.000,MED,N,B,M,19.0,DE,N,Y,160.10,N
46222,2025-11-14T17:48:43.000,MED,Y,O,M,44.0,DE,N,N,120.05,N
20228732,2026-03-21T12:56:00.000,MED,N,W,M,39.0,DE,N,N,130.80,N
20232320,2026-01-22T14:07:34.000,MED,Y,O,M,42.0,CS,N,N,130.30,N
20247377,2025-12-17T00:28:39.000,MIN,N,O,M,21.0,DE,N,N,140.25,Y
20204353,2026-06-11T16:51:47.000,MIN,Y,W,M,50.0,DE,N,N,160.10,N
20239984,2024-11-18T00:24:55.000,MIN,Y,W,M,34.0,DE,N,N,110-120.10,Y
20143476,2026-05-29T19:46:00.000,MIN,Y,B,F,39.0,DE,N,N,155.30,N
20250694,2026-05-18T13:15:38.000,MIN,N,W,M,68.0,CS,N,N,,N
20242170,2025-03-14T10:50:09.000,MIN,N,B,M,25.0,DE,N,N,120.10,Y
20233239,2024-08-13T23:16:20.000,MED,N,B,M,21.0,DE,N,Y,125.25,Y
20239360,2026-05-26T11:12:59.000,MIN,N,O,M,47.0,DE,N,N,140.20,N
20121308,2025-12-17T00:55:06.000,MAX,N,B,M,33.0,DE,N,Y,125.25,Y
20132472,2026-04-20T12:28:36.000,MAX,Y,W,M,37.0,DE,N,Y,120.05,Y
20230340,2026-07-26T01:56:17.000,MED,N,O,M,25.0,CS,N,N,,N
37393,2026-05-27T21:03:12.000,MIN,Y,B,M,48.0,DE,N,N,120.10,N
20040267,2026-03-30T13:52:09.000,MIN,Y,B,M,47.0,SSR,N,N,,N
163396,2026-07-30T23:19:19.000,MED,N,B,F,56.0,DE,N,N,130.35,N
25886,2026-08-03T12:36:10.000,MED,Y,O,M,43.0,DE,N,N,125.25,N
20245546,2025-08-23T12:32:16.000,MIN,N,W,M,39.0,DE,N,N,120.07,N
56312,2026-05-20T11:20:21.000,MIN,Y,O,M,37.0,CS,N,N,,N
139661,2026-07-19T21:38:37.000,MIN,Y,W,M,59.0,DE,N,N,140.20,N
20165290,2026-08-28T22:18:59.000,MED,N,W,F,39.0,DE,N,N,220.03,N
20251992,2026-07-26T01:52:08.000,MIN,N,O,M,25.0,DE,N,N,110-125.25,N
20243136,2025-05-01T16:42:55.000,MAX,N,O,M,42.0,DE,N,N,125.20,Y
10007429,2026-08-07T00:10:00.000,MAX,Y,B,M,41.0,DE,N,Y,155.30,N
20241484,2025-02-05T20:21:00.000,MIN,Y,B,M,29.0,DE,N,N,160.15,Y
20027715,2026-04-11T23:07:00.000,MAX,Y,B,M,33.0,DE,N,N,120.05,Y
20246840,2025-10-24T19:16:34.000,MIN,N,O,M,41.0,DE,N,N,110-125.25,Y
20189799,2026-08-30T01:56:55.000,MIN,Y,A,F,50.0,DE,N,N,120.05,N
104121,2025-11-09T00:38:32.000,MIN,N,O,M,42.0,DE,N,N,140.20,N
20250290,2026-08-30T02:06:52.000,MIN,N,O,F,53.0,DE,N,N,120.05,N
20162423,2026-01-07T00:52:37.000,MAX,Y,A,M,26.0,DEP,N,Y,140.30,Y
89518,2026-05-13T15:27:33.000,MIN,Y,O,M,46.0,DE,N,N,140.25,N
20068205,2026-06-14T01:47:14.000,MIN,N,B,M,34.0,CS,N,N,,N
36669,2025-11-12T11:45:22.000,MIN,Y,B,M,42.0,CS,N,N,155.30,N
20243439,2026-05-01T12:17:35.000,MIN,Y,B,M,34.0,DE,N,N,140.20,N
78676,2026-02-21T00:04:48.000,MED,Y,O,M,47.0,DE,N,N,125.25,Y
20243112,2025-04-30T16:57:07.000,MED,Y,O,M,29.0,DE,N,N,125.25,Y
20246246,2025-09-25T12:26:57.000,MED,Y,O,M,22.0,DE,N,N,110-125.25,Y
20216307,2026-05-02T00:32:10.000,MIN,Y,B,M,55.0,DEP,N,N,160.15,N
20035951,2025-02-09T17:25:16.000,MAX,Y,O,M,32.0,DE,N,N,110-120.10,Y
79935,2023-07-01T17:00:47.000,MED,Y,O,M,49.0,DEP,N,N,120.10,N
20040169,2025-06-29T21:12:10.000,MED,Y,O,M,39.0,DE,N,N,110-125.25,Y
46316,2025-01-09T17:44:28.000,MED,Y,O,M,52.0,DE,N,N,110-125.25,Y
20110141,2025-08-12T15:29:53.000,MIN,Y,W,M,52.0,DE,N,N,160.10,Y
20061045,2026-03-17T11:22:46.000,MED,Y,B,M,61.0,DE,N,N,120.05,Y
20228378,2026-04-25T16:43:58.000,MAX,Y,O,M,30.0,DE,N,N,120.05,Y
20224103,2023-04-15T20:59:39.000,MED,Y,B,M,56.0,DE,N,N,125.25,N
20222073,2025-11-19T01:17:06.000,MED,Y,B,M,55.0,DE,N,N,240.30,N
20001717,2024-10-08T22:40:32.000,MAX,Y,B,M,37.0,DE,N,N,160.15,Y
20249171,2026-03-25T12:09:00.000,MIN,N,B,M,39.0,DE,N,N,265.03,Y
20245934,2025-09-10T21:25:14.000,MED,N,O,M,41.0,DE,N,N,125.25,N
20217542,2026-08-23T20:08:22.000,MIN,N,W,M,29.0,DE,N,N,155.25,N
20252036,2026-07-28T16:30:59.000,MAX,Y,B,M,23.0,DE,N,N,160.15,N
20205366,2026-08-24T13:18:46.000,MAX,Y,O,M,24.0,DE,N,Y,160.15,N
20248354,2026-01-17T12:47:26.000,MED,Y,O,M,26.0,CS,N,N,,Y
3386,2026-06-26T16:36:00.000,MIN,N,B,M,57.0,CS,N,N,155.25,N
105712,2026-07-15T01:04:00.000,MED,N,O,M,45.0,DE,N,N,130.30,N
20219334,2026-07-04T16:23:26.000,MIN,Y,B,M,33.0,DE,N,N,205.30,N
20251665,2026-07-08T16:01:00.000,MED,N,B,M,58.0,DE,N,N,125.25,N
20229194,2026-06-11T15:44:22.000,MIN,Y,B,M,34.0,DE,N,N,110-120.10,N
20002242,2024-05-16T16:58:00.000,MED,Y,B,M,56.0,DEP,N,N,130.95,N
20248885,2026-05-02T00:46:28.000,MED,Y,O,M,36.0,DE,N,N,140.20,Y
20248314,2026-01-15T16:15:14.000,MED,N,O,M,60.0,DE,N,N,125.25,N
20248349,2026-05-19T12:43:23.000,MED,N,O,M,28.0,DE,N,N,135.25,N
20245575,2026-08-30T01:02:00.000,MAX,N,W,M,25.0,DE,N,N,160.10,N
20226944,2026-07-30T20:31:23.000,MED,N,B,M,40.0,CS,N,N,245.00,N
20240774,2026-06-26T23:15:09.000,MAX,Y,B,M,22.0,DE,N,Y,120.07,Y
20227668,2026-06-29T16:28:59.000,MED,Y,B,F,25.0,DE,N,N,220.16,N
20211913,2026-01-16T11:20:07.000,MAX,N,B,M,28.0,DE,N,N,120.10,Y
139414,2026-03-29T13:42:21.000,MIN,Y,O,M,39.0,DE,N,N,140.20,N
20185254,2025-03-05T10:11:17.000,MAX,Y,B,M,35.0,DE,N,N,125.27,Y
153991,2026-04-14T15:15:04.000,MIN,N,B,M,35.0,DE,N,N,160.10,N
20217140,2025-11-20T11:07:40.000,MED,Y,B,M,69.0,DE,N,N,125.25,Y
20228449,2023-12-07T19:24:05.000,MED,Y,U,M,22.0,DE,N,N,125.27,N
20250606,2026-08-27T23:07:00.000,MIN,N,O,M,39.0,DE,N,N,140.25,N
20075739,2021-09-29T13:16:24.000,MAX,Y,B,M,32.0,DE,N,Y,125.25,Y
20247037,2025-11-05T00:39:47.000,MED,N,O,M,28.0,DE,N,N,130.35,Y
20242576,2025-04-04T00:27:00.000,MAX,Y,B,M,27.0,DE,N,Y,125.25,Y
118781,2026-08-28T12:38:40.000,MED,Y,A,M,47.0,DE,N,N,160.05,N
22004,2026-08-30T16:21:01.000,MIN,Y,O,M,42.0,DE,N,N,155.25,N
20107099,2025-09-15T00:52:55.000,MAX,N,B,M,29.0,DEP,N,Y,220.16,Y
20133344,2026-06-24T20:37:16.000,MAX,Y,B,M,41.0,CS,N,N,220.41,N
20242171,2026-06-30T17:26:10.000,MIN,N,B,M,37.0,CS,N,N,,N
20021533,2024-06-22T19:15:06.000,MIN,N,W,M,60.0,DE,N,N,120.05,N
20248284,2026-01-14T16:09:47.000,MIN,N,B,M,41.0,DE,N,N,110-125.25,N
20143573,2026-03-18T12:00:23.000,MED,N,W,M,31.0,CS,N,Y,,N
20243535,2025-05-18T00:59:30.000,MED,Y,B,F,21.0,DE,N,Y,110-125.25,Y
20164210,2026-02-20T00:30:16.000,MAX,Y,O,M,27.0,DE,N,Y,125.25,Y
20247905,2026-06-25T20:40:52.000,MIN,Y,W,M,22.0,DE,N,N,155.30,N
166858,2025-10-28T20:15:02.000,MAX,N,O,M,42.0,DE,N,N,160.15,Y
20221442,2026-08-12T19:31:00.000,MAX,Y,O,M,22.0,DE,N,N,140.20,N
20251101,2026-07-17T13:42:03.000,MIN,Y,O,M,28.0,DE,N,N,120.20,Y
20240715,2024-12-25T00:09:12.000,MAX,Y,B,M,19.0,DE,N,Y,110-125.25,Y
20238266,2025-05-21T16:19:08.000,MED,Y,B,M,29.0,DE,N,N,140.25,Y
20073475,2026-08-03T22:42:00.000,MAX,Y,B,M,32.0,DEP,N,Y,160.15,N
20250031,2026-04-17T16:41:19.000,MAX,Y,B,M,21.0,DE,N,Y,110-125.25,Y
20213387,2026-06-04T16:36:36.000,MAX,Y,O,M,23.0,DE,N,N,120.05,Y
20252110,2026-08-02T01:20:46.000,MIN,N,O,M,32.0,DE,N,N,160.15,N
144267,2026-08-08T10:53:32.000,MAX,Y,O,M,40.0,DE,N,N,140.30,N
20040628,2026-04-12T17:13:22.000,MAX,Y,B,M,34.0,DE,N,Y,125.25,Y
20230021,2025-08-21T10:51:21.000,MIN,Y,W,F,39.0,DE,N,N,140.25,N
20238460,2026-08-19T13:23:08.000,MED,N,B,M,30.0,DE,N,N,140.30,N
20054688,2026-03-23T13:22:08.000,MED,Y,U,M,37.0,DE,N,Y,120.10,N
20242474,2026-08-12T11:46:29.000,MIN,Y,B,M,35.0,DNS,N,N,,N
20226065,2023-07-27T15:25:00.000,MAX,N,O,M,23.0,DE,N,Y,125.25,Y
20248022,2025-12-29T14:43:21.000,MED,Y,B,M,22.0,DE,N,N,125.25,Y
20180432,2025-01-17T12:06:17.000,MIN,Y,B,M,62.0,SSR,N,N,,N
107242,2026-07-13T12:23:37.000,MED,N,O,M,45.0,DE,N,N,110-125.25,N
20240783,2024-12-30T17:34:47.000,MED,Y,B,M,22.0,DE,N,Y,105.15,Y
127351,2026-01-02T15:49:33.000,MED,Y,W,M,56.0,DEP,N,N,VOP,N
20248004,2026-07-16T19:41:27.000,MED,N,O,M,19.0,DE,N,N,110-125.27,N
20251696,2026-07-10T00:34:00.000,MED,Y,A,M,45.0,DE,N,N,110-125.25,N
20248355,2026-08-20T11:59:48.000,MIN,Y,B,M,25.0,DE,N,N,165.15,N
14447,2024-12-25T12:55:00.000,MAX,Y,B,M,44.0,DE,N,Y,135.20,Y
20172921,2026-08-30T11:45:01.000,MIN,N,B,M,33.0,DEP,N,N,VOP,N
20248996,2026-04-30T01:08:53.000,MIN,Y,B,F,37.0,DE,N,N,140.20,N
20251085,2026-06-07T23:51:50.000,MIN,N,O,M,24.0,DE,N,N,160.10,N
20231989,2025-04-24T16:44:24.000,MAX,N,B,M,24.0,DE,N,Y,160.15,Y
20227645,2026-05-15T01:10:25.000,MIN,Y,B,M,42.0,DE,N,N,120.05,N
20246247,2025-09-25T12:50:01.000,MED,N,B,M,22.0,CS,N,Y,265.01B,Y
20225905,2023-07-19T20:45:49.000,MED,Y,B,M,50.0,DE,N,N,125.25,Y
20109542,2026-06-25T00:49:12.000,MIN,Y,,,43.0,DE,N,N,155.25,N
10000306,2026-03-01T12:23:55.000,MED,Y,O,M,48.0,DE,N,N,130.96,N
20047065,2024-01-23T11:34:22.000,MED,Y,B,M,33.0,DE,N,N,125.25,Y
20074078,2026-08-19T11:21:58.000,MED,Y,B,M,47.0,DE,N,N,160.10,N
20241312,2025-05-07T17:00:03.000,MIN,Y,O,M,34.0,DE,N,N,460.20,N
20050486,2026-06-30T19:08:28.000,MED,Y,O,M,39.0,DE,N,N,120.05,Y
20245300,2025-08-13T00:59:26.000,MED,Y,O,M,29.0,DE,N,N,130.35,N
20202459,2026-08-31T12:43:10.000,,N,B,F,49.0,DE,N,N,140.20,N
20247259,2025-11-15T00:19:00.000,MED,Y,W,M,43.0,DE,N,N,130.35,Y
20250078,2026-08-31T00:14:32.000,MIN,N,O,M,23.0,DE,N,N,120.00,N
20145746,2024-09-18T15:33:41.000,MAX,Y,B,M,36.0,DE,N,Y,110-125.25,Y
20010135,2026-08-21T12:39:24.000,MED,Y,B,F,38.0,DE,N,N,140.25,N
20252501,2026-08-20T20:13:11.000,MED,N,A,M,20.0,DE,N,N,,N
20220885,2026-08-25T13:34:24.000,MAX,Y,B,M,29.0,DE,N,N,160.15,N
73359,2026-03-24T01:15:00.000,MED,N,B,M,49.0,DEP,N,N,VOP,N
106778,2026-05-01T23:29:00.000,MIN,N,B,M,54.0,DE,N,N,110-125.25,N
20113909,2026-04-08T16:32:04.000,MIN,N,B,M,49.0,CS,N,N,,Y
20247978,2025-12-25T11:00:23.000,MAX,Y,O,M,34.0,DE,N,Y,160.10,Y
20246527,2025-10-09T12:11:28.000,MED,N,O,M,26.0,DE,N,N,130.65,N
20250315,2026-05-02T12:05:00.000,MIN,Y,B,M,49.0,DE,N,N,220.16,Y
20032355,2025-11-13T11:48:12.000,MED,Y,W,M,39.0,DE,N,N,120.05,N
58413,2026-08-07T21:17:01.000,MAX,Y,B,M,45.0,DE,N,Y,140.20,N
20246827,2025-10-24T00:12:35.000,MIN,N,O,M,55.0,DE,N,N,121.12,N
20249202,2026-05-05T09:53:58.000,MIN,N,O,M,31.0,CS,N,N,155.25,N
124806,2026-08-31T15:49:00.000,MIN,N,O,M,51.0,DEP,N,N,140.25,N
20243380,2025-05-11T20:55:58.000,MAX,Y,B,M,25.0,DE,N,N,110-125.25,Y
20011947,2026-07-30T12:01:57.000,MIN,Y,O,M,35.0,DE,N,N,110-125.25,N
20252629,2026-08-28T11:46:32.000,MIN,Y,A,M,27.0,DE,N,N,120.05,N
20207976,2026-08-23T01:01:45.000,MAX,N,B,M,31.0,DEP,N,N,220.16,N
20251334,2026-06-20T16:31:33.000,MED,N,O,M,25.0,DE,N,N,130.35,N
20122658,2025-12-12T00:17:18.000,MAX,Y,B,M,30.0,DE,N,Y,105.17,Y
20073999,2025-08-15T17:06:04.000,MED,Y,B,M,32.0,SSR,N,N,,Y
20222544,2026-02-26T12:01:30.000,MAX,N,B,M,29.0,DE,N,N,220.18,Y
20242151,2025-03-13T17:03:00.000,MIN,Y,W,M,45.0,DE,N,N,110-125.25,N
20226862,2023-09-09T20:28:12.000,MIN,N,B,M,35.0,DE,N,N,265.13,Y
10005269,2024-12-04T18:11:32.000,MED,N,O,M,41.0,DE,N,N,125.25,Y
20251024,2026-06-04T16:30:13.000,MED,N,O,M,47.0,DE,N,N,130.30,N
48289,2026-08-11T13:40:35.000,MED,Y,B,M,43.0,DE,N,Y,130.45,N
20241121,2025-01-17T03:28:17.000,MIN,Y,W,F,50.0,DE,N,N,125.21,N
20250926,2026-05-30T12:54:53.000,MIN,N,A,M,22.0,DE,N,N,120.10,N
20070678,2025-05-01T19:43:28.000,MIN,N,W,M,52.0,DE,N,N,140.25,Y
20160401,2026-07-09T16:25:04.000,MED,Y,B,M,62.0,DE,N,N,160.15,N
20043138,2025-11-17T01:02:52.000,MAX,Y,B,M,34.0,DE,N,N,140.25,Y
20229536,2026-08-09T16:01:16.000,MAX,Y,B,M,32.0,DE,N,Y,220.39,N
20252425,2026-08-17T15:18:29.000,MIN,N,B,M,37.0,DE,N,N,121.12,N
51332,2026-05-22T17:10:28.000,MAX,N,B,M,42.0,DE,N,N,125.25,Y
20106086,2025-12-20T00:19:12.000,MED,Y,W,M,53.0,CS,N,N,,Y
10014999,2026-04-24T15:28:06.000,MIN,N,O,M,34.0,CS,N,N,110-265.03,N
20215269,2026-06-07T20:58:25.000,MAX,Y,O,M,24.0,DEP,N,Y,265.03,Y
20244256,2025-06-22T23:23:00.000,MIN,Y,B,M,48.0,DE,N,N,110-160.10,Y
20248084,2026-01-02T12:40:16.000,MIN,Y,O,M,27.0,DE,N,N,140.25,N
20249283,2026-03-11T17:11:58.000,MIN,Y,B,M,44.0,DE,N,N,120.10,Y
20240003,2026-08-05T23:17:00.000,MED,Y,B,M,23.0,DE,N,N,110-125.25,N
20198343,2025-02-02T13:01:19.000,MIN,N,B,M,55.0,DE,N,N,220.16,N
130920,2026-05-18T17:23:59.000,MED,N,O,M,39.0,DE,N,N,125.25,Y
16674,2026-05-06T12:17:25.000,MAX,Y,B,M,40.0,CS,N,N,120.05,N
119811,2023-11-04T22:42:00.000,MED,N,B,M,74.0,DE,N,N,125.25,N
140902,2026-05-25T11:06:00.000,MIN,Y,B,M,52.0,DE,N,Y,155.35,N
20246291,2025-09-26T22:37:09.000,MIN,N,B,M,31.0,DE,N,N,110-125.25,N
20244195,2025-06-19T17:04:22.000,MAX,N,B,M,30.0,DE,N,N,110-125.25,Y
20108410,2026-01-09T20:02:24.000,MED,N,O,M,35.0,DEP,N,N,155.30,N
18234,2026-08-26T07:49:16.000,MED,N,B,M,63.0,DEP,N,N,VOP,N
39332,2026-06-20T16:09:00.000,MED,Y,B,M,37.0,DE,N,N,220.39,N
20238692,2024-12-12T20:11:18.000,MED,Y,B,M,40.0,DE,N,N,135.20,N
16797,2026-07-11T13:07:01.000,MED,Y,B,M,43.0,DE,N,Y,140.25,N
87888,2026-07-10T00:27:55.000,MAX,Y,B,M,36.0,DE,N,N,160.15,N
20198014,2026-07-05T01:19:50.000,MED,N,O,M,28.0,DE,N,Y,110-125.25,N
96366,2026-07-10T16:16:05.000,MIN,Y,B,M,50.0,DE,N,N,110-120.10,N
101834,2026-07-28T09:49:35.000,MED,Y,B,M,41.0,DE,N,N,140.20,N
10012008,2025-07-20T14:59:01.000,MAX,Y,B,M,37.0,DE,N,Y,265.03,Y
20225482,2026-04-06T12:39:32.000,MED,Y,O,M,40.0,CS,N,N,,Y
20212743,2025-09-28T12:57:56.000,MAX,Y,B,M,27.0,DE,N,N,130.35,Y
131605,2026-02-04T23:44:41.000,MIN,N,O,M,58.0,DE,N,N,220.21,N
20246451,2025-10-05T23:45:10.000,MED,Y,A,M,51.0,DE,N,N,125.20,Y
10015456,2026-01-22T15:33:28.000,MED,Y,B,M,33.0,CS,N,N,215.50,Y
20209982,2025-08-22T23:33:16.000,MAX,Y,O,M,29.0,DE,N,N,120.05,Y
20251086,2026-06-08T00:28:12.000,MIN,Y,B,M,19.0,DE,N,N,265.03,Y
20078598,2023-03-07T18:46:23.000,MAX,Y,B,M,34.0,DE,N,Y,125.27,Y
20233227,2024-08-13T16:49:56.000,MED,Y,B,M,32.0,DE,N,N,110-130.35,Y
20033020,2026-08-25T01:15:52.000,MIN,Y,B,M,37.0,DE,N,N,140.20,N
20154541,2026-08-29T11:17:00.000,MED,N,B,M,29.0,DE,N,Y,265.03,N
20229916,2026-04-02T16:54:00.000,MAX,Y,B,M,22.0,DE,N,Y,160.15,Y
20251053,2026-06-06T12:48:21.000,MIN,Y,O,M,36.0,DE,N,N,140.25,Y
20242513,2025-04-02T01:18:16.000,MED,N,O,M,27.0,DE,N,N,220.41,Y
20240734,2024-12-26T20:40:15.000,MIN,N,B,M,31.0,DE,N,N,265.03,N
20252238,2026-08-08T01:31:27.000,MIN,N,A,M,41.0,DE,N,N,110-125.25,N
49331,2020-07-29T20:55:35.000,MED,N,B,M,47.0,DE,N,Y,125.27,Y
20243897,2026-05-28T13:00:10.000,MIN,N,B,M,21.0,CS,N,Y,120.00,Y
20225255,2026-08-30T16:53:00.000,MAX,N,W,M,22.0,DE,N,N,160.05,N
20108761,2026-08-06T20:37:43.000,MED,Y,B,M,33.0,DE,N,N,155.30,N
151723,2026-08-07T16:23:56.000,MED,N,B,M,34.0,DE,N,N,215.51,N
20211826,2025-12-25T20:41:23.000,MAX,Y,A,M,25.0,DE,N,Y,265.03,Y
20241342,2026-04-22T20:00:32.000,MED,Y,B,M,26.0,DE,N,N,110-125.25,Y
20205674,2026-05-12T13:23:50.000,MIN,Y,W,F,37.0,CS,N,N,,N
20249160,2026-06-19T19:52:06.000,MIN,Y,W,F,37.0,CS,N,N,,Y
20229274,2026-08-17T13:39:58.000,MIN,Y,B,F,33.0,DE,N,N,155.35,N
20245941,2025-09-11T01:01:00.000,MED,Y,O,M,24.0,DE,N,N,160.15,Y
20231501,2025-03-14T17:31:54.000,MIN,Y,B,M,58.0,DE,N,N,265.03,Y
77152,2026-05-29T20:30:00.000,MIN,N,B,M,46.0,DE,N,N,160.15,N
20221954,2026-08-07T17:15:58.000,MIN,Y,B,M,70.0,DE,N,N,155.30,N
15045,2026-01-09T16:42:23.000,MED,N,B,M,46.0,DE,N,Y,160.10,Y
20212351,2024-03-09T15:26:12.000,MED,N,B,M,45.0,DE,N,N,220.21,Y
20192204,2025-09-16T11:50:00.000,MAX,Y,B,M,31.0,DE,N,N,120.05,Y
20241960,2025-03-06T00:45:35.000,MIN,Y,O,M,51.0,DE,N,N,160.15,Y
20135437,2023-02-08T11:49:15.000,MED,Y,B,M,41.0,DE,N,N,125.25,Y
20232308,2024-06-28T15:11:26.000,MAX,N,O,M,23.0,DE,N,N,125.25,Y
20227193,2023-09-28T17:32:40.000,MAX,Y,O,M,26.0,SSR,N,Y,,Y
20250720,2026-05-20T01:25:00.000,MED,Y,B,M,48.0,DE,N,N,120.05,Y
20202216,2025-10-16T15:29:30.000,MIN,Y,B,M,52.0,DE,N,N,140.25,N
47365,2026-08-22T14:50:08.000,MED,N,B,M,40.0,DE,N,N,160.15,N
20246293,2025-11-26T11:35:43.000,MED,N,B,M,43.0,DE,N,N,155.35,Y
20071910,2025-05-27T14:44:19.000,MAX,Y,B,M,32.0,DE,N,N,130.65,Y
20211676,2026-05-07T18:58:00.000,MED,N,B,M,25.0,DE,N,Y,220.16,N
20137305,2025-07-30T15:14:00.000,MED,Y,W,M,29.0,DNS,N,N,,Y
20066105,2026-05-12T14:32:00.000,MED,N,B,M,56.0,DE,N,N,125.25,N
20239373,2026-06-17T11:18:23.000,MED,Y,B,F,39.0,DE,N,N,110-160.10,N
20230618,2025-08-27T14:48:13.000,MED,Y,A,M,46.0,DE,N,N,120.10,N
20093968,2021-12-08T19:39:54.000,MED,Y,B,M,30.0,DE,N,Y,125.25,Y
20246927,2025-10-29T16:03:20.000,MED,N,O,M,29.0,DE,N,N,220.43,Y
20015838,2025-09-30T21:40:43.000,MAX,Y,B,M,36.0,DE,N,Y,120.05,Y
20249716,2026-04-03T16:54:01.000,MED,N,B,M,18.0,CS,N,Y,,Y
20248256,2026-01-12T18:35:05.000,MED,Y,B,M,21.0,DE,N,N,110-125.25,Y
20239112,2024-10-03T20:38:00.000,MED,Y,B,M,33.0,DE,N,N,125.20,Y
122248,2025-05-14T01:08:36.000,MED,Y,B,M,36.0,DE,N,N,125.25,Y
20107431,2025-01-25T18:44:34.000,MAX,Y,B,M,33.0,DE,N,N,120.05,Y
20075775,2025-06-20T18:09:36.000,MED,Y,O,M,56.0,DE,N,N,140.30,Y
20057878,2026-05-16T18:41:47.000,MIN,N,W,M,41.0,DEP,N,N,140.20,N
20238284,2024-08-24T22:15:00.000,MED,N,B,M,31.0,DE,N,N,230.34,Y
20243621,2025-05-22T12:27:36.000,MED,Y,O,M,29.0,DE,N,N,110-125.25,Y
20061276,2026-08-19T14:28:49.000,MAX,N,B,M,34.0,DE,N,Y,,N
20184969,2025-09-02T16:57:13.000,MED,N,B,M,41.0,DE,N,N,265.03,N
20145312,2026-06-06T01:12:00.000,MED,N,B,F,31.0,DE,N,N,120.05,Y
20219529,2022-07-07T01:08:37.000,MED,Y,B,M,28.0,DE,N,Y,125.25,Y
20089711,2026-07-02T16:45:07.000,MIN,N,O,M,50.0,DE,N,N,160.15,Y
20101494,2026-01-30T20:05:39.000,MIN,Y,O,M,37.0,CS,N,N,,N
20043548,2026-07-30T17:33:16.000,MAX,Y,O,M,34.0,CS,N,N,,N
20243192,2026-07-21T00:14:00.000,MED,Y,B,F,39.0,DE,N,N,110-160.15,N
20252539,2026-08-22T16:32:36.000,MED,N,B,F,38.0,DE,N,N,FOA 900.00,N
20251706,2026-07-10T16:43:55.000,MIN,N,O,M,41.0,DE,N,N,120.00,N
20045874,2026-08-11T17:16:47.000,MIN,Y,W,M,48.0,CS,N,N,,N
20252070,2026-07-30T17:16:44.000,MED,Y,B,F,62.0,DE,N,N,125.25,N
20232851,2024-07-25T16:38:06.000,MAX,Y,O,M,25.0,DE,N,N,125.25,Y
20155870,2026-08-14T10:52:08.000,MED,Y,O,M,28.0,DE,N,N,120.00,N
20227443,2026-01-14T17:57:02.000,MED,N,B,M,30.0,DE,N,Y,265.03,Y
20249095,2026-03-02T02:03:04.000,MED,N,O,M,31.0,DE,N,N,125.25,N
20193213,2026-07-02T12:50:59.000,MAX,N,B,M,30.0,DE,N,N,140.25,N
20251448,2026-06-26T16:55:42.000,MAX,Y,B,M,23.0,DE,N,N,150.15,Y
20051653,2026-06-22T12:53:50.000,MIN,N,M,M,36.0,DE,N,N,140.20,N
75931,2026-08-29T00:43:17.000,MIN,Y,B,M,48.0,DE,N,N,120.14,N
20246452,2026-07-09T19:15:33.000,MED,Y,O,M,26.0,DE,N,N,160.15,N
20087315,2026-06-10T13:16:08.000,MIN,Y,B,M,36.0,DE,N,N,120.14,N
118804,2025-05-17T10:30:30.000,MED,Y,B,M,45.0,DE,N,N,125.25,N
20247776,2025-12-12T17:05:05.000,MED,N,B,M,20.0,DE,N,Y,110-125.25,Y
20223846,2026-02-19T18:36:36.000,MED,Y,B,M,22.0,DE,N,Y,105.15,Y
95752,2026-07-30T19:51:31.000,MED,Y,B,F,52.0,CS,N,N,,N
20246441,2025-10-05T01:24:03.000,MED,N,B,M,52.0,DE,N,N,220.21,N
20240467,2026-06-08T11:27:34.000,MIN,Y,O,M,68.0,DE,N,N,220.43,N
17936,2024-09-08T19:23:31.000,MAX,Y,B,M,58.0,DE,N,Y,160.10H,Y
20244202,2025-06-20T00:05:32.000,MIN,N,B,M,31.0,DE,N,N,110-125.25,N
20247264,2026-08-03T12:50:59.000,MIN,Y,O,M,31.0,DE,N,N,140.20,N
20123044,2022-07-25T23:45:00.000,MED,Y,B,M,55.0,DE,N,N,125.25,Y
20252680,2026-08-31T17:41:46.000,,N,B,F,24.0,DE,N,N,110-120.05,N
20251321,2026-06-20T01:03:00.000,MED,Y,B,F,35.0,DE,N,N,150.15,N
20229158,2025-03-04T11:53:45.000,MAX,Y,B,M,29.0,DE,N,N,110-125.25,N
20250257,2026-04-29T16:51:35.000,MED,Y,B,M,32.0,DE,N,N,120.05,Y
20209557,2026-06-15T19:30:02.000,MED,Y,B,M,49.0,DE,N,N,160.10,N
20246578,2025-10-11T01:14:25.000,MIN,Y,O,M,54.0,DE,N,N,220.21,Y
69693,2026-01-26T23:45:43.000,MIN,Y,W,M,39.0,CS,N,N,,Y
143927,2026-07-13T16:31:52.000,MAX,Y,B,M,42.0,DE,N,N,120.10,Y
20245655,2025-08-28T14:13:55.000,MAX,N,B,M,19.0,DE,N,Y,105.15,Y
20050719,2026-03-20T01:47:02.000,MED,Y,O,M,38.0,DEP,N,N,265.02,N
20249951,2026-04-14T18:54:01.000,MED,Y,B,M,20.0,DE,N,N,125.25,Y
20251076,2026-06-07T15:27:07.000,MED,N,B,M,35.0,DE,N,N,140.20,N
20214321,2026-08-28T17:32:40.000,MAX,Y,B,M,24.0,DNS,N,Y,,N
20211402,2025-10-18T00:32:07.000,MED,N,B,M,29.0,DE,N,N,265.03,Y
20252254,2026-08-09T01:15:22.000,MED,N,O,M,24.0,DE,N,N,140.25,N
20238111,2026-08-31T11:59:23.000,MED,N,B,M,22.0,DE,N,N,220.39,N
20090721,2026-06-30T00:28:09.000,MAX,Y,O,M,36.0,DE,N,Y,120.05,N
20215604,2025-09-10T20:19:20.000,MAX,Y,B,M,24.0,DE,N,Y,110-125.25,Y
20022455,2026-08-28T14:14:50.000,MED,Y,B,M,46.0,DE,N,N,160.10,N
20105276,2026-03-26T16:38:09.000,MAX,Y,B,M,31.0,DEP,N,N,130.95,Y
20209688,2026-08-10T11:36:45.000,MAX,Y,W,M,29.0,CSP,N,N,140.20,N
20252674,2026-08-31T12:33:10.000,MIN,Y,A,M,62.0,DE,N,N,215.50,N
76686,2026-04-25T17:14:00.000,MED,N,B,M,42.0,DE,N,N,110-125.25,N
20137980,2025-04-22T13:50:06.000,MED,Y,A,M,28.0,DE,N,Y,110-130.50,Y
20250591,2026-06-04T12:37:33.000,MAX,Y,O,M,35.0,DE,N,N,120.00,Y
1293,2026-03-08T01:04:00.000,MAX,N,O,M,53.0,DE,N,N,140.25,Y
20247525,2025-11-28T23:14:21.000,MED,Y,B,M,33.0,DE,N,N,125.25,N
20231265,2026-02-06T17:57:00.000,MED,Y,B,M,28.0,DE,N,N,140.20,Y
20250988,2026-06-03T13:00:14.000,MIN,Y,B,M,24.0,CS,N,N,,N
20170457,2024-12-08T23:10:00.000,MAX,Y,B,M,28.0,DE,N,Y,265.03,Y
20252055,2026-07-30T00:57:52.000,MIN,N,O,M,55.0,DE,N,N,110-125.25,N
20247204,2026-05-16T15:08:47.000,MED,Y,B,M,28.0,DE,N,N,160.10,Y
127132,2026-07-22T11:38:48.000,MED,Y,O,M,51.0,DEP,N,N,220.44,N
20118210,2026-05-29T16:41:49.000,MAX,Y,B,M,31.0,DE,N,N,490.20,Y
20218050,2025-11-19T00:33:23.000,MAX,Y,B,M,24.0,DE,N,Y,125.25,Y
20238643,2026-08-30T01:18:10.000,MAX,Y,B,M,32.0,DE,N,N,160.15,N
20238816,2025-06-26T02:21:07.000,MED,N,B,M,20.0,DE,N,N,110-125.25,Y
20249953,2026-04-14T18:57:14.000,MAX,N,B,M,22.0,CS,N,N,110-125.25,Y
20120826,2025-06-13T17:02:21.000,MAX,N,B,M,30.0,DE,N,Y,220.39,Y
78531,2026-08-30T16:05:55.000,MIN,Y,B,M,37.0,DE,N,N,120.00,N
20233243,2024-08-14T00:55:50.000,MAX,N,O,M,36.0,DE,N,N,265.13,Y
20178655,2026-07-21T17:39:32.000,MED,Y,O,M,42.0,DE,N,N,220.21,N
20141839,2025-10-30T16:58:01.000,MAX,Y,O,M,30.0,DE,N,N,130.35,Y
20214794,2026-08-14T11:27:27.000,MED,N,W,M,24.0,DE,N,N,140.20,N
20246717,2026-08-15T21:01:08.000,MIN,Y,A,M,35.0,DE,N,N,160.10,N
164689,2026-04-21T22:10:30.000,MIN,Y,B,M,36.0,DE,N,N,240.31,N
20082412,2026-05-01T22:45:00.000,MED,Y,W,F,49.0,DE,N,N,120.05,Y
20102185,2025-12-31T20:25:30.000,MAX,N,B,M,31.0,DE,N,Y,265.03,Y
20201475,2026-08-30T01:25:03.000,MAX,Y,B,M,24.0,DE,N,N,120.05,N
85573,2026-08-29T17:37:00.000,MIN,N,W,M,52.0,DE,N,N,160.15,N
137456,2026-05-15T18:45:00.000,MIN,Y,B,M,53.0,DE,N,N,140.20,N
53344,2026-07-02T21:52:34.000,MIN,N,B,M,63.0,CS,N,N,140.35,N
10000844,2025-10-29T01:51:36.000,MIN,N,O,M,36.0,DE,N,N,120.07,Y
20251676,2026-07-09T11:37:49.000,MIN,N,B,M,70.0,CS,N,N,120.05,N
20065554,2026-08-27T01:32:31.000,MAX,Y,B,M,33.0,DE,N,N,145.00,N
20245197,2025-08-07T13:00:10.000,MED,Y,B,M,19.0,DE,N,N,125.25,Y
20027480,2026-08-25T16:50:13.000,MED,Y,B,M,45.0,CS,N,N,220.03,N
20216719,2026-03-27T17:38:52.000,MAX,Y,O,F,24.0,DE,N,N,140.20,N
20238667,2024-12-11T12:15:18.000,MIN,N,B,M,31.0,DE,N,Y,105.17,Y
20083138,2025-10-04T07:00:34.000,MED,Y,O,M,32.0,DE,N,N,155.30,Y
20198754,2026-07-06T12:15:46.000,MED,Y,B,M,24.0,DE,N,Y,160.10,N
20140582,2025-05-18T01:51:22.000,MIN,Y,B,M,40.0,DE,N,N,140.30,N
149053,2026-05-27T12:22:27.000,MIN,Y,B,M,43.0,DE,N,N,140.20,N
20200920,2026-08-11T15:14:46.000,MED,N,O,M,64.0,DE,N,N,130.50,N
20252029,2026-07-28T13:19:06.000,MIN,N,O,F,49.0,CS,N,N,,N
20070327,2026-02-24T12:25:51.000,MED,Y,O,M,38.0,DE,N,N,130.35,N
20176120,2026-06-01T00:15:05.000,MIN,Y,W,M,58.0,DE,N,N,FOA 900.00,N
20061561,2024-03-13T16:34:55.000,MED,Y,B,M,32.0,DE,N,N,125.25,Y
20228203,2024-12-31T03:27:54.000,MED,Y,B,M,22.0,DE,N,Y,110-125.27,Y
20073108,2026-06-10T19:27:13.000,MIN,N,B,M,50.0,DE,N,N,230.34,N
20169850,2026-08-21T15:51:18.000,MIN,Y,O,F,39.0,DE,N,N,FOA 900.00,N
20248913,2026-08-02T01:25:43.000,MED,N,A,M,28.0,DE,N,N,160.15,N
20244825,2026-07-12T17:35:03.000,MED,Y,A,F,28.0,DE,N,N,140.20,N
10005222,2025-08-11T18:30:00.000,MED,Y,B,M,38.0,DE,N,N,160.15,Y
4025,2025-09-23T22:15:34.000,MED,Y,B,M,37.0,DE,N,Y,125.25,N
20248742,2026-02-10T13:00:56.000,MED,N,B,M,20.0,DE,N,Y,105.10,Y
20175603,2025-03-05T21:34:06.000,MAX,Y,U,M,27.0,DE,N,Y,125.15,Y
20121089,2026-06-02T14:04:46.000,MIN,Y,B,F,32.0,DE,N,N,110-125.27,N
20252000,2026-07-26T20:36:00.000,MIN,Y,A,M,26.0,DE,N,N,160.10,Y
20225703,2023-07-07T17:37:20.000,MAX,N,O,M,22.0,DE,N,Y,125.25,Y
20167019,2026-08-26T16:39:36.000,MAX,N,B,M,28.0,DE,N,Y,110-125.25,N
20245689,2025-12-15T17:25:48.000,MIN,N,A,M,32.0,DE,N,N,140.25,Y
20240619,2024-12-19T16:13:21.000,MED,Y,A,M,60.0,DE,N,N,125.27,N
20212657,2026-06-03T17:26:00.000,MIN,N,B,M,44.0,DE,N,N,265.02,N
20226171,2026-08-24T10:30:28.000,MED,N,B,M,30.0,DE,N,N,120.05,N
20163657,2026-07-04T16:46:43.000,MAX,N,O,M,28.0,DE,N,Y,120.05,N
20182972,2024-05-14T15:59:46.000,MED,Y,O,F,47.0,DE,N,N,125.25,Y
20088227,2026-02-19T00:05:37.000,MED,Y,O,M,31.0,DEP,N,Y,265.03,Y
20252691,2026-09-01T01:15:00.000,,N,B,M,45.0,DE,N,N,265.03,N
20230331,2024-09-09T19:59:06.000,MAX,Y,W,M,43.0,DE,N,N,125.25,Y
166086,2026-08-07T01:31:00.000,MAX,N,B,M,35.0,DE,N,Y,121.12,N
20247005,2026-08-09T01:16:16.000,MED,Y,O,F,23.0,DE,N,N,120.05,N
20247782,2026-07-09T11:18:51.000,MIN,N,O,M,48.0,DE,N,N,155.40,N
20045716,2025-06-26T17:45:19.000,MIN,N,B,M,44.0,DE,N,N,110-125.25,N
99655,2025-11-09T20:56:10.000,MIN,N,B,M,58.0,DE,N,N,265.03,N
20013483,2025-12-17T11:56:08.000,MIN,N,W,M,43.0,DE,N,N,220.21,N
20241851,2025-02-27T21:22:42.000,MIN,N,B,M,58.0,DE,N,N,120.10,Y
20241617,2025-02-13T19:57:45.000,MAX,Y,O,M,25.0,DE,N,N,125.25,Y
20244305,2025-06-25T11:25:13.000,MAX,Y,B,M,24.0,DE,N,N,110-125.27,Y
20210012,2025-02-04T00:23:53.000,MIN,Y,B,M,71.0,DEP,N,N,265.03,Y
20231821,2025-08-11T20:20:13.000,MAX,Y,O,M,30.0,DE,N,N,155.35,Y
34033,2026-07-25T01:09:49.000,MIN,N,O,F,40.0,DE,N,N,220.16,N
20238949,2024-09-25T21:16:40.000,MED,N,B,M,56.0,DE,N,N,125.25,Y
20246680,2026-03-22T12:27:56.000,MAX,Y,W,F,34.0,DE,N,N,120.05,Y
20177728,2025-06-25T00:00:51.000,MED,N,B,M,27.0,DE,N,Y,130.35,Y
20204598,2025-07-30T16:53:29.000,MED,Y,B,M,28.0,DE,N,N,160.15,Y
20072700,2026-08-25T12:12:22.000,MED,N,O,M,34.0,DE,N,N,110-220.16,N
68797,2026-06-30T18:43:04.000,MAX,Y,B,M,40.0,DE,N,Y,125.25,Y
66021,2026-05-09T02:05:21.000,MED,N,B,M,41.0,CS,N,N,,N
20201598,2025-06-14T00:55:04.000,MED,N,B,M,38.0,DNS,N,N,,Y
97842,2026-07-30T20:35:00.000,MIN,N,O,M,48.0,DE,N,N,140.20,N
20249866,2026-04-10T12:29:01.000,MED,N,O,M,22.0,DE,N,N,130.75,N
20251277,2026-06-17T23:38:23.000,MIN,Y,B,F,27.0,DE,N,N,FOA 900.00,N
41726,2025-06-04T15:54:00.000,MIN,N,W,M,59.0,CS,N,N,140.20,N
20187507,2026-06-12T16:27:00.000,MIN,N,B,M,26.0,DE,N,Y,265.03,N
20226808,2026-04-21T19:44:17.000,MIN,Y,O,M,21.0,DE,N,N,160.15,N
154949,2026-08-07T12:14:38.000,MED,N,B,M,34.0,DE,N,N,160.05,N
20135604,2025-04-13T16:21:50.000,MED,Y,B,M,33.0,DE,N,Y,140.25,Y
10005144,2026-05-19T23:52:00.000,MED,Y,B,M,36.0,DE,N,N,130.65,N
137771,2025-02-27T20:02:17.000,MAX,Y,O,M,37.0,DE,N,Y,160.15,Y
20249309,2026-03-12T14:11:48.000,MED,Y,O,M,19.0,DE,N,Y,125.25,Y
20227895,2024-10-10T14:49:06.000,MED,Y,B,M,21.0,DE,N,Y,110-125.25,Y
130897,2024-02-22T13:28:10.000,MED,N,B,M,39.0,DE,N,N,220.21,Y
20252504,2026-08-20T22:01:43.000,MIN,Y,W,M,44.0,DE,N,N,215.55,N
20250247,2026-04-28T23:27:11.000,MIN,Y,B,M,28.0,DE,N,N,120.10,N
20244563,2026-07-08T19:46:53.000,MED,N,B,M,26.0,DE,N,N,120.07,N
20217463,2026-05-12T12:41:32.000,MIN,N,B,M,30.0,CS,N,N,120.00,N
20244083,2025-06-13T17:36:32.000,MAX,Y,B,M,20.0,DE,N,Y,105.15,Y
20248785,2026-02-12T16:18:10.000,MED,Y,B,M,51.0,DE,N,N,130.30,N
20174272,2025-12-18T10:59:57.000,MAX,N,B,M,26.0,DE,N,Y,120.07,Y
20245507,2025-08-22T11:51:51.000,MED,Y,B,M,21.0,DE,N,Y,110-125.25,Y
38206,2023-02-12T12:15:47.000,MIN,Y,B,M,41.0,DE,N,Y,230.34,N
20210351,2026-05-04T14:41:37.000,MIN,Y,O,M,27.0,DE,N,N,140.20,N
20110492,2026-03-10T15:42:45.000,MIN,N,B,M,39.0,DE,N,N,220.18,N
75824,2026-08-08T19:33:00.000,MED,N,B,M,57.0,DE,N,N,265.03,N
20158546,2026-05-08T16:56:32.000,MAX,Y,W,M,36.0,DE,N,N,120.05,Y
20250996,2026-06-03T19:01:29.000,MED,Y,B,M,24.0,DE,N,N,140.30,N
20241065,2025-01-15T14:54:35.000,MAX,N,B,M,23.0,DE,N,Y,265.03,Y
20176785,2026-01-23T12:54:13.000,MIN,N,B,M,30.0,DE,N,N,265.03,N
20209441,2026-08-22T22:46:31.000,MAX,N,W,M,25.0,DE,N,Y,105.13,N
20025053,2026-04-15T16:51:46.000,MIN,Y,O,M,50.0,DE,N,N,105.15,N
20241854,2025-04-30T13:18:17.000,MIN,Y,O,M,29.0,DE,N,N,120.60,Y
20023026,2026-03-27T18:38:15.000,MIN,N,O,M,48.0,CS,N,N,220.18,N
119902,2026-04-16T17:30:39.000,MED,Y,B,M,38.0,DE,N,N,120.10,N
20039691,2025-05-06T14:46:43.000,MAX,Y,O,M,33.0,DE,N,Y,140.25,Y
20206293,2019-08-10T00:52:00.000,MAX,N,B,M,26.0,DE,N,Y,125.25,Y
20100168,2026-04-03T00:37:58.000,MIN,Y,B,M,33.0,DE,N,N,140.20,N
20150958,2026-08-15T19:20:56.000,MED,Y,B,M,32.0,DE,N,N,110-160.15,N
20245198,2025-08-07T13:17:32.000,MED,Y,B,M,23.0,DE,N,Y,125.25,Y
20251500,2026-06-30T00:40:18.000,MED,Y,B,F,22.0,DE,N,N,125.25,N
20251909,2026-07-20T17:52:10.000,MIN,Y,B,M,37.0,DE,N,N,130.52,N
12986,2026-08-25T08:32:51.000,,N,B,M,60.0,DE,N,N,155.25,N
20008038,2026-04-24T01:33:27.000,MED,Y,B,M,41.0,DE,N,N,265.03,Y
20057499,2024-10-13T16:50:29.000,MAX,Y,O,M,33.0,DE,N,Y,110-125.25,Y
20242368,2026-06-25T13:07:05.000,MIN,Y,B,M,21.0,CS,N,N,160.10,Y
20225796,2026-05-11T11:48:52.000,MIN,Y,O,M,43.0,DE,N,N,110-125.25,N
94467,2025-09-10T13:40:14.000,MIN,Y,B,M,42.0,DE,N,N,265.03,Y
20209157,2020-01-31T13:30:00.000,MED,Y,B,M,31.0,DE,N,N,125.25,N
20202934,2025-06-13T19:39:20.000,MED,Y,B,M,30.0,DE,N,N,120.10,N
20252457,2026-08-19T10:00:02.000,MED,N,B,M,62.0,CS,N,N,,N
20083033,2026-05-14T15:30:16.000,MED,N,B,M,36.0,DE,N,N,125.25,N
20248541,2026-01-28T14:45:06.000,MAX,Y,O,M,26.0,DE,N,Y,110-125.25,Y
20252490,2026-08-20T16:23:25.000,MED,N,B,M,19.0,DE,N,N,110-125.25,N
20167469,2026-02-14T01:29:00.000,MED,N,O,M,45.0,DE,N,N,130.65,N
20045404,2026-07-11T15:24:00.000,MAX,Y,O,M,45.0,DE,N,N,110-160.15,N
20248760,2026-02-11T01:20:56.000,MIN,Y,O,M,40.0,DE,N,N,220.21,N
39546,2026-08-18T01:23:10.000,MIN,N,O,M,49.0,CS,N,N,215.55,N
20251466,2026-07-20T16:07:43.000,MIN,N,B,M,34.0,CS,N,N,,N
20249668,2026-04-01T00:23:03.000,MED,Y,B,M,19.0,DE,N,Y,110-125.25,N
20248042,2025-12-30T17:11:38.000,MIN,Y,B,M,19.0,DE,N,Y,265.03,N
132668,2026-08-08T00:28:00.000,MAX,N,B,M,48.0,DE,N,N,160.15,N
20246354,2026-06-30T17:13:42.000,MED,Y,O,M,32.0,DE,N,N,160.15,N
45856,2026-02-19T00:19:54.000,MAX,N,B,M,37.0,DE,N,Y,140.30,Y
20252458,2026-08-19T10:46:47.000,MIN,N,O,M,30.0,CS,N,N,,N
20241654,2026-04-13T20:38:13.000,MIN,N,O,M,45.0,CS,N,N,,N
20195511,2026-04-29T14:36:53.000,MED,N,B,M,26.0,CS,N,Y,,Y
1916,2025-12-02T12:24:04.000,MIN,Y,B,M,62.0,DE,N,N,155.35,N
20211520,2026-04-30T12:08:11.000,MED,Y,O,M,42.0,DE,N,N,140.25,Y
20250409,2026-08-10T16:41:00.000,MIN,Y,B,M,33.0,DE,N,N,215.52,N
20248234,2026-07-29T14:37:00.000,MIN,Y,B,M,64.0,DE,N,N,155.30,N
20212463,2026-05-04T14:09:42.000,MED,Y,O,M,29.0,DE,N,N,130.65,N
20192406,2026-06-23T19:11:00.000,MIN,Y,H,M,54.0,DE,N,N,120.05,Y
20053017,2025-05-22T23:39:48.000,MED,Y,B,M,36.0,DE,N,N,125.25,Y
20218263,2025-12-31T20:14:48.000,MIN,N,O,M,37.0,DE,N,N,140.20,N
20149917,2026-08-26T00:30:51.000,MAX,Y,O,M,28.0,DEP,N,N,VOP,N
20036657,2026-07-16T14:52:48.000,MIN,Y,B,M,42.0,DE,N,N,220.03,N
41987,2026-06-18T01:12:40.000,MAX,Y,B,M,39.0,DEP,N,Y,220.03,N
106365,2025-11-12T16:38:17.000,MIN,N,B,M,58.0,DE,N,N,215.51,Y
20152225,2026-01-02T20:16:36.000,MED,N,B,M,30.0,DE,N,Y,265.03,N
20217601,2025-02-28T12:25:34.000,MAX,Y,O,M,26.0,DE,N,Y,125.25,Y
20066239,2025-06-25T17:45:55.000,MED,N,W,M,47.0,DE,N,N,130.35,N
20086252,2025-03-31T16:02:36.000,MIN,Y,B,M,46.0,DE,N,N,230.34,Y
20245738,2026-07-19T02:18:44.000,MED,Y,M,M,47.0,DE,N,N,130.35,N
20222602,2023-01-12T20:36:38.000,MED,Y,B,M,22.0,DE,N,N,125.25,Y
110103,2024-11-15T11:52:52.000,MED,Y,B,M,54.0,DE,N,N,125.25,N
20168617,2023-08-10T01:09:55.000,MAX,Y,B,M,26.0,DE,N,Y,110-125.25,Y
20249785,2026-04-07T15:54:00.000,MED,Y,O,M,24.0,DE,N,N,125.25,N
153711,2026-08-14T13:14:06.000,MAX,Y,B,F,34.0,DE,N,N,120.05,N
20238693,2026-04-08T02:03:43.000,MIN,N,W,M,38.0,DE,N,N,265.02,N
20239226,2024-10-10T12:50:36.000,MED,Y,B,M,21.0,DE,N,Y,110-125.25,Y
20243492,2026-08-08T16:20:36.000,MIN,N,O,M,30.0,DE,N,N,155.25,N
20233189,2026-07-16T00:42:58.000,MAX,N,B,M,22.0,DE,N,N,110-125.25,N
20118478,2026-08-13T02:16:55.000,MAX,N,B,M,39.0,DEP,N,N,140.25,N
20241378,2025-01-30T17:31:18.000,MED,N,O,M,26.0,DE,N,N,125.25,N
20247417,2025-11-22T01:21:48.000,MIN,Y,O,M,21.0,SSR,N,N,220.43,Y
20249958,2026-04-14T20:45:33.000,MIN,N,O,M,34.0,DE,N,N,220.21,N
20232241,2025-10-21T12:44:25.000,MAX,N,B,M,21.0,DE,N,Y,125.25,Y
20249808,2026-04-08T15:06:19.000,MIN,N,O,M,26.0,DE,N,N,140.25,N
20109468,2026-08-06T15:13:44.000,MIN,Y,B,M,56.0,DE,N,N,265.03,N
20223596,2026-04-03T17:30:00.000,MAX,Y,B,M,24.0,DE,N,N,160.10,Y
20212286,2026-07-07T01:08:14.000,MED,Y,O,M,27.0,DE,N,N,110-120.10,N
20238845,2024-09-20T16:28:48.000,MAX,N,O,M,29.0,DE,N,N,125.25,Y
20249382,2026-03-16T01:24:00.000,MIN,N,B,M,34.0,DE,N,N,110-125.25,N
20247342,2025-11-19T17:09:34.000,MIN,N,A,M,59.0,DE,N,N,155.42,N
20227465,2025-11-03T00:20:52.000,MED,N,B,M,23.0,DE,N,N,265.03,Y
20252231,2026-08-27T12:52:49.000,MED,Y,B,M,26.0,CS,N,N,205.05,N
10002841,2026-08-22T11:20:40.000,MIN,Y,B,F,43.0,DE,N,N,160.10,N
20211842,2026-03-14T15:50:00.000,MED,Y,B,M,27.0,DE,N,N,140.25,Y
20142864,2023-06-14T10:53:47.000,MAX,Y,B,M,32.0,DE,N,Y,120.10,Y
20250628,2026-05-15T11:51:31.000,MIN,N,B,M,21.0,DE,N,Y,265.03,N
20207768,2024-11-13T21:46:00.000,MAX,Y,O,M,42.0,DE,N,N,125.25,Y
20110404,2026-02-24T12:17:22.000,MED,Y,I,M,35.0,DE,N,N,140.30,N
20070336,2026-05-15T15:47:58.000,MAX,Y,O,M,39.0,DE,N,N,110-125.25,Y
20242856,2026-04-30T23:36:44.000,MAX,Y,B,F,27.0,CS,N,N,,Y
20245282,2026-01-26T19:33:59.000,MIN,N,O,F,49.0,DE,N,N,215.52,N
20198004,2025-01-31T14:20:54.000,MAX,Y,O,M,26.0,DE,N,N,130.96,Y
20213439,2026-06-01T14:47:00.000,MAX,Y,B,F,25.0,DEP,N,N,155.35,N
20004493,2026-06-07T19:39:38.000,MIN,Y,B,M,55.0,DE,N,N,110-150.15,N
20099070,2025-01-16T16:32:13.000,MAX,Y,B,M,31.0,DE,N,N,120.05,Y
20249123,2026-03-03T15:53:49.000,MED,N,B,M,31.0,DE,N,N,160.15,N
20158285,2026-08-27T00:58:00.000,MAX,N,O,M,32.0,DE,N,Y,155.30,N
103412,2026-04-18T17:05:01.000,MED,Y,B,M,40.0,CS,N,N,195.05,Y
20003406,2025-06-30T18:47:48.000,MAX,Y,B,M,34.0,SSR,N,Y,,Y
20221629,2025-11-19T14:17:03.000,MAX,Y,O,M,21.0,DE,N,Y,125.25,Y
20250165,2026-04-23T18:50:00.000,MIN,Y,B,M,28.0,DE,N,Y,265.03,Y
20245878,2025-09-08T15:53:00.000,MED,Y,O,M,45.0,DE,N,N,125.25,N
61990,2026-03-28T23:27:00.000,MIN,Y,W,M,60.0,CS,N,N,155.25,N
20251105,2026-06-08T23:28:02.000,MED,Y,B,M,32.0,DE,N,N,120.05,N
20031956,2026-04-10T20:26:38.000,MIN,Y,O,M,53.0,DE,N,N,120.18,N
20244499,2025-07-04T23:21:53.000,MED,N,O,M,53.0,DE,N,N,110-120.10,N
20212398,2026-08-28T15:41:41.000,MED,N,O,M,29.0,DE,N,N,121.12,N
20245091,2025-08-01T18:01:13.000,MED,N,U,M,47.0,DE,N,N,130.96,N
20247519,2025-11-28T12:20:22.000,MIN,Y,W,M,51.0,DE,N,N,120.25,N
20181387,2026-02-28T21:48:00.000,MAX,Y,B,M,40.0,DEP,N,N,125.25,Y
20056157,2026-02-11T15:57:17.000,MIN,N,O,M,37.0,CS,N,N,155.25,N
45489,2026-02-21T20:57:53.000,MIN,Y,B,M,64.0,CS,N,N,215.55,N
20116255,2026-04-03T05:50:26.000,MAX,Y,O,M,34.0,DE,N,N,110-160.10,Y
20223789,2025-05-29T00:28:33.000,MIN,Y,W,M,51.0,DE,N,N,145.05,N
20251671,2026-07-08T21:06:08.000,MIN,N,O,M,45.0,DE,N,N,140.25,N
20009419,2023-02-13T14:39:56.000,MED,N,O,M,36.0,DE,N,N,125.27,Y
20248762,2026-02-11T12:47:45.000,MED,Y,O,M,39.0,DE,N,N,220.43,Y
20078780,2025-12-16T16:50:34.000,MED,N,O,M,31.0,DE,N,N,220.77,N
20161070,2026-08-20T16:49:06.000,MIN,N,W,M,39.0,DE,N,N,165.45,N
20243287,2026-08-10T12:49:57.000,MED,N,W,M,24.0,CS,N,N,155.35,N
75412,2026-03-18T22:37:00.000,MAX,Y,O,M,55.0,DE,N,N,140.25,N
20221818,2024-10-16T19:56:53.000,MAX,Y,B,M,22.0,DE,N,Y,160.15,Y
10009961,2026-08-11T01:00:31.000,MED,Y,B,M,34.0,DE,N,N,110-160.10,N
20239498,2025-12-20T19:35:59.000,MAX,Y,B,M,23.0,DE,N,N,265.03,Y
20115015,2025-05-08T11:36:45.000,MIN,Y,O,M,30.0,DE,N,N,265.03,Y
20094114,2026-07-27T17:05:50.000,MED,Y,B,M,58.0,DE,N,N,155.30,N
20247307,2025-11-17T11:25:07.000,MAX,Y,B,M,19.0,DE,N,Y,160.15,Y
20204832,2026-05-09T12:16:52.000,MAX,Y,B,M,24.0,DE,N,N,110-160.15,Y
20246911,2026-03-20T11:40:21.000,MED,Y,B,M,18.0,DE,N,Y,105.15,Y
20241427,2025-12-26T09:43:24.000,MIN,N,A,M,30.0,DE,N,N,230.34,N
20160916,2024-10-30T14:25:29.000,MED,Y,B,M,29.0,DE,N,Y,160.15,Y
20078531,2026-07-04T17:08:21.000,MAX,Y,O,M,31.0,DE,N,Y,140.20,N
20247427,2025-11-22T16:19:58.000,MED,N,O,M,22.0,DE,N,N,160.15,Y
20130203,2023-09-09T20:17:00.000,MED,N,B,M,33.0,DE,N,N,105.10,Y
20217962,2026-06-11T00:11:35.000,MED,Y,O,M,44.0,DE,N,N,140.20,Y
20225932,2026-07-10T13:04:13.000,MIN,N,B,M,61.0,DE,N,N,140.20,N
20252382,2026-08-14T20:22:08.000,MED,Y,B,M,19.0,DE,N,N,160.10,N
20240965,2026-02-04T14:41:52.000,MED,Y,B,M,22.0,DE,N,Y,120.10,Y
20212122,2026-06-12T11:54:00.000,MIN,N,B,M,25.0,DE,N,Y,265.03,N
20238407,2024-09-01T01:19:37.000,MAX,N,U,M,26.0,DE,N,Y,125.25,Y
147653,2026-05-12T09:02:17.000,MAX,Y,B,M,36.0,DE,N,Y,160.15,N
20251073,2026-06-07T13:01:25.000,MED,N,W,M,52.0,DE,N,N,FOA 900.00,N
20198546,2026-08-14T05:56:24.000,MAX,Y,O,M,27.0,DE,N,N,160.15,Y
20247953,2025-12-23T12:26:49.000,MED,N,B,M,52.0,DE,N,N,125.25,N
20251722,2026-07-11T13:05:16.000,MIN,N,O,F,19.0,DE,N,N,265.03,N
20134405,2025-09-30T14:04:29.000,MAX,Y,B,M,35.0,DE,N,N,160.15,N
43580,2025-12-23T17:13:34.000,MAX,Y,O,M,42.0,DE,N,Y,140.25,Y
20244027,2025-06-11T13:57:52.000,MED,Y,B,M,19.0,DE,N,Y,160.15,Y
20249286,2026-03-11T20:38:28.000,MIN,Y,B,F,37.0,DE,N,N,110-120.10,Y
20248652,2026-02-04T17:32:38.000,MAX,Y,B,M,26.0,DE,N,N,FOA 900.00,Y
7324,2026-06-16T01:29:25.000,MED,N,B,M,49.0,DE,N,N,140.20,N
20190548,2025-10-27T20:14:44.000,MAX,Y,O,M,33.0,DE,N,N,265.02,Y
20247910,2026-06-10T16:54:14.000,MIN,N,B,M,19.0,DE,N,Y,265.03,Y
20151332,2025-03-19T10:43:45.000,MAX,Y,B,M,33.0,DE,N,N,105.10,Y
20250250,2026-04-29T00:22:00.000,MIN,N,B,M,32.0,DE,N,N,110-125.25,N
20242871,2025-04-18T16:08:45.000,MED,Y,O,M,21.0,DNS,N,N,,Y
20215545,2021-12-23T21:12:04.000,MED,N,B,M,67.0,DEP,N,N,110-160.15,N
20250205,2026-04-25T12:51:54.000,MED,Y,B,M,19.0,DE,N,Y,125.25,Y
20095775,2026-01-15T12:04:22.000,MAX,Y,B,M,33.0,DE,N,N,120.10,Y
20210063,2026-08-08T11:12:10.000,MAX,Y,O,M,24.0,DE,N,N,110-125.25,N
20208774,2025-08-06T20:30:00.000,MAX,N,B,M,27.0,DE,N,Y,265.03,Y
20219597,2026-06-26T23:09:04.000,MAX,N,W,M,23.0,DE,N,Y,110-125.25,N
136989,2024-10-09T17:19:18.000,MAX,N,B,M,37.0,DE,N,Y,125.25,Y
20031678,2026-07-19T16:18:55.000,MED,Y,B,M,40.0,DE,N,N,215.51,N
20252308,2026-08-11T15:39:09.000,MIN,Y,W,F,66.0,DE,N,N,110-125.25,N
21017,2026-02-05T01:27:34.000,MIN,N,B,M,62.0,DE,N,N,140.25,N
30772,2026-08-15T20:02:46.000,MIN,N,O,M,59.0,DE,N,N,140.20,N
20250516,2026-05-11T13:07:06.000,MED,Y,O,F,48.0,DE,N,N,120.10,Y
20215259,2026-04-23T12:31:49.000,MIN,Y,O,M,46.0,DE,N,N,160.15,N
20231181,2024-10-25T17:05:43.000,MED,N,O,M,36.0,DE,N,N,130.65,N
141369,2025-09-23T11:30:47.000,MAX,Y,O,M,36.0,DE,N,N,110-125.25,Y
20217280,2026-07-23T16:44:14.000,MAX,N,B,M,34.0,DE,N,N,120.00,N
20250848,2026-05-27T20:19:14.000,MED,Y,A,M,39.0,DE,N,N,125.25,N
20222922,2026-07-10T21:11:04.000,MAX,N,B,M,22.0,DE,N,Y,120.07,Y
20002499,2026-05-04T17:41:33.000,MED,Y,B,M,40.0,DE,N,Y,140.30,N
20252088,2026-07-31T16:57:10.000,MED,N,B,M,21.0,DE,N,N,110-125.25,N
20147119,2026-03-27T20:12:33.000,MED,Y,B,M,31.0,DE,N,N,130.35,N
20249255,2026-03-10T15:50:51.000,MIN,Y,O,F,34.0,DE,N,N,110-125.25,Y
20222280,2026-02-06T11:45:58.000,MIN,N,B,M,54.0,CS,N,N,,N
20245498,2026-07-02T11:34:43.000,MED,Y,B,M,21.0,DE,N,Y,265.03,N
20250529,2026-05-12T11:32:38.000,MED,N,O,M,35.0,CS,N,N,130.40,N
20165385,2026-06-01T13:16:12.000,MIN,N,B,M,51.0,CS,N,N,,N
20204648,2025-12-04T20:01:32.000,MED,N,B,M,31.0,DE,N,Y,215.51,Y
20246837,2026-04-28T12:00:33.000,MIN,Y,O,M,19.0,DE,N,Y,110-125.25,Y
27911,2024-08-23T16:57:36.000,MED,N,O,M,52.0,DE,N,N,125.25,N
20229484,2024-10-15T14:37:32.000,MED,Y,W,M,48.0,DE,N,N,125.27,N
20169005,2024-08-23T01:51:55.000,MED,Y,W,M,46.0,DE,N,N,110-125.25,Y
20138313,2026-08-27T00:26:51.000,MIN,Y,B,M,37.0,DE,N,N,120.05,N
20243506,2025-10-11T12:16:51.000,MED,Y,B,M,37.0,DE,N,N,120.10H,Y
20233262,2024-08-14T17:00:38.000,MED,Y,B,M,23.0,DE,N,Y,125.25,Y
20182572,2026-07-18T19:01:45.000,MAX,Y,B,F,33.0,DE,N,N,110-120.10,N
20207648,2026-07-24T15:58:47.000,MED,Y,B,F,29.0,SSR,N,N,,N
20094171,2025-07-08T18:41:49.000,MAX,Y,B,M,30.0,DE,N,N,110-125.25,Y
20240089,2024-11-22T12:56:54.000,MIN,Y,W,M,27.0,DE,N,N,120.10,N
20238258,2026-07-09T16:34:49.000,MED,Y,B,F,22.0,CS,N,N,120.00,N
20248916,2026-02-19T23:00:00.000,MED,Y,B,M,23.0,DE,N,N,110-125.25,Y
20241075,2025-01-15T18:22:55.000,MAX,Y,U,M,20.0,DE,N,N,125.25,Y
20040075,2026-04-08T01:43:56.000,MED,Y,B,M,51.0,DEP,N,N,160.15,N
95628,2023-03-30T17:31:00.000,MED,N,B,M,50.0,DE,N,N,125.25,Y
139657,2026-08-21T19:12:26.000,MIN,Y,B,F,51.0,DE,N,N,220.39,N
20252561,2026-08-24T09:25:42.000,MED,Y,W,F,38.0,DE,N,N,140.20,N
20242534,2025-04-02T16:55:39.000,MED,N,O,M,31.0,DE,N,N,125.27,Y
20097802,2025-10-24T11:44:52.000,MED,N,B,M,31.0,DE,N,N,265.03,N
20241504,2025-02-06T16:48:00.000,MIN,N,B,M,43.0,DE,N,N,110-125.25,Y
20250389,2026-05-06T01:19:25.000,MED,N,B,M,18.0,DE,N,Y,160.15,Y
20250803,2026-05-25T18:20:55.000,MED,N,O,M,22.0,DE,N,Y,160.15,Y
20110250,2026-08-29T12:18:27.000,MED,N,B,M,37.0,DE,N,N,215.40,N
20143863,2026-06-17T10:22:48.000,MIN,Y,W,F,40.0,DE,N,N,140.20,N
20226971,2024-03-27T15:50:44.000,MIN,Y,B,M,52.0,DE,N,N,120.10,N
20242876,2025-04-18T17:28:10.000,MAX,Y,W,M,23.0,DE,N,Y,160.10,Y
20230432,2025-11-06T19:03:25.000,MED,Y,B,M,24.0,DE,N,N,130.25,Y
20251554,2026-07-02T16:02:25.000,MED,N,B,M,26.0,DE,N,N,140.25,N
20225151,2026-03-27T16:22:45.000,MAX,Y,B,M,23.0,DE,N,N,125.25,Y
20245142,2025-09-15T20:28:32.000,MIN,Y,O,M,38.0,CS,N,N,155.30,Y
20226292,2025-01-03T11:21:27.000,,N,B,F,32.0,DE,N,N,160.05,N
20241940,2026-08-10T15:26:56.000,MED,N,O,M,35.0,DE,N,N,140.30,N
20220834,2026-05-17T23:43:33.000,MAX,Y,O,M,35.0,DEP,N,N,140.20,N
20238375,2024-08-30T13:10:21.000,MAX,N,B,M,28.0,DE,N,Y,125.25,Y
20228500,2023-12-10T13:33:04.000,MED,Y,O,M,40.0,DE,N,N,125.27,Y
20203920,2025-05-29T12:51:00.000,MAX,N,B,M,27.0,DE,N,Y,110-125.25,Y
34218,2026-07-28T00:43:47.000,MED,Y,B,M,42.0,DE,N,N,120.05,N
26397,2026-07-14T12:15:45.000,MED,Y,O,M,42.0,DE,N,N,140.20,N
20251020,2026-06-04T15:37:20.000,MED,N,A,M,21.0,DE,N,N,125.20,N
20177518,2026-05-10T00:50:02.000,MIN,Y,O,M,36.0,DE,N,N,120.05,N
20226350,2023-08-11T17:03:00.000,MAX,N,B,M,40.0,DE,N,N,125.25,Y
20225122,2026-05-26T11:11:31.000,MIN,Y,B,M,22.0,CS,N,N,,N
20029610,2026-07-22T16:15:23.000,MED,Y,O,M,35.0,DE,N,N,130.65,N
20218454,2026-07-12T14:27:32.000,MIN,Y,B,M,35.0,DE,N,N,130.52,N
72949,2026-04-24T00:40:25.000,MIN,Y,O,M,52.0,CS,N,N,155.25,N
76537,2026-08-26T12:44:37.000,MAX,Y,B,M,38.0,DE,N,N,140.20,N
20251460,2026-06-27T12:15:48.000,MIN,N,O,M,36.0,CS,N,N,,N
20230275,2024-03-20T15:30:42.000,MED,Y,B,M,27.0,DE,N,Y,125.21,Y
68588,2026-07-08T12:19:00.000,MIN,N,B,M,57.0,DE,N,N,160.15,N
20240109,2026-07-28T13:35:44.000,MED,N,O,M,19.0,DE,N,N,110-125.27,N
20168027,2026-06-04T20:59:15.000,MED,Y,B,M,30.0,DE,N,N,140.30,N
20239751,2026-02-25T15:36:45.000,MED,N,B,M,63.0,CS,N,N,,Y
20247064,2026-04-10T02:13:12.000,MIN,N,O,M,20.0,DE,N,N,110-160.10,N
20167745,2026-03-27T01:32:04.000,MAX,Y,W,M,38.0,CS,N,N,165.05,Y
20095549,2026-07-30T00:47:00.000,MAX,N,B,M,30.0,DE,N,Y,140.20,Y
20011958,2026-04-07T17:05:15.000,MED,Y,B,M,38.0,CS,N,N,,Y
20033531,2026-06-22T16:09:04.000,MAX,N,B,M,35.0,DE,N,Y,110-125.25,N
20224917,2024-04-26T14:23:29.000,MED,Y,B,F,29.0,DE,N,N,125.25,Y
20243989,2026-08-28T13:12:07.000,MIN,N,W,M,36.0,DE,N,N,220.39,N
20103299,2026-08-27T23:50:55.000,MED,N,B,M,32.0,DE,N,N,120.05,N
10004436,2026-03-04T17:36:06.000,MAX,Y,O,M,36.0,DE,N,Y,120.10,N
125937,2026-08-10T01:21:00.000,MIN,N,W,M,38.0,DE,N,N,140.20,N
20198703,2026-08-27T16:10:15.000,MIN,Y,B,M,31.0,DE,N,N,265.01,N
20233256,2024-08-14T15:16:14.000,MAX,Y,B,M,23.0,DE,N,Y,125.25,Y
20012215,2026-06-21T12:45:47.000,MED,Y,B,M,59.0,DE,N,N,155.25,N
97014,2026-08-06T12:29:54.000,MED,N,B,M,32.0,DE,N,N,215.52,N
20121869,2026-07-26T23:45:55.000,MED,N,O,M,34.0,DE,N,N,FOA 900.00,N
20049724,2026-03-30T11:10:32.000,MAX,Y,B,F,32.0,DE,N,N,110-120.10,Y
20247861,2025-12-17T20:37:45.000,MED,N,O,M,20.0,DE,N,Y,110-125.25,Y
20226134,2025-03-23T16:48:08.000,MAX,Y,B,M,21.0,DE,N,Y,125.25,Y
20070683,2025-07-22T23:09:00.000,MIN,Y,A,M,46.0,DE,N,N,215.50,Y
20232503,2024-07-09T15:51:40.000,MAX,N,B,M,23.0,DE,N,N,125.25,Y
20252318,2026-08-11T20:21:00.000,MED,Y,B,F,22.0,DE,N,N,160.10,N
20225671,2026-04-10T18:31:49.000,MED,Y,U,M,23.0,DE,N,Y,110-125.25,Y
20002813,2026-07-01T14:23:20.000,MIN,N,B,M,60.0,DE,N,N,140.20,N
20221046,2026-04-30T19:16:11.000,MIN,Y,O,M,30.0,DE,N,N,110-120.10,N
20244806,2026-07-17T10:28:52.000,MAX,N,B,M,22.0,DE,N,Y,110-120.10,Y
20247474,2025-11-25T17:05:28.000,MED,Y,O,F,60.0,DE,N,N,125.20,N
20218516,2025-10-20T14:20:08.000,MED,Y,A,M,36.0,DE,N,N,120.05,N
64734,2026-03-15T14:38:00.000,MIN,N,W,M,39.0,CS,N,N,,N
7262,2026-05-26T18:48:02.000,MED,Y,W,M,39.0,DE,N,N,130.75,N
20224613,2026-03-23T17:39:25.000,MAX,N,B,M,26.0,DE,N,Y,110-125.25,Y
20223232,2026-08-12T21:01:00.000,MIN,Y,B,M,60.0,DE,N,N,155.30,N
20126215,2026-07-30T18:00:46.000,MED,N,O,M,39.0,DE,N,N,220.21,N
20251149,2026-06-11T00:14:01.000,MED,Y,W,M,21.0,DE,N,N,120.05,Y
20252194,2026-08-06T16:12:18.000,MIN,Y,B,M,39.0,CS,N,N,,N
20164759,2026-04-02T01:07:55.000,MAX,Y,B,M,31.0,DE,N,Y,120.10,Y
20243454,2026-01-14T12:35:57.000,MED,Y,B,M,33.0,DE,N,N,110-120.10,N
20252645,2026-08-28T18:01:18.000,MIN,N,U,F,25.0,DE,N,N,155.30,N
20246472,2025-10-06T18:30:03.000,MED,N,B,M,19.0,DE,N,N,125.25,Y
20215487,2026-07-09T12:31:06.000,MAX,N,O,M,23.0,DE,N,N,120.10,N
20252570,2026-08-24T17:28:21.000,MIN,N,B,F,20.0,CS,N,N,,N
20140930,2026-08-25T19:53:23.000,MED,N,O,M,42.0,DE,N,N,125.25,N
20067107,2026-03-24T13:28:54.000,MIN,Y,O,M,40.0,DE,N,N,140.25,Y
20241883,2025-03-02T01:31:13.000,MAX,Y,B,M,20.0,DE,N,Y,110-125.25,Y
20239315,2024-10-15T23:45:00.000,MAX,N,O,M,23.0,DE,N,N,130.35,Y
139903,2026-08-13T20:42:00.000,MED,Y,O,F,49.0,DE,N,N,140.20,N
20239613,2026-06-23T15:26:07.000,MIN,Y,B,M,19.0,DE,N,Y,110-125.25,N
20242078,2026-04-19T19:15:35.000,MIN,Y,O,M,36.0,DE,N,N,140.25,N
20220164,2026-07-22T01:02:05.000,MAX,N,B,M,22.0,DE,N,Y,265.03,N
20231403,2024-05-16T16:55:00.000,MAX,Y,B,M,24.0,DE,N,Y,125.25,Y
20247683,2026-07-13T17:24:43.000,MED,N,O,M,35.0,DE,N,N,260.10,Y
20248809,2026-02-13T18:58:56.000,MIN,Y,W,F,50.0,DE,N,N,120.05,N
20219291,2026-05-04T12:20:26.000,MAX,Y,B,M,31.0,DE,N,N,160.15,N
57569,2026-01-21T11:40:00.000,MED,Y,B,M,55.0,DE,N,N,130.25,N
20231905,2025-12-14T12:40:19.000,MAX,Y,B,M,24.0,DE,N,N,120.02,N
20250145,2026-08-25T12:10:28.000,MIN,N,O,M,34.0,DE,N,N,220.16,N
20017551,2025-08-06T00:06:37.000,MIN,Y,O,M,37.0,DE,N,N,110-125.25,N
163168,2024-09-19T17:07:30.000,MAX,N,B,M,41.0,DE,N,N,125.25,Y
20093483,2025-08-07T12:21:51.000,MED,Y,O,M,35.0,DE,N,N,125.25,N
12834,2026-01-05T14:15:14.000,MAX,Y,W,M,52.0,DE,N,N,160.15,Y
20104067,2026-01-06T01:01:00.000,MIN,N,O,M,52.0,DE,N,N,110-125.25,N
20228632,2024-04-19T12:59:32.000,MED,N,O,M,56.0,DE,N,N,125.25,Y
20252605,2026-08-26T23:33:35.000,MED,Y,B,M,33.0,DE,N,N,125.25,N
20247344,2025-11-19T17:13:31.000,MED,N,A,M,28.0,DE,N,N,125.25,N
20110130,2026-05-28T12:39:40.000,MIN,N,B,M,38.0,DE,N,N,140.30,N
20120798,2026-07-07T14:10:51.000,MED,Y,B,M,33.0,DE,N,N,120.05,N
20224452,2026-07-22T17:51:55.000,MED,Y,O,M,22.0,DE,N,Y,130.25,N
111119,2026-07-01T15:16:16.000,MIN,Y,W,M,63.0,DE,N,N,165.54,N
20233309,2026-04-30T16:46:18.000,MIN,N,O,M,20.0,CS,N,N,120.10,Y
20097024,2026-01-17T01:11:00.000,MED,Y,B,M,49.0,DE,N,N,120.14,Y
20240221,2025-11-03T11:48:28.000,MAX,Y,B,M,46.0,DE,N,N,110-125.25,Y
20248740,2026-04-18T19:53:21.000,MIN,Y,B,F,40.0,DE,N,N,120.05,N
20222487,2026-05-13T12:44:58.000,MIN,N,B,M,50.0,CS,N,N,,N
20238657,2025-07-25T15:33:37.000,MIN,N,O,M,20.0,DE,N,Y,105.15,Y
20251751,2026-07-12T19:41:06.000,MED,Y,B,M,32.0,DE,N,N,135.25,N
20252646,2026-08-28T20:37:00.000,MED,N,B,F,27.0,DE,N,N,165.45,N
20251915,2026-07-21T00:50:08.000,MIN,N,O,M,21.0,DE,N,N,110-120.07,N
20227190,2025-01-28T23:58:35.000,MED,Y,O,M,28.0,DE,N,N,105.10,Y
20244147,2025-06-17T20:13:10.000,MIN,Y,O,M,52.0,DE,N,N,220.21,N
20249536,2026-03-24T16:22:00.000,MED,Y,O,M,27.0,DE,N,N,110-125.25,N
81135,2026-06-10T18:13:27.000,MED,Y,B,M,41.0,DEP,N,N,VOP,N
20252354,2026-08-13T13:02:29.000,MIN,Y,W,M,42.0,DE,N,N,121.12,N
20219698,2024-05-15T14:09:41.000,MAX,Y,O,F,30.0,DE,N,N,125.25,N
27873,2026-05-18T16:48:42.000,MIN,Y,B,M,61.0,DE,N,N,140.20,Y
87615,2026-08-29T01:18:25.000,MIN,N,B,M,59.0,DE,N,N,155.25,N
20230016,2024-03-07T16:08:00.000,MED,Y,B,M,22.0,DE,N,Y,125.25,Y
20105472,2026-08-21T16:58:00.000,MIN,N,B,M,60.0,DEP,N,N,110-140.25,N
20248805,2026-02-13T15:46:05.000,MED,N,A,M,44.0,DE,N,N,125.25,N
20250486,2026-08-30T01:19:05.000,MED,N,B,M,41.0,DE,N,N,155.25,N
20241061,2025-01-15T12:04:09.000,MED,Y,B,M,20.0,DE,N,Y,110-125.25,Y
20209938,2026-06-29T22:42:51.000,MIN,Y,W,F,41.0,CS,N,N,,Y
20245001,2025-11-13T17:14:35.000,MED,Y,W,M,39.0,DE,N,N,145.05,Y
20020431,2026-08-30T10:59:15.000,MED,N,O,M,44.0,DE,N,N,140.20,N
20193225,2026-08-20T16:29:39.000,MED,N,O,M,47.0,DE,N,N,110-125.25,N
20252564,2026-08-24T13:13:43.000,MED,N,O,M,27.0,DE,N,N,110-125.25,N
20250106,2026-04-21T12:35:42.000,MIN,N,B,M,30.0,DE,N,N,105.10,N
20239462,2026-06-11T12:00:05.000,MED,Y,B,M,27.0,DE,N,N,140.25,Y
20070042,2024-06-30T19:48:07.000,MAX,Y,W,M,39.0,DE,N,N,125.27,Y
14497,2026-04-22T11:15:15.000,MED,Y,O,M,38.0,DE,N,N,155.35,N
20094418,2026-05-03T17:36:18.000,MAX,Y,B,M,43.0,DE,N,N,160.10,Y
20220353,2026-08-04T20:30:00.000,MIN,N,O,M,32.0,CS,N,N,,N
20119891,2026-08-12T11:55:47.000,MAX,Y,B,M,34.0,DE,N,N,160.10,N
20186597,2026-01-10T20:43:00.000,MED,Y,B,M,26.0,DE,N,N,265.03,N
20247622,2025-12-04T20:52:28.000,MIN,Y,B,M,51.0,DE,N,N,110-125.25,Y
2262,2026-08-11T11:55:48.000,MED,N,B,M,60.0,CS,N,N,110-265.03,N
20238946,2025-12-03T13:15:32.000,MIN,Y,W,F,41.0,CS,N,N,170.25,Y
20252402,2026-08-16T12:12:48.000,MIN,N,B,M,33.0,DE,N,N,140.20,N
88672,2025-01-23T20:45:20.000,MED,Y,B,F,71.0,DE,N,N,120.05,Y
20197002,2026-03-21T00:11:00.000,MED,Y,W,M,51.0,DE,N,N,120.05,Y
20252246,2026-08-08T19:32:00.000,MED,N,B,M,19.0,DE,N,N,265.03,N
20243819,2025-06-02T01:28:00.000,MIN,Y,A,M,52.0,DE,N,N,120.05,N
20190250,2026-08-06T19:10:58.000,MED,Y,W,F,47.0,DE,N,N,140.20,N
20119320,2026-04-16T00:24:01.000,MAX,Y,B,M,39.0,DE,N,N,130.35,Y
20250520,2026-05-11T16:14:32.000,MIN,N,B,M,18.0,DE,N,Y,160.15,Y
85691,2026-08-21T21:03:54.000,MIN,N,A,M,59.0,CS,N,N,,N
20203660,2026-07-12T20:40:50.000,MAX,Y,B,M,34.0,DE,N,N,160.05,N
10008695,2025-08-23T01:25:45.000,MIN,Y,B,M,57.0,DE,N,N,160.10,N
20134553,2026-07-08T19:44:00.000,MAX,Y,O,M,34.0,DE,N,N,120.05,N
20241021,2026-08-08T20:58:20.000,MAX,N,O,M,38.0,DE,N,N,160.10,N
20161888,2026-07-01T15:56:25.000,MED,Y,O,M,29.0,DE,N,N,170.25,N
12329,2026-07-03T15:55:36.000,MED,N,B,M,41.0,DE,N,N,125.25,N
20184551,2025-07-30T16:42:00.000,MED,Y,O,M,43.0,DE,N,N,130.75,N
46943,2026-08-23T22:29:00.000,MIN,N,B,F,47.0,DE,N,N,220.31,N
20128052,2025-11-11T12:12:01.000,MIN,Y,O,M,31.0,DE,N,N,265.03,N
143787,2026-02-16T11:13:16.000,MIN,Y,O,M,57.0,DE,N,N,265.03,N
20241836,2025-08-03T20:08:07.000,MIN,Y,W,M,41.0,DE,N,N,140.30,N
75012,2026-05-22T12:48:09.000,MIN,Y,O,M,38.0,DE,N,N,120.10,N
20248653,2026-07-16T11:57:37.000,MED,N,O,M,25.0,DE,N,N,160.15,N
20232864,2025-08-22T00:03:00.000,MIN,Y,B,M,41.0,DE,N,N,240.75,N
41938,2026-03-10T00:01:33.000,MIN,N,B,M,59.0,DE,N,N,160.10,N
10006958,2026-07-19T16:41:46.000,MIN,N,W,M,46.0,CS,N,N,155.25,N
20233317,2024-08-16T20:16:25.000,MED,Y,W,M,29.0,DE,N,N,110-125.25,Y
20176315,2026-05-26T01:29:42.000,MIN,N,O,M,36.0,DEP,N,N,140.20,N
20230869,2025-12-09T12:22:23.000,MED,Y,O,M,49.0,DE,N,N,120.10,N
20019551,2024-09-08T17:48:00.000,MED,Y,B,M,34.0,DE,N,N,160.10,Y
20252524,2026-08-21T16:57:59.000,MIN,N,B,M,32.0,DE,N,N,155.25,N
20227301,2023-10-05T01:31:06.000,MED,N,O,M,41.0,DE,N,N,125.25,Y
20231746,2024-06-03T17:14:12.000,MED,Y,B,M,39.0,DE,N,N,110-120.10,Y
20238819,2026-04-21T11:12:00.000,MED,Y,O,M,22.0,DE,N,Y,125.25,Y
20156243,2025-05-23T13:04:06.000,MED,Y,B,M,44.0,DE,N,N,125.20,Y
7323,2025-04-25T19:54:35.000,MAX,N,B,M,41.0,DE,N,Y,265.03,Y
20239345,2024-10-17T12:27:10.000,MAX,Y,B,M,21.0,DE,N,Y,125.27,Y
20167761,2023-04-21T12:20:38.000,MAX,N,B,M,48.0,DE,N,Y,125.25,Y
20250176,2026-04-24T01:09:38.000,MIN,N,O,M,25.0,DE,N,N,160.10,N
36612,2026-07-31T11:06:59.000,MAX,Y,W,M,44.0,DE,N,N,220.16,N
20194006,2025-12-02T12:30:28.000,MAX,Y,O,M,24.0,DE,N,Y,110-120.10,Y
159529,2026-07-25T19:08:00.000,MED,Y,B,M,59.0,CS,N,N,110-140.20,N
20076807,2026-02-24T17:16:00.000,MIN,Y,B,M,34.0,DE,N,N,140.25,Y
12722,2026-07-03T11:48:03.000,MED,Y,B,M,53.0,DE,N,N,160.15,N
20251181,2026-08-14T13:09:51.000,MED,Y,B,M,41.0,DE,N,N,140.20,N
20239885,2024-11-13T16:07:47.000,MED,Y,O,M,20.0,DE,N,Y,125.25,Y
157370,2026-08-29T20:29:38.000,MAX,N,B,M,37.0,DE,N,N,125.25,N
20229654,2026-08-04T11:57:06.000,MED,Y,O,M,25.0,DE,N,Y,160.15,N
20227172,2025-04-26T01:32:28.000,MED,N,B,M,25.0,DE,N,N,125.25,Y
20252044,2026-07-29T12:54:40.000,MED,Y,O,M,28.0,DE,N,N,140.25,N
20058781,2025-08-24T16:59:49.000,MIN,Y,B,M,47.0,DE,N,Y,265.03,N
20251188,2026-06-12T15:19:46.000,MED,N,H,M,20.0,DE,N,Y,125.25,N
20233067,2026-03-18T14:14:52.000,MED,Y,B,M,27.0,DE,N,N,110-120.10,N
20243520,2025-05-17T11:58:03.000,MED,N,O,M,22.0,DE,N,Y,265.03,Y
33976,2025-08-11T16:46:00.000,MED,Y,O,M,49.0,DE,N,N,140.25,Y
20060960,2024-05-15T02:03:47.000,MED,Y,B,M,32.0,DE,N,N,125.20,N
117903,2024-10-18T00:33:34.000,MAX,Y,B,M,43.0,DE,N,N,110-125.25,Y
20243627,2025-05-22T16:27:20.000,MAX,Y,B,M,23.0,DE,N,Y,110-125.25,Y
20248390,2026-01-20T12:26:29.000,MIN,Y,B,F,22.0,DE,N,N,110-125.25,Y
20247186,2026-05-16T13:35:07.000,MIN,N,O,M,40.0,CS,N,N,155.25,N
20249390,2026-07-21T17:08:58.000,MIN,N,B,M,56.0,CS,N,N,155.30,N
20229363,2026-04-10T17:22:47.000,MED,Y,O,M,69.0,CS,N,N,155.25,Y
20248730,2026-02-09T17:40:39.000,MIN,Y,W,M,33.0,DE,N,N,150.15,Y
20250925,2026-05-30T12:35:00.000,MED,N,O,M,25.0,DE,N,N,125.25,N
2560,2026-08-21T00:50:15.000,MED,N,B,M,63.0,DEP,N,N,155.35,N
20246078,2025-10-16T13:13:05.000,MAX,Y,B,F,25.0,DE,N,N,120.05,Y
47700,2026-08-20T15:26:37.000,MED,Y,B,M,39.0,DEP,N,Y,VOP,N
20252147,2026-08-04T21:00:32.000,MED,N,B,M,21.0,DE,N,N,130.35,N
20250615,2026-05-14T20:56:14.000,MIN,N,O,M,27.0,DE,N,N,220.21,N
20247977,2025-12-25T00:26:41.000,MED,Y,B,M,28.0,DE,N,N,125.25,Y
10015979,2026-06-19T23:51:06.000,MIN,Y,B,M,39.0,CSP,N,N,VOP,N
20229582,2025-11-11T15:47:06.000,MED,Y,B,M,39.0,DE,N,N,140.20,Y
20223189,2026-05-20T12:13:36.000,MIN,Y,B,M,50.0,DE,N,N,140.30,N
20067974,2025-09-18T00:05:25.000,MAX,Y,B,M,32.0,DE,N,N,130.95,Y
20117763,2023-05-09T12:07:17.000,MAX,Y,B,F,34.0,DE,N,N,125.25,Y
20247429,2026-08-03T16:16:17.000,MED,Y,B,M,25.0,CS,N,N,,N
20209816,2026-07-26T22:27:33.000,MIN,Y,B,F,36.0,CS,N,N,,N
32289,2026-05-19T15:04:38.000,MAX,Y,O,M,49.0,DE,N,N,140.25,Y
20251588,2026-07-04T01:16:43.000,MED,N,O,M,18.0,DE,N,N,160.10,Y
20088927,2026-07-17T19:23:48.000,MAX,Y,B,M,34.0,DEP,N,N,215.51,Y
20228190,2025-12-20T11:43:00.000,MED,Y,O,M,20.0,DE,N,N,140.25,Y
20198812,2021-08-06T22:08:00.000,MED,Y,W,M,53.0,DE,N,N,125.25,Y
20248974,2026-02-24T10:11:17.000,MED,Y,W,M,22.0,DE,N,N,120.05,Y
10011390,2026-03-24T16:27:21.000,MED,Y,B,M,44.0,DE,N,N,160.15,Y
20219474,2026-07-18T21:01:44.000,MAX,N,B,M,25.0,DE,N,Y,265.03,N
20250826,2026-06-02T13:06:00.000,MAX,Y,B,M,19.0,DE,N,Y,215.51,Y
27006,2026-08-12T16:16:11.000,MED,N,B,M,48.0,DE,N,N,140.20,N
20103421,2025-09-02T11:07:00.000,MED,Y,B,M,30.0,DE,N,Y,265.03,Y
136983,2026-07-22T16:18:32.000,MIN,Y,O,M,58.0,DE,N,N,140.25,N
20218363,2025-08-31T17:21:16.000,MAX,N,B,M,22.0,DE,N,Y,120.07,Y
20191252,2026-01-18T23:20:09.000,MAX,Y,B,M,26.0,CS,N,Y,120.05,Y
20118316,2026-07-06T16:54:00.000,MIN,Y,B,M,45.0,DE,N,N,220.16,N
20188243,2025-03-02T23:38:19.000,MAX,Y,B,M,26.0,DE,N,Y,110-125.25,Y
26266,2025-11-20T19:37:58.000,MED,Y,B,M,42.0,DE,N,N,220.16,Y
20244221,2026-02-04T16:14:57.000,MIN,Y,B,M,28.0,DE,N,N,160.10,Y
20245106,2025-08-02T19:45:29.000,MIN,Y,W,M,47.0,DE,N,N,110-120.10,Y
156314,2026-07-01T16:40:12.000,MIN,Y,O,M,69.0,DE,N,N,110-140.25,N
20071821,2025-12-19T12:06:18.000,MIN,Y,B,M,44.0,DE,N,N,265.03,N
20209644,2026-06-18T19:41:20.000,MED,Y,O,F,28.0,DE,N,N,105.15,N
20252496,2026-08-20T17:13:54.000,MIN,N,O,M,27.0,DE,N,N,220.21,N
53815,2026-03-09T20:48:18.000,MIN,Y,O,M,47.0,DE,N,N,155.35,N
20171753,2024-09-25T01:11:54.000,MED,Y,B,M,31.0,DE,N,N,125.27,N
20240623,2026-06-28T01:52:03.000,MED,Y,O,M,29.0,CS,N,N,,N
42356,2026-06-22T19:17:52.000,MAX,Y,O,M,41.0,CS,N,N,195.05,N
41684,2023-01-18T19:58:49.000,MED,Y,B,M,56.0,DE,N,N,125.25,Y
20228944,2026-01-26T19:44:00.000,MAX,Y,B,M,28.0,DE,N,N,120.00,Y
20042136,2026-07-15T17:09:00.000,MED,N,B,M,56.0,DE,N,N,160.05,N
20126961,2026-08-06T15:44:23.000,MAX,N,B,M,37.0,DE,N,N,140.30,N
20251623,2026-07-06T10:35:30.000,MAX,Y,B,M,24.0,DEP,N,Y,120.10,Y
20166671,2026-04-24T19:20:00.000,MED,N,B,M,63.0,DE,N,N,220.16,N
20251234,2026-06-15T16:58:32.000,MIN,Y,B,M,45.0,DE,N,N,265.03,N
20045870,2026-08-15T13:12:55.000,MED,N,B,M,36.0,DE,N,N,140.25,N
20021766,2026-01-29T12:18:00.000,MAX,N,B,M,34.0,DE,N,Y,265.03,Y
20233180,2026-07-13T12:30:21.000,MIN,N,B,M,27.0,CS,N,N,,N
20229395,2024-02-02T11:52:47.000,MED,N,B,M,63.0,DE,N,N,125.25,Y
20143908,2025-04-29T16:22:19.000,MED,Y,B,M,29.0,DE,N,N,125.25,Y
20225712,2026-02-16T01:22:09.000,MED,Y,O,M,24.0,CS,N,N,240.30,Y
122395,2026-04-16T12:56:17.000,MAX,Y,O,M,47.0,DE,N,N,120.10,N
20244711,2026-07-29T17:37:18.000,MAX,Y,B,M,24.0,DE,N,N,160.15,Y
20222120,2025-09-12T18:51:00.000,MAX,N,B,M,23.0,DE,N,Y,105.15,Y
10015672,2025-11-05T19:00:54.000,MED,N,B,M,42.0,DE,N,Y,110-125.25,N
20223615,2026-04-07T13:23:17.000,MAX,Y,B,M,21.0,DE,N,Y,120.07,Y
20247337,2025-11-19T16:13:01.000,MED,N,B,M,25.0,DE,N,Y,105.17,Y
20225755,2025-02-20T16:50:15.000,MED,Y,B,M,27.0,DE,N,N,215.50,Y
20127593,2026-05-30T23:21:00.000,MAX,N,O,M,31.0,DE,N,N,120.07,Y
89627,2026-05-06T17:19:38.000,MIN,Y,B,M,37.0,CS,N,N,120.00,N
20229858,2026-07-09T00:27:19.000,MAX,N,O,M,21.0,DE,N,Y,110-125.25,N
16643,2026-08-25T12:56:13.000,MIN,N,B,M,38.0,DE,N,N,121.11,N
20251531,2026-07-01T16:51:29.000,MED,N,B,M,26.0,DE,N,Y,125.20,Y
20207060,2025-04-09T12:36:52.000,MED,Y,B,M,48.0,DE,N,N,110-125.25,Y
53637,2026-08-25T11:05:10.000,MIN,N,B,M,41.0,DE,N,N,155.25,N
140974,2026-05-22T12:30:21.000,MIN,Y,B,M,59.0,DE,N,N,155.35,N
20208679,2026-07-07T20:06:20.000,MAX,Y,B,M,32.0,DE,N,N,165.45,N
20242700,2026-07-09T00:30:42.000,MAX,Y,B,M,21.0,DE,N,Y,110-125.25,Y
20218580,2024-04-13T19:33:22.000,MED,Y,B,M,53.0,DE,N,N,130.45,Y
20247734,2025-12-10T17:11:26.000,MED,N,B,M,21.0,DE,N,Y,105.15,Y
20225110,2023-06-08T15:10:10.000,MAX,N,B,M,25.0,DE,N,Y,125.25,Y
20060456,2026-08-06T12:51:40.000,MAX,Y,B,M,48.0,DE,N,N,110-125.25,N
20226044,2024-04-04T22:24:12.000,MAX,Y,B,M,24.0,DE,N,Y,125.25,Y
20215314,2025-04-29T11:45:31.000,MED,Y,B,M,35.0,DE,N,N,130.35,Y
20228430,2023-12-07T00:29:07.000,MED,N,A,M,43.0,DE,N,N,130.95,Y
20189465,2025-11-28T20:18:22.000,MAX,Y,B,M,29.0,DE,N,N,140.30,Y
20101093,2025-09-02T22:37:00.000,MAX,Y,B,M,32.0,DE,N,N,110-125.25,Y
20251810,2026-07-16T00:23:46.000,MED,N,B,M,20.0,DE,N,Y,125.25,N
20231191,2025-08-23T00:51:44.000,MAX,N,O,M,27.0,DE,N,N,110-125.25,Y
20244314,2025-06-25T16:18:12.000,MAX,N,O,M,22.0,DE,N,N,110-125.25,Y
20241100,2025-01-16T14:38:36.000,MED,N,B,M,55.0,DE,N,N,110-125.25,N
20229996,2024-11-01T07:47:01.000,MAX,Y,B,M,23.0,DE,N,Y,125.25,Y
20246465,2025-10-06T14:47:49.000,MED,Y,B,M,20.0,DE,N,N,110-125.25,Y
20250930,2026-05-30T15:48:41.000,MED,N,B,M,21.0,DE,N,Y,125.25,Y
20232942,2025-05-26T16:47:00.000,MED,Y,O,M,27.0,DE,N,N,125.20,Y
20064936,2025-02-18T17:05:24.000,MED,N,B,M,32.0,DE,N,N,105.10,N
20249404,2026-03-17T12:42:09.000,MED,N,O,M,18.0,CS,N,N,,Y
20067844,2024-09-14T21:04:52.000,MED,Y,B,M,47.0,DE,N,N,125.25,Y
20250851,2026-05-27T21:30:58.000,MIN,Y,A,M,22.0,DE,N,N,120.05,N
20248131,2026-01-06T16:17:45.000,MED,Y,B,F,24.0,DE,N,N,125.25,Y
20228342,2023-12-02T16:29:39.000,MED,Y,O,M,38.0,DE,N,N,125.25,Y
109470,2024-06-07T11:02:27.000,MAX,Y,O,M,38.0,DE,N,N,120.10,Y
69578,2025-03-01T13:23:39.000,MED,N,O,M,42.0,DE,N,N,125.25,N
20241133,2026-02-13T17:07:40.000,MAX,Y,B,M,21.0,CS,N,Y,120.05,Y
20251929,2026-07-22T00:43:51.000,MIN,N,W,M,42.0,DE,N,N,140.20,N
20215421,2026-08-28T00:33:00.000,MIN,N,W,M,60.0,DE,N,N,140.20,N
20214412,2021-06-10T01:39:25.000,MED,N,O,M,23.0,DE,N,N,125.25,Y
20247045,2026-08-28T16:45:00.000,MIN,N,W,M,31.0,DE,N,N,215.52,N
20075849,2025-05-08T11:59:16.000,MED,N,O,F,35.0,DE,N,N,460.20,Y
20108689,2026-02-27T16:17:57.000,MIN,N,B,M,37.0,CS,N,N,,N
20230314,2024-03-22T15:14:36.000,MED,N,B,M,40.0,DE,N,N,125.25,Y
20048820,2026-08-21T21:47:42.000,MED,N,O,M,34.0,DE,N,N,140.20,N
20241868,2025-03-19T01:15:55.000,MED,Y,O,F,28.0,DE,N,N,125.25,Y
3792,2026-01-20T01:04:00.000,MED,Y,B,M,66.0,DE,N,N,135.20,N
20077296,2025-09-11T12:46:04.000,MED,Y,I,M,32.0,DE,N,N,120.05,Y
20246788,2025-10-22T16:18:45.000,MIN,N,B,M,44.0,DE,N,N,265.03,N
10010899,2026-04-05T12:40:58.000,MIN,Y,B,M,49.0,DE,N,N,140.20,N
20102509,2026-08-29T00:59:49.000,MED,N,A,M,52.0,DEP,N,N,170.20,N
20238718,2026-08-14T01:16:00.000,MED,Y,W,M,40.0,DE,N,N,160.15,N
20240947,2026-04-02T17:20:21.000,MED,Y,W,M,63.0,DE,N,N,160.05,Y
20229180,2026-07-31T12:20:07.000,MED,Y,O,M,26.0,DE,N,N,155.35,N
20085952,2024-09-13T20:09:00.000,MAX,Y,B,M,30.0,DE,N,Y,120.10,Y
130718,2026-06-12T12:36:29.000,MIN,Y,O,M,61.0,CS,N,N,,N
20021167,2026-03-03T14:43:00.000,MAX,Y,O,M,37.0,DE,N,N,120.05,Y
20227277,2026-04-02T12:00:44.000,MED,Y,B,M,34.0,DE,N,N,155.35,Y
20220455,2025-04-03T15:55:32.000,MED,Y,B,M,59.0,DE,N,N,130.65,Y
138306,2026-07-14T18:56:00.000,MIN,Y,B,M,43.0,DE,N,N,140.20,N
101322,2026-07-31T18:22:54.000,MED,Y,O,M,37.0,DE,N,Y,155.25,N
20247842,2025-12-16T18:15:05.000,MIN,N,B,M,20.0,DE,N,Y,105.15,N
6459,2025-08-28T22:11:16.000,MAX,Y,B,M,42.0,DEP,N,N,125.25,Y
126906,2026-04-24T19:08:29.000,MED,N,B,M,41.0,DE,N,N,140.25,N
64902,2025-03-07T17:34:45.000,MED,Y,O,M,47.0,DE,N,N,135.20,Y
20184092,2026-04-22T00:28:11.000,MIN,N,O,M,27.0,CS,N,N,215.50,N
20252495,2026-08-20T17:13:12.000,MIN,N,O,M,35.0,DE,N,N,220.21,N
20246600,2025-10-12T16:52:08.000,MIN,Y,W,F,37.0,CS,N,N,,Y
12598,2026-06-09T23:31:56.000,MED,Y,B,M,47.0,DE,N,N,110-120.10,N
20242006,2025-03-07T15:43:40.000,MIN,Y,O,F,33.0,DE,N,N,120.05,Y
20027333,2026-08-28T01:12:48.000,MIN,Y,B,F,33.0,DE,N,N,220.21,N
109702,2026-08-15T13:00:43.000,MED,N,B,M,44.0,DE,N,N,165.05,N
20131752,2026-08-13T00:47:57.000,MIN,Y,O,M,52.0,DE,N,N,120.10,N
20251708,2026-07-10T19:09:00.000,MIN,Y,B,M,33.0,DE,N,N,120.05,N
20080556,2025-10-08T11:22:06.000,MED,Y,O,M,41.0,DE,N,N,110-125.25,Y
20246885,2026-02-19T00:45:00.000,MIN,N,O,M,36.0,DE,N,N,150.10,N
11835,2025-09-08T11:38:49.000,MED,N,O,M,52.0,DE,N,N,130.53,N
20238635,2025-09-04T20:45:41.000,MAX,N,O,M,26.0,DE,N,Y,110-125.25,Y
20246768,2025-10-21T12:16:47.000,MED,Y,O,F,38.0,DE,N,N,130.75,N
20241860,2026-08-27T11:53:38.000,MIN,Y,B,F,27.0,DE,N,N,120.05,N
20238414,2025-05-03T10:46:01.000,MED,Y,O,M,31.0,DE,N,N,120.05,Y
20026871,2026-05-21T11:37:21.000,MED,Y,B,M,55.0,CSP,N,N,VOP,Y
20251767,2026-07-14T11:43:15.000,MIN,Y,B,F,42.0,CS,N,N,,N
20216472,2024-10-30T17:54:19.000,MAX,Y,U,M,24.0,DE,N,Y,125.25,Y
20028408,2026-06-18T12:41:37.000,MIN,N,O,M,34.0,CS,N,N,,N
155134,2024-09-26T19:19:40.000,MED,Y,B,M,68.0,DE,N,N,140.20,N
20020381,2026-05-01T12:58:46.000,MIN,Y,B,M,52.0,DE,N,N,140.20,N
85319,2026-08-07T01:44:02.000,MAX,Y,O,M,48.0,DE,N,N,120.05,N
35200,2025-12-29T00:39:34.000,MED,Y,O,M,39.0,DE,N,Y,220.16,Y
99429,2025-12-04T00:10:06.000,MED,Y,W,M,46.0,DEP,N,N,140.25,Y
20213824,2026-05-09T13:44:51.000,MAX,Y,B,F,29.0,DE,N,N,110-160.10,Y
2704,2026-08-03T13:14:42.000,MAX,N,O,M,40.0,DE,N,N,155.30,N
166668,2026-04-10T10:14:09.000,MAX,Y,B,M,36.0,DE,N,Y,265.03,Y
20251657,2026-07-08T01:14:08.000,MED,Y,B,M,31.0,DE,N,N,130.35,N
20244714,2026-07-01T12:08:23.000,MED,Y,O,M,23.0,DE,N,N,140.25,N
121302,2026-04-18T19:17:00.000,MAX,Y,O,M,43.0,DE,N,N,120.05,Y
20161649,2024-11-25T13:23:32.000,MED,Y,O,M,36.0,DE,N,N,125.25,Y
154123,2025-10-21T16:27:36.000,MIN,Y,B,F,61.0,DE,N,N,110-125.25,N
20228570,2026-07-23T13:05:56.000,MED,N,U,M,45.0,DE,N,N,130.80,N
20152561,2025-08-12T16:27:36.000,MAX,N,B,M,70.0,DE,N,N,160.15,Y
20250955,2026-06-01T12:17:00.000,MIN,Y,W,M,54.0,CS,N,N,,N
20247655,2025-12-06T11:39:26.000,MED,Y,O,M,22.0,DE,N,N,110-125.25,Y
20099946,2026-07-10T01:36:00.000,MED,N,B,M,44.0,DE,N,N,110-125.27,N
20251664,2026-07-08T15:51:42.000,MED,Y,B,M,26.0,DE,N,N,125.25,N
20241478,2025-02-05T16:45:23.000,MED,Y,W,M,53.0,DE,N,N,130.35,Y
20228399,2026-04-15T14:00:26.000,MED,N,B,M,32.0,CS,N,N,,Y
20240409,2026-06-29T15:33:18.000,MAX,Y,O,M,27.0,DE,N,N,160.15,N
20252652,2026-08-29T11:46:32.000,MED,N,B,M,25.0,DE,N,N,160.15,N
20237156,2026-05-20T23:18:09.000,MED,Y,B,F,45.0,DEP,N,N,120.05,Y
20218617,2026-05-07T16:32:10.000,MED,N,B,M,27.0,DE,N,Y,120.05,N
20241404,2025-10-28T12:43:46.000,MAX,N,B,M,22.0,DE,N,Y,110-220.39,Y
20251924,2026-07-21T20:03:41.000,MIN,Y,O,F,29.0,DE,N,N,FOA 900.00,N
20246966,2025-10-31T16:32:57.000,MIN,N,O,M,40.0,DE,N,N,140.30,N
20214315,2025-12-22T14:52:43.000,MED,Y,A,M,36.0,DE,N,N,125.25,N
20160411,2022-08-31T16:13:58.000,MAX,Y,B,F,38.0,DE,N,N,125.27,Y
20231414,2024-09-13T23:33:45.000,MAX,Y,O,M,22.0,DE,N,Y,105.15,Y
20211866,2026-02-20T20:48:01.000,MAX,N,O,M,26.0,DE,N,Y,265.03,Y
7858,2026-07-07T15:23:15.000,MIN,Y,B,M,40.0,DE,N,N,110-120.10,N
131519,2025-09-14T12:54:17.000,MAX,Y,B,M,38.0,DEP,N,Y,265.03,Y
469,2026-06-25T23:56:40.000,MAX,Y,B,M,41.0,DE,N,Y,220.16,Y
20252533,2026-08-21T21:22:54.000,MED,N,B,M,19.0,DE,N,N,FOA 900.00,N
20172620,2025-05-20T23:44:08.000,MED,Y,B,M,39.0,DE,N,N,110-125.25,Y
20147133,2025-12-06T20:46:22.000,MED,N,B,M,36.0,DE,N,Y,215.52,N
20172320,2025-09-18T14:03:41.000,MED,Y,B,M,34.0,DE,N,N,215.51,N
86039,2026-05-08T15:51:58.000,MIN,N,B,M,44.0,DE,N,N,220.39,N
20244720,2025-07-15T01:23:00.000,MED,Y,O,M,27.0,DE,N,Y,110-125.25,Y
20252158,2026-08-05T15:24:51.000,MIN,N,B,M,31.0,CS,N,N,125.10,N
20243086,2026-08-16T21:27:03.000,MIN,N,O,M,32.0,DE,N,N,120.05,N
20252095,2026-07-31T23:03:00.000,MIN,N,O,M,24.0,DE,N,N,140.20,N
20251275,2026-06-17T21:43:31.000,MED,N,B,M,29.0,DE,N,N,125.25,N
20043070,2025-06-24T12:16:52.000,MED,Y,B,M,35.0,DE,N,N,120.05,Y
20242668,2026-07-08T20:01:50.000,MIN,Y,O,M,30.0,DE,N,N,140.20,N
20243612,2026-06-18T00:07:57.000,MIN,N,O,M,37.0,DE,N,N,140.25,N
20242340,2026-03-17T18:25:50.000,MAX,N,B,M,25.0,DE,N,Y,160.10,Y
20251882,2026-07-18T23:37:00.000,MED,N,B,M,21.0,DE,N,Y,265.03,N
20185086,2026-08-20T18:48:58.000,MIN,N,O,M,29.0,DE,N,N,220.21,N
20251812,2026-07-16T01:14:10.000,MIN,Y,B,M,29.0,DE,N,N,110-125.25,N
20245148,2025-08-05T16:47:29.000,MED,Y,O,F,21.0,DE,N,Y,125.25,Y
20171838,2026-08-18T10:49:48.000,MAX,Y,B,M,40.0,DE,N,Y,120.10,N
159602,2026-01-20T13:33:05.000,MIN,Y,O,M,58.0,DE,N,N,140.25,Y
20251016,2026-06-04T13:26:23.000,MED,N,B,M,22.0,DE,N,Y,140.25,N
20207889,2025-09-09T11:59:57.000,MED,N,B,M,34.0,DE,N,N,160.15,N
35967,2025-06-03T14:33:16.000,MIN,N,O,M,58.0,DE,N,N,160.15,N
20190493,2022-11-09T17:03:50.000,MAX,Y,B,M,26.0,DE,N,Y,125.25,Y
20081534,2026-05-28T16:58:44.000,MAX,N,B,M,32.0,DE,N,N,220.43,Y
20250498,2026-05-10T15:28:11.000,MED,Y,W,M,28.0,DE,N,N,130.35,Y
20223474,2026-05-26T11:18:00.000,MAX,Y,B,M,21.0,DE,N,Y,110-125.25,Y
20168813,2026-06-04T12:57:41.000,MIN,Y,B,M,28.0,DE,N,N,215.51,N
20094363,2025-12-23T23:45:00.000,MAX,Y,B,M,34.0,DE,N,N,265.02,N
20078253,2026-05-29T12:03:18.000,MAX,N,O,M,35.0,DEP,N,N,155.35,N
20239449,2026-06-04T11:58:14.000,MED,Y,B,M,38.0,DE,N,N,120.05,Y
56192,2023-11-28T12:50:06.000,MAX,N,O,M,46.0,DE,N,N,125.25,Y
20123661,2026-08-19T11:57:55.000,MIN,N,B,M,30.0,DE,N,N,220.16,N
20147467,2025-11-07T00:27:00.000,MAX,Y,B,M,34.0,DE,N,N,110-120.10,Y
20252167,2026-08-05T17:58:48.000,MED,Y,B,M,18.0,DE,N,Y,120.10,N
20251262,2026-06-17T16:12:02.000,MIN,N,O,M,35.0,DE,N,N,265.13,N
57057,2026-08-01T01:08:06.000,MIN,N,B,M,66.0,DE,N,N,140.20,N
20249161,2026-03-05T12:47:42.000,MIN,N,W,M,32.0,DE,N,N,121.12,N
20041226,2026-07-07T18:01:00.000,MED,Y,B,M,32.0,DE,N,Y,120.08,N
20038365,2026-02-01T20:13:17.000,MIN,N,B,M,57.0,DE,N,N,110-125.25,Y
20244443,2026-08-12T19:18:43.000,MED,Y,B,M,28.0,DE,N,N,120.05,N
20219495,2026-08-06T12:20:07.000,MAX,Y,W,F,25.0,DE,N,N,110-140.25,N
20252398,2026-08-16T09:25:49.000,MED,N,B,M,19.0,DE,N,N,FOA 900.00,N
28958,2026-05-16T00:22:24.000,MIN,Y,B,M,44.0,DE,N,N,160.15,N
164585,2025-09-26T00:39:20.000,MIN,Y,B,M,68.0,DE,N,N,110-125.25,N
20250480,2026-05-09T16:28:00.000,MIN,N,B,M,61.0,DE,N,N,220.43,N
20252602,2026-08-26T19:22:33.000,MED,N,B,M,22.0,DE,N,N,110-125.25,N
20238652,2024-09-12T11:16:27.000,MED,Y,O,M,29.0,DE,N,N,220.43,Y
20217604,2025-02-17T20:12:00.000,MAX,Y,O,M,24.0,DE,N,Y,160.10,Y
20247531,2025-11-29T12:37:46.000,MIN,N,B,M,32.0,DE,N,N,140.30,N
54515,2026-06-02T11:17:00.000,MIN,Y,B,M,49.0,DE,N,N,120.05,Y
20241947,2026-04-29T11:10:34.000,MIN,Y,B,M,59.0,DE,N,N,140.20,N
46824,2026-04-14T19:38:58.000,MIN,Y,W,M,56.0,DE,N,N,155.30,N
20156463,2026-06-01T12:33:27.000,MAX,Y,O,M,27.0,DE,N,Y,120.05,N
75382,2026-05-21T19:49:00.000,MED,N,O,M,46.0,DE,N,N,140.25,N
20250186,2026-04-24T12:28:54.000,MED,N,B,M,43.0,CS,N,N,160.15,Y
20231232,2025-12-23T12:23:00.000,MIN,Y,B,M,50.0,DE,N,N,110-125.25,N
20038486,2026-05-05T21:15:40.000,MIN,N,B,M,49.0,DE,N,N,120.05,N
20188328,2023-12-21T19:08:24.000,MED,N,B,M,80.0,DE,N,N,125.25,N
20090310,2026-07-15T16:11:19.000,MED,N,B,M,33.0,DEP,N,N,VOP,N
20160521,2026-08-26T12:20:04.000,MIN,N,W,F,45.0,DE,N,N,155.25,N
20219823,2026-08-21T12:22:01.000,MED,Y,B,M,45.0,DEP,N,N,155.25,N
20146065,2023-10-28T15:57:00.000,MAX,Y,B,M,29.0,DEP,N,Y,125.25,Y
20251651,2026-07-07T21:37:49.000,,N,B,F,30.0,DE,N,N,125.25,N
20072188,2026-08-23T20:28:58.000,MAX,N,O,M,48.0,DE,N,Y,160.15,N
20245057,2025-07-31T01:12:41.000,MAX,Y,B,M,34.0,DE,N,N,110-125.25,Y
126388,2023-12-04T15:03:36.000,MED,N,B,M,35.0,DE,N,N,125.25,Y
20193106,2026-05-01T00:59:09.000,MED,Y,O,M,28.0,DE,N,N,160.15,Y
11942,2026-05-18T20:32:05.000,MIN,Y,W,M,58.0,DE,N,N,140.20,Y
20182191,2026-03-10T19:21:00.000,MIN,Y,B,M,40.0,CS,N,N,,N
20218134,2026-01-09T20:12:12.000,MAX,Y,O,M,22.0,DE,N,N,265.03,Y
87090,2025-04-21T19:03:39.000,MIN,N,B,F,49.0,DE,N,N,140.30,Y
27251,2024-12-13T23:49:00.000,MAX,Y,O,M,37.0,DE,N,N,130.95,Y
20244993,2026-08-23T22:37:00.000,MIN,Y,B,F,40.0,DE,N,N,140.20,N
20239365,2026-02-28T16:43:02.000,MED,N,O,M,34.0,CS,N,N,140.20,N
20211656,2020-10-15T19:23:19.000,MAX,Y,B,M,25.0,DE,N,Y,125.20,Y
8356,2026-07-30T16:14:24.000,MED,N,B,M,41.0,DE,N,N,220.16,N
20228108,2023-11-20T17:06:00.000,MED,Y,O,M,55.0,DE,N,N,125.27,N
20246335,2025-09-29T16:23:39.000,MIN,N,B,M,41.0,DE,N,N,110-125.25,N
23035,2026-03-05T00:17:15.000,MAX,N,B,M,40.0,DE,N,Y,160.10,Y
20245519,2025-08-22T16:10:56.000,MAX,Y,O,M,26.0,DE,N,N,160.15,Y
20252637,2026-08-28T15:34:46.000,MIN,N,O,M,35.0,DE,N,N,215.50,N
20252536,2026-08-21T23:59:57.000,MIN,N,B,M,39.0,DE,N,N,110-125.25,N
20251263,2026-06-17T16:17:28.000,MIN,Y,W,M,26.0,DE,N,N,1192(3),N
20247804,2025-12-14T15:46:27.000,MAX,Y,O,M,19.0,CS,N,N,120.00,Y
20248972,2026-02-23T23:59:00.000,MIN,Y,B,M,36.0,DE,N,N,160.10,Y
20227036,2026-03-10T01:32:42.000,MAX,Y,O,M,41.0,DE,N,N,110-120.10,Y
20093639,2026-07-01T00:13:00.000,MAX,N,B,M,36.0,DE,N,N,140.20,Y
20168346,2026-04-09T20:50:34.000,MIN,Y,A,M,65.0,SSR,N,N,240.75,Y
20175452,2026-08-20T11:48:33.000,MED,Y,W,F,40.0,DE,N,N,165.45,N
20908,2026-08-27T10:41:17.000,MIN,N,B,M,59.0,DE,N,N,140.20,N
20249322,2026-03-13T11:10:48.000,MED,Y,B,M,21.0,DE,N,Y,125.25,Y
20226963,2025-10-18T11:09:24.000,MAX,Y,B,M,21.0,DE,N,Y,105.15,Y
20228725,2026-05-18T12:50:37.000,MIN,Y,B,M,20.0,DE,N,N,160.10,N
20141327,2026-08-17T00:40:16.000,MIN,Y,A,F,48.0,DE,N,N,120.05,N
38415,2026-07-01T00:27:42.000,MAX,Y,B,M,42.0,DEP,N,Y,160.15,Y
20141960,2026-08-07T11:19:54.000,MAX,Y,B,M,30.0,DE,N,Y,220.03,N
20085550,2026-06-10T17:28:24.000,MIN,Y,B,M,59.0,DE,N,N,120.10,N
167847,2025-10-31T16:47:55.000,MED,N,B,M,49.0,DE,N,N,125.25,N
20233236,2026-08-21T01:49:36.000,MED,N,B,M,40.0,DE,N,N,155.30,N
20133969,2026-07-22T12:46:43.000,MIN,N,A,M,40.0,CS,N,N,,N
20094747,2026-08-09T00:49:00.000,MAX,Y,B,M,38.0,DE,N,Y,120.05,N
20066891,2022-12-20T18:12:44.000,MAX,Y,O,M,31.0,DE,N,N,125.25,Y
20080581,2026-06-17T18:35:09.000,MED,Y,B,F,50.0,DE,N,N,160.15,Y
20216934,2026-01-09T11:00:00.000,MED,N,O,M,28.0,CS,N,N,220.06,N
46083,2026-01-20T13:14:17.000,MIN,N,B,M,40.0,CS,N,N,220.16,Y
20252229,2026-08-07T20:17:01.000,MIN,N,B,M,26.0,DE,N,N,265.03,N
20222359,2026-01-12T01:29:49.000,MAX,Y,O,M,24.0,DE,N,N,215.52,Y
20222029,2025-09-01T00:50:17.000,MAX,N,A,M,25.0,DE,N,Y,125.25,Y
114973,2026-05-20T13:24:44.000,MED,Y,B,M,38.0,DE,N,Y,110-125.25,Y
15953,2026-05-26T01:44:05.000,MED,Y,W,M,40.0,CS,N,N,110-160.05,Y
20252106,2026-08-01T17:36:06.000,MIN,Y,O,M,31.0,DE,N,N,160.05,N
20249097,2026-03-02T12:28:53.000,MED,Y,B,M,56.0,DE,N,N,C-COM,N
20106031,2026-07-01T00:59:14.000,MIN,Y,W,F,38.0,DEP,N,N,VOP,N
20223666,2026-07-14T19:26:06.000,MED,Y,W,M,46.0,CS,N,N,,N
20241599,2026-07-23T12:38:41.000,MED,Y,A,M,27.0,DE,N,N,160.10,N
20194212,2026-08-30T12:23:48.000,MAX,N,B,M,32.0,DE,N,N,215.52,N
20251248,2026-06-17T00:07:26.000,MIN,Y,O,M,45.0,CS,N,N,,N
20229750,2026-01-17T21:30:05.000,MED,Y,B,M,22.0,DE,N,N,120.05,Y
20093662,2026-05-31T13:10:14.000,MED,Y,B,M,53.0,DE,N,N,110-120.10,N
20165983,2026-07-23T12:37:01.000,MIN,N,O,M,46.0,CS,N,N,110-220.39,N
20242536,2026-06-25T22:46:00.000,MED,N,W,M,73.0,DEP,N,N,130.53,N
20205780,2026-02-03T13:27:36.000,MAX,Y,B,M,30.0,DE,N,Y,220.16,N
20215707,2026-03-23T12:59:24.000,MAX,Y,W,M,23.0,CSP,N,N,FOA 900.00,Y
20207248,2025-06-29T19:29:08.000,MED,N,B,M,28.0,DE,N,N,160.15,Y
20245744,2026-06-24T12:34:06.000,MED,N,O,M,33.0,DE,N,N,160.10,N
20103386,2026-07-17T01:01:49.000,MIN,Y,B,F,65.0,DE,N,N,140.25,N
20045427,2026-05-24T20:00:57.000,MIN,Y,B,M,35.0,DE,N,N,265.03,N
20241084,2025-01-15T23:10:41.000,MED,N,B,M,21.0,DE,N,Y,110-125.25,Y
20178690,2026-08-03T00:15:18.000,MAX,N,B,M,27.0,DE,N,Y,140.30,N
20227763,2026-07-10T20:50:52.000,MIN,N,O,M,51.0,DE,N,N,1192(2)-A,N
20095302,2025-10-12T19:41:05.000,MAX,Y,B,M,34.0,DE,N,N,130.65,Y
20246069,2025-09-17T13:00:31.000,MIN,Y,W,M,30.0,DE,N,N,265.03,N
20036510,2026-07-17T06:27:00.000,MAX,Y,B,F,47.0,DE,N,N,160.10,N
20239750,2026-07-07T00:40:31.000,MED,Y,O,M,35.0,DE,N,N,220.39,N
91229,2026-08-20T14:14:21.000,MAX,Y,O,M,36.0,DE,N,Y,140.25,N
121325,2026-05-22T01:25:31.000,MIN,N,W,M,63.0,DE,N,N,140.20,N
20249099,2026-03-02T15:09:06.000,MED,Y,B,M,30.0,DE,N,N,120.00,Y
20241230,2025-01-29T16:18:47.000,MAX,Y,B,M,22.0,DE,N,Y,105.15,Y
20217125,2022-01-21T12:20:10.000,MED,N,B,M,43.0,DE,N,N,125.25,Y
20117184,2026-02-08T12:37:00.000,MED,N,O,M,46.0,CS,N,N,155.25,Y
20247691,2025-12-09T12:03:00.000,MED,Y,B,M,29.0,DE,N,N,125.25,N
20241031,2025-01-13T23:37:04.000,MED,Y,B,F,25.0,DE,N,N,125.25,Y
20248694,2026-02-07T00:17:18.000,MED,Y,B,M,27.0,CS,N,N,,Y
20220405,2026-06-18T11:55:11.000,MIN,N,O,M,26.0,DE,N,N,140.25,N
20171831,2026-06-06T20:30:47.000,MAX,Y,B,M,26.0,DE,N,N,265.03,Y
20196364,2026-07-26T10:11:30.000,MED,Y,B,M,32.0,DE,N,N,140.25,Y
137759,2026-07-13T20:44:00.000,MIN,N,B,M,37.0,DE,N,N,220.39,N
40340,2026-04-30T00:11:49.000,MIN,Y,O,M,62.0,CS,N,N,155.25,N
10003383,2025-10-28T18:16:39.000,MED,N,O,M,37.0,DE,N,N,120.10,N
20250879,2026-05-28T17:10:59.000,MIN,N,B,M,51.0,DE,N,N,105.10,N
20019823,2026-08-01T11:40:00.000,MED,Y,B,M,49.0,DEP,N,N,155.25,N
20246183,2026-06-03T15:00:01.000,MIN,N,O,M,20.0,CS,N,N,110-265.03,Y
20242543,2025-04-02T20:55:00.000,MAX,Y,B,M,32.0,DE,N,N,120.10,Y
20252371,2026-08-14T11:37:19.000,MED,Y,A,M,39.0,DE,N,N,120.10,N
20247007,2025-11-03T00:50:00.000,MIN,Y,O,M,35.0,DE,N,N,110-125.25,Y
20252224,2026-08-07T15:32:35.000,MIN,N,O,M,34.0,DE,N,N,205.30,N
20209155,2026-07-06T03:00:59.000,MIN,Y,B,M,39.0,DE,N,N,220.03,N
62470,2026-06-09T09:02:36.000,MED,Y,O,M,47.0,DPV,N,N,,N
20194694,2025-04-10T21:06:45.000,MAX,Y,B,M,33.0,DE,N,Y,110-125.25,Y
20144510,2025-06-18T10:37:00.000,MAX,N,B,M,29.0,DE,N,Y,110-125.25,Y
59031,2026-03-05T13:10:55.000,MED,N,B,M,59.0,DE,N,N,155.30,Y
123308,2026-05-27T19:13:53.000,MIN,N,O,M,54.0,DE,N,N,160.15,N
20251975,2026-07-25T00:14:41.000,MIN,Y,O,M,33.0,DE,N,N,110-120.10,N
20154575,2026-08-27T16:37:21.000,MIN,Y,B,M,58.0,DEP,N,N,110-160.10,N
20019239,2026-05-14T18:18:57.000,MIN,Y,B,M,40.0,DE,N,N,140.30,Y
20221462,2026-07-15T00:25:43.000,MIN,N,O,M,32.0,CS,N,N,155.25,N
20252421,2026-08-29T14:25:59.000,MIN,N,B,M,27.0,DE,N,N,,N
20244069,2025-06-12T22:37:56.000,MAX,Y,O,M,27.0,DE,N,N,110-125.25,Y
58304,2026-06-10T20:48:04.000,MIN,Y,O,M,47.0,DE,N,N,140.25,N
20246345,2025-09-30T00:48:58.000,MAX,Y,B,M,22.0,DE,N,Y,130.35,Y
35623,2026-06-25T00:36:04.000,MED,Y,B,M,42.0,DE,N,Y,160.05,N
20225050,2025-09-10T19:06:00.000,MED,N,B,M,49.0,DE,N,N,140.25,Y
20044149,2026-03-24T00:58:11.000,MAX,Y,O,M,34.0,DE,N,Y,120.05,Y
20230378,2024-03-26T00:38:09.000,MED,Y,W,M,36.0,DE,N,N,125.25,Y
20068470,2026-05-01T00:49:55.000,MAX,Y,O,M,35.0,DE,N,Y,110-125.25,Y
53678,2026-08-11T16:10:28.000,MED,Y,B,M,40.0,DE,N,N,125.25,N
20157958,2026-03-04T18:59:44.000,MED,Y,B,M,42.0,DE,N,N,125.25,N
20173507,2025-05-21T23:23:32.000,MED,Y,W,M,34.0,DE,N,N,140.20,Y
20232866,2026-05-17T01:03:56.000,MIN,Y,O,M,39.0,CS,N,N,155.25,N
20212544,2026-08-25T13:23:39.000,MIN,N,B,M,52.0,DE,N,N,0,N
23686,2026-06-29T18:20:21.000,MIN,Y,B,M,54.0,DE,N,N,140.20,N
20151980,2026-05-20T20:44:35.000,MIN,Y,B,M,36.0,DE,N,N,150.15,Y
99953,2025-10-30T01:16:45.000,MAX,Y,B,M,35.0,DE,N,Y,265.03,Y
20156806,2026-07-02T20:54:24.000,MAX,Y,O,M,35.0,DE,N,N,120.05,N
20219981,2026-04-28T23:28:14.000,MAX,Y,B,M,33.0,DE,N,N,120.05,Y
13825,2025-11-14T16:18:51.000,MED,N,,,53.0,DE,N,N,125.25,N
20231572,2024-10-05T01:12:49.000,MAX,Y,O,M,32.0,DE,N,N,160.10,Y
20242142,2025-03-13T13:01:38.000,MAX,Y,O,M,23.0,DE,N,N,120.05,Y
84414,2026-01-29T21:14:29.000,MIN,Y,B,M,37.0,DE,N,N,110-125.25,Y
49289,2026-08-06T11:47:42.000,MIN,Y,O,F,49.0,DE,N,N,220.43,N
20241216,2026-03-26T13:03:38.000,MAX,Y,B,F,23.0,CS,N,N,,Y
20184784,2026-03-08T16:03:20.000,MIN,Y,B,F,37.0,CS,N,N,140.20,N
20251379,2026-06-23T18:00:01.000,MIN,N,B,M,54.0,DE,N,N,155.42,N
20217064,2025-08-13T13:03:02.000,MED,Y,B,M,51.0,DE,N,N,265.03,N
20252608,2026-08-27T11:43:39.000,MIN,N,B,M,44.0,DE,N,N,160.05,N
20245418,2026-05-05T16:43:03.000,MAX,N,B,M,29.0,DE,N,N,140.20,Y
20185315,2026-06-10T15:38:48.000,MIN,Y,O,M,28.0,DE,N,N,140.20,Y
85205,2026-07-17T01:06:45.000,MED,N,B,M,66.0,CS,N,N,155.25,N
20165858,2025-07-28T17:50:29.000,MED,Y,B,M,35.0,SSR,N,N,,Y
135348,2026-07-25T13:56:35.000,MAX,Y,W,F,36.0,DE,N,N,110-120.10,N
20196989,2026-06-10T16:03:23.000,MAX,Y,B,M,33.0,DE,N,N,160.10,Y
20153690,2026-07-16T16:23:28.000,MAX,Y,B,M,30.0,DEP,N,N,140.20,N
10277,2025-10-02T00:46:33.000,MAX,Y,B,M,43.0,DE,N,N,140.30,Y
20215191,2026-06-04T11:34:14.000,MED,Y,B,M,26.0,DE,N,N,125.25,Y
20252493,2026-08-20T17:05:52.000,MAX,Y,W,M,18.0,DE,N,N,110-125.25,N
20243608,2025-07-30T12:20:37.000,MED,Y,O,M,31.0,DE,N,N,140.25,Y
20248299,2026-01-15T01:02:17.000,MED,N,O,M,40.0,DE,N,N,130.35,N
20175646,2026-08-06T11:15:00.000,MED,N,B,M,26.0,DE,N,Y,FOA 900.00,N
20222076,2026-06-24T12:03:06.000,MED,Y,O,M,49.0,DE,N,N,160.05,N
20239948,2026-06-24T18:23:27.000,MIN,N,B,M,21.0,DE,N,Y,110-125.25,N
20251852,2026-07-17T16:16:43.000,MIN,Y,W,M,39.0,DE,N,N,240.75,N
20251140,2026-06-10T15:58:37.000,MED,Y,B,M,30.0,DE,N,N,121.12,N
20251087,2026-06-08T00:39:52.000,MIN,Y,B,M,54.0,DE,N,N,140.30,N
20102449,2026-08-09T16:29:50.000,MAX,Y,A,M,32.0,DE,N,Y,140.30,N
10007215,2026-08-11T15:42:00.000,MED,N,W,M,44.0,DEP,N,N,140.25,N
20225437,2025-09-23T15:56:01.000,MAX,Y,B,M,25.0,DE,N,Y,140.30,Y
20249947,2026-04-14T16:40:38.000,MIN,N,B,F,49.0,DE,N,N,120.05,Y
20084745,2026-06-25T18:49:22.000,MED,Y,U,M,30.0,DE,N,N,125.25,Y
20240872,2026-02-10T13:06:27.000,MIN,N,O,M,48.0,DE,N,N,120.55,N
20182968,2026-06-23T17:16:43.000,MAX,N,O,M,32.0,DE,N,N,160.15,N
20250175,2026-04-24T01:05:36.000,MIN,N,O,M,33.0,DE,N,N,140.30,N
20229433,2026-07-21T16:17:49.000,MAX,Y,W,M,21.0,DE,N,Y,265.03,N
20167888,2026-07-23T00:53:54.000,MED,Y,O,M,28.0,DE,N,N,140.20,N
165017,2026-05-15T19:36:00.000,MIN,Y,B,M,43.0,DE,N,N,140.25,N
20251630,2026-07-06T14:38:49.000,MIN,Y,W,F,41.0,DE,N,N,120.05,N
20191871,2026-08-11T21:51:15.000,MAX,Y,B,F,33.0,DE,N,N,120.05,N
73226,2025-12-11T16:56:39.000,MIN,Y,B,M,52.0,DE,N,N,150.10,N
84415,2025-03-03T14:42:47.000,MIN,N,B,M,49.0,DE,N,N,110-125.25,N
20252494,2026-08-20T17:12:29.000,MIN,N,O,F,46.0,DE,N,N,220.21,N
34744,2026-01-26T21:01:02.000,MED,Y,B,M,42.0,DE,N,N,140.25,N
20071679,2026-07-29T12:30:02.000,MIN,Y,B,M,55.0,DE,N,N,265.03,N
20246759,2026-06-25T12:16:00.000,MIN,N,O,M,28.0,DE,N,N,VTL 1192.2,N
20251271,2026-06-17T20:47:52.000,MED,N,B,M,35.0,DE,N,N,160.15,N
20225586,2026-08-01T13:05:28.000,MED,Y,W,M,36.0,DE,N,N,140.25,N
20063922,2026-05-17T16:57:57.000,MIN,Y,B,F,33.0,CS,N,N,155.25,N
75273,2026-07-02T13:16:27.000,MAX,Y,B,M,45.0,DE,N,N,140.30,Y
132664,2024-07-27T17:07:52.000,MAX,Y,B,M,36.0,DE,N,Y,140.25,Y
20219497,2025-08-11T01:26:13.000,MAX,Y,O,M,35.0,DE,N,N,265.02,Y
20241009,2025-01-12T01:27:25.000,MIN,Y,O,M,25.0,DE,N,N,110-125.25,N
137990,2026-05-07T19:53:00.000,MED,Y,B,M,37.0,DE,N,Y,215.51,Y
20163655,2025-11-06T13:15:56.000,MED,Y,O,M,31.0,DE,N,N,125.25,Y
20242066,2026-08-21T14:26:41.000,MED,Y,W,F,34.0,DE,N,N,220.18,N
117881,2026-08-02T18:53:18.000,MAX,Y,W,M,45.0,DE,N,N,140.20,N
43984,2025-11-17T20:57:39.000,MED,N,B,M,43.0,DE,N,N,110-125.25,Y
112087,2026-08-08T00:11:19.000,MED,N,B,M,39.0,DE,N,N,155.35,N
165868,2022-09-30T23:16:52.000,MAX,N,B,M,35.0,DE,N,Y,120.10,Y
20043328,2026-07-30T16:44:47.000,MED,Y,B,M,35.0,DE,N,N,110-125.25,N
20212044,2025-04-08T16:51:40.000,MED,N,B,M,27.0,DE,N,N,265.03,Y
20246636,2025-10-15T00:29:21.000,MIN,N,O,M,25.0,DE,N,N,120.10,N
10007166,2025-05-14T16:54:46.000,MED,Y,B,M,38.0,DE,N,N,125.25,Y
20248807,2026-08-26T17:31:47.000,MED,Y,B,M,31.0,DE,N,N,140.20,N
20249340,2026-03-13T19:31:10.000,MIN,Y,W,M,28.0,DE,N,N,150.15,N
20244511,2026-06-30T11:55:14.000,MED,Y,B,M,27.0,DE,N,N,125.25,N
20249599,2026-03-27T09:26:01.000,MED,Y,B,M,35.0,DE,N,N,120.25,N
115579,2026-08-13T16:24:00.000,MAX,Y,B,M,62.0,DE,N,N,140.20,N
20248735,2026-02-09T23:59:57.000,MIN,N,B,M,37.0,DE,N,N,140.25,N
20120639,2023-04-17T10:57:57.000,MED,Y,O,M,39.0,DE,N,Y,125.25,Y
20063243,2026-08-19T15:39:56.000,MED,N,B,M,37.0,DE,N,N,120.05,N
20219487,2022-07-04T00:51:32.000,MAX,N,W,M,28.0,DE,N,N,125.25,Y
20245572,2026-03-29T01:09:47.000,MED,Y,B,M,22.0,DE,N,N,160.15,N
20136818,2026-02-26T16:02:33.000,MED,N,B,M,36.0,DE,N,N,125.25,N
20227528,2026-03-27T14:34:48.000,MED,Y,B,M,21.0,CS,N,Y,,Y
20146481,2025-07-19T11:32:00.000,MAX,N,B,M,30.0,DE,N,Y,110-125.25,Y
20250671,2026-05-17T20:04:06.000,MIN,N,A,M,22.0,DE,N,N,511(1)(A),N
20177928,2026-05-01T15:39:29.000,MED,N,B,M,30.0,DE,N,N,110-125.25,N
20006515,2026-04-09T18:52:00.000,MAX,Y,B,M,34.0,DE,N,N,120.05,Y
20252512,2026-08-21T01:43:36.000,MIN,N,B,M,48.0,DE,N,N,155.25,N
20247839,2026-07-20T17:52:30.000,MIN,Y,B,M,56.0,DE,N,N,140.25,N
20239946,2026-08-03T13:36:14.000,MAX,Y,B,M,22.0,DE,N,N,125.25,N
20248981,2026-07-08T10:40:06.000,MED,Y,B,M,31.0,DE,N,N,140.30,N
20240444,2024-12-10T17:03:08.000,MED,Y,I,M,87.0,DE,N,N,125.25,Y
20231846,2026-08-28T17:37:39.000,MIN,N,O,M,36.0,DE,N,N,160.10,N
20243019,2025-08-14T01:23:40.000,MAX,Y,B,M,22.0,DEP,N,Y,130.25,Y
23136,2026-03-18T10:48:27.000,MED,N,B,M,43.0,DE,N,N,125.25,N
20239314,2025-09-26T17:15:00.000,MED,Y,A,M,42.0,DE,N,N,135.20,N
20181959,2026-05-18T19:22:38.000,MAX,N,B,M,27.0,DE,N,Y,265.03,Y
20249036,2026-02-27T01:21:38.000,MED,Y,O,M,25.0,DE,N,N,140.25,Y
20227294,2026-08-21T00:52:46.000,MED,N,B,M,36.0,DE,N,Y,160.15,N
20223237,2026-07-12T19:23:00.000,MED,Y,O,F,35.0,DE,N,N,160.05,N
20109340,2025-03-04T13:23:57.000,MAX,N,B,M,40.0,DE,N,Y,110-125.25,Y
20079645,2025-05-28T11:51:17.000,MIN,N,B,M,64.0,DE,N,N,120.10,N
129302,2026-08-12T00:41:47.000,MED,Y,B,M,40.0,DE,N,N,145.00,N
20245848,2026-07-28T10:39:05.000,MED,Y,B,M,39.0,DE,N,N,140.25,N
20218471,2026-08-13T14:26:45.000,MED,Y,B,M,28.0,DE,N,N,265.03,N
20223014,2023-02-08T16:14:12.000,MED,N,B,M,49.0,DE,N,Y,125.25,Y
20224079,2024-08-09T19:11:13.000,MAX,Y,B,M,21.0,DE,N,Y,105.15,Y
20225991,2026-08-25T11:19:36.000,MED,N,B,M,26.0,DE,N,Y,155.40,N
20125626,2026-04-03T12:20:46.000,MED,Y,B,M,40.0,DE,N,N,120.05,N
20160260,2026-06-12T00:35:58.000,MED,Y,B,M,28.0,DE,N,Y,120.10,N
20195952,2026-07-16T11:07:29.000,MED,Y,O,M,27.0,CS,N,Y,,N
50103,2026-03-24T21:25:51.000,MIN,N,O,M,41.0,DE,N,N,140.20,Y
20002508,2023-09-23T15:35:06.000,MED,Y,O,M,39.0,DE,N,N,125.25,Y
20206728,2026-01-03T21:01:20.000,MIN,Y,W,F,39.0,DEP,N,N,140.25,N
20252531,2026-08-21T21:09:54.000,MED,N,O,M,24.0,DE,N,N,160.10,N
20251607,2026-07-05T11:53:56.000,MED,Y,O,F,36.0,DE,N,N,140.30,N
123540,2025-01-30T17:30:04.000,MIN,N,B,M,41.0,DE,N,N,110-120.10,N
20221275,2025-10-02T00:48:26.000,MED,Y,B,M,36.0,DE,N,N,155.42,Y
6219,2024-01-27T01:07:38.000,MIN,N,B,M,50.0,DE,N,N,220.77,Y
20250623,2026-05-14T23:29:41.000,MIN,Y,O,F,48.0,DE,N,N,110-125.25,N
20245404,2026-06-17T17:10:54.000,MIN,N,O,M,31.0,DE,N,N,110-125.25,N
20223561,2023-03-14T20:26:07.000,MED,Y,B,M,26.0,DNS,N,Y,125.25,Y
20202462,2026-08-06T15:37:08.000,MIN,Y,O,M,38.0,DE,N,N,120.05,N
98967,2026-06-29T17:09:41.000,MED,Y,O,M,46.0,DE,N,N,160.15,N
20252139,2026-08-04T14:03:04.000,MIN,Y,O,M,38.0,DE,N,N,140.20,N
20239992,2025-08-24T16:01:38.000,MAX,Y,B,M,21.0,DE,N,N,160.15,Y
20244192,2025-07-09T14:54:19.000,MED,Y,B,M,34.0,DE,N,N,120.05,Y
20245974,2025-09-12T01:55:28.000,MED,Y,O,M,35.0,DE,N,N,130.75,N
20232794,2025-05-09T00:51:59.000,MED,Y,O,M,26.0,DE,N,N,110-130.35,Y
20182281,2024-01-12T17:06:41.000,MAX,Y,U,M,25.0,DE,N,Y,105.15,Y
20252636,2026-08-28T15:04:00.000,MIN,N,O,M,28.0,DE,N,N,120.05,N
20052781,2026-04-24T01:20:47.000,MIN,N,O,M,50.0,DE,N,N,140.20,Y
20095747,2024-10-11T12:19:27.000,MAX,Y,O,M,34.0,DE,N,N,110-125.25,Y
20243404,2025-05-13T00:33:29.000,MED,Y,O,M,21.0,DE,N,Y,125.25,Y
148034,2026-05-08T21:25:04.000,MIN,N,O,M,44.0,CS,N,Y,,N
45805,2026-07-11T20:26:08.000,MED,N,B,M,50.0,DE,N,N,155.25,N
20120282,2026-03-04T18:07:50.000,MAX,Y,B,M,33.0,DE,N,N,125.25,N
20231620,2024-05-28T01:15:24.000,MAX,Y,W,M,38.0,DE,N,N,125.25,Y
70566,2026-02-27T23:21:40.000,MIN,N,O,M,45.0,CSP,N,N,220.03,N
20139236,2026-08-06T00:43:04.000,MAX,Y,B,M,30.0,DEP,N,Y,140.30,N
20249013,2026-02-26T12:45:15.000,MIN,N,O,M,34.0,DE,N,Y,140.20,N
20251373,2026-06-23T11:52:13.000,MIN,Y,B,F,28.0,DE,N,N,120.05,Y
20078339,2026-08-25T15:41:50.000,MIN,N,O,F,53.0,DE,N,N,160.10,N
39559,2024-02-23T12:04:23.000,MED,N,O,M,38.0,DE,N,N,110-125.25,Y
20240303,2026-04-09T15:14:34.000,MAX,Y,B,M,20.0,DE,N,Y,160.15,Y
20199614,2026-08-14T01:01:17.000,MED,Y,B,M,30.0,DE,N,N,130.52,N
20226118,2026-08-27T00:00:51.000,MAX,Y,B,F,40.0,DEP,N,N,220.03,N
20149071,2026-03-27T00:30:05.000,MED,Y,O,M,56.0,CSP,N,N,VOP,N
17139,2026-05-20T19:31:00.000,MAX,Y,B,M,60.0,DE,N,N,220.03,Y
20040182,2026-03-20T16:13:50.000,MIN,N,B,M,61.0,CS,N,N,,N
166640,2025-05-11T15:27:11.000,MED,Y,O,M,42.0,DE,N,N,160.10,Y
111126,2026-07-12T09:30:01.000,MED,Y,B,M,53.0,DE,N,Y,220.41,Y
20196893,2023-11-30T23:40:17.000,MED,Y,B,M,46.0,DEP,N,Y,220.16,Y
20249120,2026-03-03T12:43:21.000,MAX,Y,B,M,26.0,DE,N,N,120.60,Y
20232264,2025-05-28T16:26:44.000,MED,Y,B,M,27.0,DE,N,Y,125.25,Y
20172540,2024-06-08T01:14:41.000,MAX,N,B,M,36.0,DE,N,Y,220.16,Y
20218204,2026-07-30T11:01:04.000,MED,Y,B,M,24.0,DE,N,N,121.12,Y
20241020,2026-04-17T00:58:09.000,MIN,Y,A,M,40.0,DE,N,N,150.15,N
20024351,2025-06-13T20:28:21.000,MAX,Y,B,M,33.0,DE,N,Y,130.95,Y
20248810,2026-02-13T19:17:00.000,MIN,Y,B,M,66.0,DE,N,N,120.05,N
20209558,2026-05-01T19:33:11.000,MAX,N,B,M,25.0,DE,N,Y,265.03,N
20251187,2026-06-12T14:22:23.000,MIN,N,O,M,29.0,DE,N,N,220.21,N
6476,2026-08-27T14:09:19.000,MIN,N,O,M,41.0,DE,N,N,140.20,N
124351,2025-03-12T20:01:00.000,MED,Y,B,M,40.0,DE,N,N,125.25,N
146558,2025-12-19T01:36:03.000,MAX,Y,O,M,36.0,DE,N,N,120.05,N
69722,2026-03-11T12:47:35.000,MIN,N,O,M,54.0,CS,N,N,,N
167901,2026-08-06T01:05:00.000,MED,Y,B,M,39.0,DE,N,Y,140.20,N
20206824,2025-06-04T11:22:15.000,MAX,Y,B,M,24.0,DE,N,Y,130.35,Y
20225219,2026-06-10T20:22:48.000,MAX,Y,O,M,31.0,DE,N,N,160.15,N
20250273,2026-04-30T00:40:12.000,MIN,N,O,M,32.0,DE,N,N,220.39,N
20152542,2026-07-12T12:06:30.000,MED,N,O,M,34.0,CS,N,N,,N
41407,2022-06-02T23:27:00.000,MED,Y,B,M,46.0,DE,N,N,160.10,Y
20233033,2026-08-26T15:10:09.000,MED,N,B,F,38.0,DE,N,N,120.10,N
112572,2026-08-30T01:27:09.000,MIN,N,O,F,39.0,DE,N,N,220.18,N
20001445,2026-04-07T16:45:55.000,MED,Y,B,M,38.0,DE,N,Y,230.34,N
58716,2026-08-20T17:14:17.000,MIN,N,,,38.0,DE,N,N,110-125.25,N
20228410,2026-07-06T22:26:00.000,MED,Y,I,M,44.0,DE,N,N,140.20,N
20226674,2023-08-29T22:27:00.000,MAX,N,B,M,26.0,DE,N,Y,125.25,Y
20230614,2025-10-01T02:28:15.000,MIN,Y,B,M,25.0,DE,N,N,160.10,N
156290,2024-03-01T00:37:26.000,MED,N,O,M,53.0,DEP,N,N,140.30,Y
20249248,2026-05-24T17:16:00.000,MAX,N,W,M,29.0,DE,N,N,140.25,Y
20194731,2025-12-31T17:08:00.000,MIN,Y,O,M,40.0,DE,N,N,140.25,Y
20252659,2026-08-30T01:33:24.000,MIN,N,O,M,28.0,DE,N,N,155.35,N
20248923,2026-02-20T01:35:15.000,MIN,Y,B,F,43.0,DE,N,N,120.10,Y
20252653,2026-08-29T12:52:02.000,MIN,N,O,M,44.0,DE,N,N,215.56,N
49755,2026-07-06T20:34:58.000,MED,Y,B,M,45.0,DE,N,N,220.41,Y
167931,2026-06-21T00:50:15.000,MIN,N,B,M,39.0,CS,N,N,120.00,N
20177980,2026-05-20T11:41:52.000,MIN,N,O,M,47.0,DE,N,N,220.43,N
20194043,2025-08-25T17:07:48.000,MAX,Y,B,M,26.0,DEP,N,Y,125.25,Y
124530,2026-04-03T00:31:45.000,MED,Y,O,M,46.0,DE,N,N,220.31,N
20251355,2026-06-27T20:50:22.000,MIN,Y,B,F,25.0,DE,N,N,120.05,N
93249,2026-08-12T18:47:00.000,MAX,N,O,M,47.0,DE,N,N,140.25,N
20246463,2026-03-02T17:13:23.000,MIN,N,A,M,45.0,DE,N,N,215.51,N
20055915,2024-12-07T19:30:55.000,MED,N,B,M,48.0,DE,N,N,125.25,Y
145166,2026-07-30T01:47:37.000,MAX,Y,W,M,47.0,DE,N,N,160.10,N
25092,2026-08-29T20:34:12.000,MED,N,O,M,40.0,DE,N,N,160.10,N
20229845,2025-10-06T12:01:18.000,MED,Y,O,M,45.0,DE,N,N,125.20,N
10000449,2025-08-14T15:55:25.000,MED,Y,B,M,46.0,DE,N,N,125.25,Y
20222879,2026-08-15T13:13:58.000,MAX,N,B,M,23.0,DEP,N,Y,105.15,N
20247606,2025-12-04T12:53:00.000,MED,N,W,M,35.0,DE,N,N,130.35,N
20244173,2026-08-20T11:20:24.000,MED,Y,W,F,59.0,DE,N,N,110-125.25,N
20229284,2026-07-23T12:27:40.000,MAX,N,B,M,24.0,DE,N,N,110-120.07,N
20249530,2026-08-24T12:17:40.000,MED,Y,B,F,30.0,DE,N,N,120.05,N
20204346,2026-07-12T16:35:00.000,MAX,Y,B,M,26.0,DE,N,Y,110-125.25,N
20252662,2026-08-30T12:24:45.000,MIN,N,B,M,31.0,DE,N,N,140.25,N
20248348,2026-07-21T01:20:17.000,MED,Y,B,F,20.0,DE,N,N,140.30,N
20252621,2026-08-27T20:54:15.000,MED,N,B,F,23.0,DE,N,N,FOA 900.00,N
10008989,2021-08-05T16:09:46.000,MAX,Y,B,M,35.0,DE,N,Y,125.25,Y
37365,2024-05-30T20:06:36.000,MAX,Y,B,M,38.0,DE,N,Y,135.20,Y
20249867,2026-04-10T12:37:55.000,MIN,N,O,M,41.0,DE,N,N,220.43,N
20209066,2026-08-21T10:35:30.000,MED,N,B,M,62.0,DE,N,N,220.16,N
60037,2026-08-26T13:32:59.000,MIN,N,O,M,62.0,CS,N,N,155.25,N
20238732,2026-01-20T11:13:56.000,MIN,N,B,M,55.0,CS,N,N,265.01B,N
20154941,2026-01-14T19:09:46.000,MIN,N,O,M,63.0,DE,N,N,220.21,N
20248225,2026-01-10T13:30:14.000,MAX,Y,B,M,19.0,DE,N,Y,265.02,Y
20059623,2025-05-13T22:23:01.000,MED,N,B,M,36.0,DE,N,N,125.25,Y
135663,2025-03-17T11:40:00.000,MIN,Y,O,M,39.0,DE,N,N,140.25,N
20241717,2025-02-19T16:58:01.000,MED,N,W,M,58.0,DE,N,N,125.25,N
20243519,2025-05-17T11:17:02.000,MED,Y,B,M,49.0,DE,N,N,120.10,Y
20252161,2026-08-05T16:27:49.000,MED,N,W,M,55.0,DE,N,N,130.35,N
136017,2025-11-28T11:33:07.000,MAX,Y,B,M,36.0,DEP,N,N,121.12,Y
20126223,2026-07-20T00:36:00.000,MIN,N,B,M,33.0,CS,N,N,155.25,N
20212884,2025-10-27T13:16:33.000,MAX,Y,B,M,27.0,DE,N,Y,110-130.35,Y
20249731,2026-08-23T23:59:26.000,MED,N,W,M,19.0,DE,N,N,160.10,N
20209254,2026-06-12T00:18:15.000,MIN,N,O,M,40.0,DE,N,N,140.20,N
20119964,2026-03-18T14:08:30.000,MAX,Y,O,M,29.0,DEP,N,N,140.30,Y
20229124,2025-07-18T15:25:09.000,MAX,Y,B,M,33.0,DE,N,N,125.25,Y
20248628,2026-02-03T01:08:21.000,MIN,N,O,M,45.0,DE,N,N,220.21,N
20250073,2026-04-19T12:57:00.000,MIN,Y,O,M,46.0,DE,N,N,150.15,N
122795,2024-08-22T16:31:20.000,MED,Y,B,M,61.0,DE,N,N,125.25,Y
20249733,2026-04-04T14:52:00.000,MAX,Y,B,M,22.0,DE,N,N,125.25,Y
20224002,2026-08-13T00:04:29.000,MED,N,B,M,28.0,DE,N,N,215.50,N
20251653,2026-07-07T23:25:11.000,MED,N,O,M,22.0,DE,N,Y,110-125.25,N
20227205,2026-08-20T21:04:49.000,MED,N,W,M,27.0,DE,N,N,FOA 900.00,N
20165153,2026-02-21T11:04:13.000,MAX,Y,B,M,29.0,DE,N,N,130.35,Y
20227766,2026-07-21T15:39:29.000,MED,N,O,M,29.0,DE,N,N,110-125.25,N
153883,2026-06-23T16:15:53.000,MED,N,O,M,42.0,DE,N,N,110-125.25,N
20248933,2026-02-21T00:15:04.000,MED,N,B,M,48.0,DE,N,N,130.75,N
20052240,2026-06-10T19:19:35.000,MED,N,O,M,35.0,CS,N,N,,N
20019436,2026-03-28T15:51:53.000,MAX,N,B,M,32.0,DE,N,Y,120.10,Y
20145389,2026-04-28T18:38:00.000,MAX,Y,B,M,27.0,DE,N,Y,120.10,Y
20252332,2026-08-12T13:42:26.000,MED,Y,B,M,18.0,DE,N,N,160.15,N
20251693,2026-07-09T21:03:00.000,MIN,Y,B,M,26.0,DE,N,N,265.03,N
20220161,2024-03-18T17:32:45.000,MED,Y,O,M,39.0,DE,N,N,135.25,Y
20137,2026-05-22T18:37:26.000,MIN,Y,B,F,49.0,DE,N,N,140.20,N
20054868,2026-06-23T14:19:18.000,MIN,Y,B,F,57.0,CS,N,N,,N
20040826,2025-09-19T10:46:15.000,MAX,N,O,M,43.0,DE,N,N,130.35,Y
20251041,2026-06-05T17:23:53.000,MIN,Y,B,F,53.0,DE,N,N,,Y
31298,2026-05-19T16:03:19.000,MED,N,B,M,44.0,DE,N,Y,110-125.25,Y
20251756,2026-07-13T12:12:04.000,MIN,N,B,M,28.0,CS,N,N,110-265.03,N
20064976,2026-07-01T23:47:00.000,MIN,Y,W,M,55.0,DE,N,N,155.40,N
143171,2026-08-21T20:33:52.000,MED,N,W,M,51.0,DE,N,N,130.75,N
54029,2026-03-31T01:23:06.000,MED,N,O,M,50.0,DE,N,N,265.03,N
20117541,2026-08-15T17:24:08.000,MED,Y,W,M,51.0,DE,N,N,110-125.25,N
20239348,2024-10-17T15:48:44.000,MIN,Y,B,M,27.0,DE,N,N,125.15,Y
20252651,2026-08-29T11:11:00.000,MIN,N,B,M,38.0,DE,N,N,FOA 900.00,N
20176851,2026-04-10T16:06:48.000,MIN,Y,B,F,29.0,CS,N,N,,Y
20251964,2026-07-24T15:27:17.000,MED,N,B,M,18.0,DE,N,N,125.25,N
20223625,2025-05-05T01:27:06.000,MED,Y,O,M,37.0,DE,N,N,110-160.05,Y
81450,2025-05-19T17:28:46.000,MAX,Y,O,M,42.0,DE,N,N,120.10,Y
20251539,2026-07-02T00:23:26.000,MED,Y,B,M,45.0,DE,N,N,130.52,N
39328,2026-07-09T01:10:37.000,MED,Y,B,M,65.0,DE,N,N,120.05,N
20248961,2026-02-22T11:43:26.000,MAX,N,B,M,18.0,DE,N,Y,110-125.25,Y
20242217,2026-01-09T00:04:00.000,MIN,Y,A,M,41.0,DE,N,N,120.05,Y
20248683,2026-06-26T21:03:28.000,MIN,Y,B,M,29.0,DE,N,N,215.55,N
20252204,2026-08-06T21:08:59.000,MED,N,O,M,26.0,DE,N,N,160.15,N
20124495,2026-05-13T21:14:40.000,MIN,Y,B,M,34.0,DE,N,N,120.05,N
20188010,2026-06-22T16:33:33.000,MED,Y,B,M,31.0,DE,N,N,120.05,N
20231475,2026-04-30T19:41:34.000,MAX,N,B,M,29.0,DE,N,N,125.25,Y
20213537,2025-04-23T15:30:33.000,MED,Y,B,M,25.0,DE,N,N,125.25,Y
20250412,2026-07-17T12:36:20.000,MIN,Y,W,F,31.0,DE,N,N,160.15,N
20095343,2026-06-07T01:27:40.000,MAX,Y,W,M,32.0,DE,N,N,155.30,Y
20249259,2026-03-10T17:18:02.000,MIN,Y,B,F,63.0,DE,N,N,135.65,N
156483,2024-01-05T01:09:16.000,MIN,Y,O,M,60.0,DE,N,N,110-125.25,Y
20229027,2024-03-27T00:01:58.000,MED,Y,B,M,26.0,DE,N,N,125.25,Y
78381,2026-07-30T17:48:25.000,MAX,Y,B,M,45.0,DE,N,N,155.35,N
53320,2026-05-18T16:21:59.000,MAX,Y,O,M,38.0,DE,N,N,160.10,Y
16847,2026-06-23T20:48:39.000,MIN,Y,B,F,39.0,DE,N,N,220.39,Y
20155431,2026-07-28T13:19:11.000,MED,Y,O,M,38.0,DE,N,N,140.30,N
92783,2025-12-04T10:47:56.000,MIN,N,O,M,46.0,DE,N,N,,Y
20144667,2026-07-17T00:45:20.000,MAX,N,B,M,30.0,DE,N,Y,265.03,N
20248773,2026-08-06T01:33:16.000,MAX,Y,B,M,19.0,DE,N,N,160.15,N
30459,2025-10-17T16:20:51.000,MAX,Y,B,M,38.0,DE,N,Y,160.10,Y
20182473,2023-07-07T21:06:37.000,MAX,Y,B,M,28.0,DE,N,Y,125.25,Y
20238604,2026-02-13T08:46:27.000,MAX,N,B,M,21.0,DE,N,Y,125.25,Y
20242362,2026-06-29T11:09:22.000,MAX,Y,B,M,21.0,DE,N,Y,125.25,Y
20140038,2026-08-23T01:50:16.000,MED,Y,B,F,34.0,DE,N,N,140.25,N
20252346,2026-08-12T21:02:32.000,MIN,Y,B,M,26.0,DE,N,N,FOA 900.00,N
20218400,2022-04-27T16:05:31.000,MAX,Y,B,M,39.0,DE,N,N,125.25,Y
20248373,2026-01-18T16:58:00.000,MIN,N,O,M,33.0,DE,N,N,1192(3),N
20156392,2026-02-19T00:23:08.000,MIN,N,B,M,27.0,DE,N,Y,160.15,N
25602,2025-03-12T23:29:00.000,MIN,N,O,M,45.0,DE,N,Y,220.16,Y
166300,2024-05-22T17:13:23.000,MED,N,B,M,34.0,DE,N,Y,110-125.25,Y
20037047,2026-04-13T16:03:13.000,MED,N,O,M,34.0,DE,N,Y,265.03,Y
20228775,2024-02-16T12:58:24.000,MAX,Y,O,M,25.0,DE,N,N,130.50,Y
28624,2026-08-30T10:42:04.000,MED,N,B,M,44.0,DE,N,N,160.10,N
20233133,2026-01-31T01:42:05.000,MAX,N,B,M,26.0,DE,N,N,160.15,Y
20062166,2025-03-25T13:10:25.000,MED,N,B,M,32.0,DE,N,N,160.15,Y
20081193,2024-02-11T17:12:18.000,MAX,Y,B,M,32.0,DE,N,Y,125.25,Y
20231471,2024-05-19T22:59:00.000,MED,Y,B,M,20.0,DE,N,Y,105.15,Y
75763,2026-07-11T11:23:38.000,MIN,Y,B,M,38.0,DE,N,N,110-125.25,N
20251876,2026-07-19T01:17:29.000,MIN,Y,B,F,49.0,DE,N,N,120.10,N
20201800,2025-12-05T10:56:06.000,MED,N,B,M,38.0,DE,N,N,110-130.35,N
20225235,2026-04-05T12:33:06.000,MAX,Y,B,M,24.0,DE,N,N,160.10,Y
20098,2025-05-30T14:17:25.000,MIN,N,B,M,47.0,CS,N,N,,N
20246479,2026-06-27T20:11:38.000,MIN,N,B,M,58.0,DE,N,N,121.12,N
20189744,2026-03-07T20:36:44.000,MAX,Y,B,M,30.0,CS,N,N,110-125.27,Y
20252630,2026-08-28T12:07:27.000,MIN,N,W,M,38.0,DE,N,N,120.00,N
99726,2026-05-27T19:00:18.000,MED,Y,A,M,49.0,DE,N,N,120.05,N
29484,2026-05-28T22:37:00.000,MIN,Y,O,M,38.0,DE,N,N,155.35,Y
79173,2023-02-03T00:46:38.000,MED,Y,B,M,60.0,DE,N,N,125.25,Y
27496,2026-07-18T11:54:56.000,MIN,N,B,M,54.0,DE,N,N,155.30,N
20239954,2026-06-27T16:23:03.000,MAX,Y,W,F,32.0,DE,N,N,215.51,Y
20076953,2026-08-30T01:39:53.000,MED,N,W,M,42.0,DE,N,N,220.39,N
137578,2026-03-01T20:18:22.000,MED,Y,W,M,54.0,DE,N,N,135.25,N
26605,2026-03-16T22:42:08.000,MAX,Y,O,M,47.0,DE,N,N,120.05,Y
20024774,2026-06-15T13:01:42.000,MED,N,B,M,34.0,CS,N,Y,,N
75944,2026-02-17T21:03:19.000,MAX,Y,B,M,38.0,DEP,N,N,160.05,Y
20021109,2026-08-12T01:27:20.000,MIN,N,B,M,54.0,DE,N,N,155.25,N
20140709,2026-03-17T15:01:04.000,MIN,Y,B,M,29.0,DE,N,N,110-125.25,N
20153826,2026-06-26T13:07:22.000,MAX,N,B,M,37.0,CSP,N,Y,,N
93531,2026-08-31T00:45:06.000,,N,B,F,50.0,DE,N,N,160.15,N
20171613,2026-08-19T15:43:32.000,MIN,Y,W,M,37.0,DE,N,N,,N
20252389,2026-08-15T13:09:28.000,MED,N,O,M,20.0,DE,N,N,120.10,N
20251222,2026-06-14T12:40:00.000,MED,Y,B,M,35.0,DE,N,N,165.50,Y
33909,2026-07-24T00:44:03.000,MED,Y,B,M,43.0,CS,N,N,155.25,N
56150,2026-05-19T23:10:00.000,MED,Y,B,M,52.0,DE,N,N,130.35,N
20102683,2025-06-27T16:00:01.000,MED,Y,B,M,29.0,DE,N,N,250.45,Y
807,2026-06-30T11:53:10.000,MAX,Y,B,M,38.0,DE,N,Y,140.25,Y
20085018,2026-08-27T17:24:47.000,MED,N,B,M,35.0,DEP,N,N,120.00,N
20240294,2025-12-25T11:20:00.000,MIN,Y,A,M,36.0,CS,N,N,155.35,N
20246218,2025-09-24T11:45:38.000,MIN,Y,B,M,44.0,DE,N,N,120.10,N
114179,2026-06-21T13:09:18.000,MIN,N,B,M,56.0,SSR,N,N,,N
169607,2026-06-24T10:13:28.000,MIN,Y,H,M,45.0,DE,N,N,265.03,N
20211257,2026-08-09T12:18:45.000,MAX,Y,O,M,24.0,DE,N,Y,215.52,N
10939,2026-08-15T19:01:13.000,MIN,Y,B,M,46.0,DE,N,N,140.20,N
20133706,2026-07-22T16:15:18.000,MAX,Y,B,M,28.0,DE,N,Y,160.15,Y
20223721,2026-01-22T20:52:11.000,MED,Y,B,M,31.0,DE,N,N,155.30,N
20225885,2023-12-11T23:49:00.000,MAX,N,B,M,29.0,DE,N,N,120.10,Y
20245125,2026-08-07T15:51:29.000,MED,N,B,M,44.0,DE,N,N,120.10,N
20252615,2026-08-27T16:34:00.000,MIN,Y,B,M,51.0,DE,N,N,215.51,N
20252483,2026-08-20T12:13:34.000,MIN,N,O,M,41.0,DE,N,N,,N
83645,2024-05-10T17:03:00.000,MED,N,B,M,54.0,DE,N,N,125.25,N
20113310,2026-02-11T11:56:50.000,MED,N,B,M,33.0,DE,N,Y,110-125.25,Y
20251289,2026-06-18T16:26:28.000,MIN,N,O,M,24.0,DE,N,N,230.34,N
20244518,2026-07-23T15:22:58.000,MAX,N,O,M,23.0,DE,N,N,120.05,Y
20136953,2026-02-20T11:06:45.000,MED,N,O,M,28.0,DE,N,Y,120.05,Y
20190940,2024-10-25T20:26:03.000,MED,Y,B,M,28.0,DEP,N,Y,120.05,Y
20252523,2026-08-21T16:36:52.000,MIN,N,W,F,65.0,DE,N,N,120.05,N
4428,2026-08-26T13:06:13.000,MED,Y,B,M,44.0,DE,N,N,120.05,N
6563,2026-08-23T18:12:56.000,MAX,Y,B,M,50.0,DE,N,N,140.20,N
6182,2025-05-28T12:42:04.000,MIN,Y,B,M,40.0,DE,N,N,140.20,N
93717,2026-08-06T12:52:00.000,MED,Y,O,M,48.0,DE,N,N,130.35,N
167800,2026-04-15T16:54:34.000,MED,Y,O,M,47.0,CS,N,N,220.39,Y
20251796,2026-07-15T15:46:50.000,MED,N,O,M,62.0,DE,N,N,140.25,N
20228468,2026-07-09T13:08:57.000,MED,Y,O,F,44.0,DE,N,N,140.20,N
20203733,2022-10-23T19:54:48.000,MAX,Y,B,M,28.0,DE,N,Y,160.15,Y
20222399,2026-07-16T00:59:00.000,MED,Y,B,M,31.0,DE,N,Y,160.15,N
20166724,2025-09-16T11:11:16.000,MED,Y,B,F,37.0,DE,N,N,110-125.25,Y
29742,2026-05-15T16:48:27.000,MIN,N,O,M,41.0,CS,N,N,110-265.03,N
20248770,2026-02-11T20:09:36.000,MIN,Y,B,F,47.0,DE,N,N,155.35,Y
20080994,2026-08-13T16:05:14.000,MED,N,B,M,33.0,DPV,N,N,,N
14021,2025-10-31T12:05:41.000,MAX,Y,B,M,42.0,DE,N,N,265.03,Y
73570,2026-03-26T23:18:00.000,MED,Y,B,M,44.0,DE,N,N,140.25,N
20049993,2025-07-31T15:31:39.000,MAX,N,B,M,34.0,DE,N,Y,265.03,Y
20250327,2026-05-02T21:06:49.000,MIN,Y,B,M,18.0,DE,N,N,265.03,N
20245813,2025-09-04T22:25:38.000,MAX,N,B,M,20.0,DE,N,Y,125.25,Y
20223265,2025-06-26T11:21:28.000,MIN,Y,B,M,56.0,DE,N,N,120.10,Y
20249223,2026-03-08T18:51:09.000,MAX,Y,B,M,36.0,DE,N,N,120.05,Y
72902,2026-05-05T17:25:47.000,MED,Y,B,M,37.0,DE,N,N,120.05,N
20247333,2025-11-19T14:20:08.000,MED,Y,B,M,22.0,DE,N,Y,125.25,Y
20241680,2025-02-17T19:31:55.000,MED,Y,B,M,22.0,DE,N,N,125.25,Y
20083756,2026-06-06T11:38:00.000,MED,Y,B,M,38.0,DE,N,N,130.75,N
20190468,2026-08-25T23:46:18.000,MED,N,B,M,28.0,DE,N,N,155.30,N
20245791,2026-08-02T01:32:29.000,MIN,Y,B,M,35.0,DE,N,N,130.52,N
21610,2026-08-21T01:02:50.000,MED,Y,O,M,58.0,DEP,N,N,160.10,N
20245150,2026-05-20T20:41:36.000,MED,Y,B,M,44.0,DE,N,N,155.35,Y
20176826,2025-10-17T00:33:37.000,MAX,Y,O,M,28.0,DE,N,Y,160.15,Y
20243990,2025-06-09T16:59:56.000,MED,Y,B,M,21.0,DE,N,N,125.25,Y
20245124,2025-08-04T01:14:14.000,MIN,N,B,M,19.0,DE,N,Y,160.15,Y
20122389,2026-07-06T13:09:27.000,MIN,N,O,M,31.0,CS,N,N,110-140.25,N
20206640,2026-03-12T12:16:50.000,MED,Y,O,M,26.0,DE,N,N,265.03,N
10014702,2026-02-04T17:20:04.000,MAX,Y,B,M,34.0,DE,N,Y,130.95,Y
20007778,2026-04-24T16:51:57.000,MED,N,B,M,46.0,DE,N,N,130.35,N
20208332,2026-07-18T14:16:00.000,MED,Y,B,F,35.0,DE,N,N,120.05,N
113201,2026-05-18T12:03:03.000,MAX,Y,W,F,38.0,DE,N,N,160.15,N
20022946,2024-12-03T19:10:09.000,MAX,Y,O,M,36.0,DE,N,N,140.30,Y
20140595,2026-08-12T19:44:05.000,MED,Y,O,M,30.0,DE,N,N,160.10,N
20252151,2026-08-05T01:02:00.000,MED,Y,B,M,28.0,DE,N,Y,160.10,N
61870,2026-02-14T20:18:47.000,MED,N,O,M,57.0,CS,N,N,155.35,N
20123957,2026-04-03T01:29:00.000,MAX,N,B,M,29.0,CS,N,N,,N
26477,2025-09-09T16:27:44.000,MAX,Y,B,M,44.0,DE,N,N,120.05,Y
20217351,2026-07-30T16:51:40.000,MED,Y,B,M,36.0,DE,N,N,150.20,N
20232815,2024-07-24T13:31:50.000,MED,N,O,M,30.0,DE,N,N,125.25,Y
20246087,2025-09-17T21:00:00.000,MED,N,O,M,46.0,DE,N,N,130.35,N
20247091,2025-11-07T16:22:38.000,MAX,N,B,M,18.0,DE,N,Y,110-125.25,Y
10011037,2024-02-12T00:41:20.000,MED,Y,B,M,39.0,DE,N,N,125.25,Y
20239241,2024-10-10T23:31:32.000,MED,N,O,M,27.0,DE,N,N,125.25,Y
20252541,2026-08-22T20:05:10.000,MIN,N,B,M,54.0,DE,N,N,FOA 900.00,N
20220355,2026-06-12T15:21:20.000,MED,N,O,M,26.0,DE,N,N,220.21,N
20149882,2026-08-20T20:38:10.000,MED,Y,B,M,39.0,DE,N,N,120.05,N
20195397,2026-04-25T11:17:15.000,MIN,N,W,M,27.0,DE,N,N,110-125.25,Y
91045,2025-03-04T00:10:04.000,MIN,N,B,M,47.0,DE,N,N,220.21,N
14441,2024-09-05T23:58:02.000,MIN,Y,B,M,56.0,DE,N,N,140.25,Y
20247460,2025-11-24T23:24:56.000,MED,Y,W,M,46.0,DE,N,N,125.25,N
20191166,2026-02-16T17:30:53.000,MAX,Y,O,M,37.0,DEP,N,N,140.20,Y
97003,2025-05-25T20:33:19.000,MIN,N,B,M,41.0,CS,N,N,120.00,N
20252212,2026-08-07T01:32:09.000,MIN,Y,A,M,26.0,DE,N,N,140.20,N
170331,2026-07-16T20:00:37.000,MED,Y,W,M,40.0,DE,N,N,140.30,N
19595,2025-12-26T21:55:28.000,MIN,Y,A,M,48.0,DE,N,N,140.20,N
16820,2024-11-28T20:37:29.000,MIN,Y,B,M,58.0,DE,N,N,220.39,Y
20240320,2024-12-04T13:24:41.000,MED,Y,O,M,31.0,DE,N,N,130.50,Y
20248073,2026-01-01T19:58:19.000,MIN,Y,W,M,29.0,DE,N,N,110-125.25,N
82641,2022-01-28T20:25:10.000,MED,Y,O,F,52.0,DE,N,N,125.25,Y
149842,2026-04-05T12:48:28.000,MAX,N,B,M,38.0,DE,N,N,140.20,Y
69092,2026-07-07T14:56:00.000,MED,Y,B,M,47.0,DE,N,N,110-125.25,N
20218825,2024-07-26T19:35:43.000,MAX,N,B,M,27.0,DE,N,Y,105.15,Y
20226252,2026-08-07T12:15:52.000,MAX,N,O,M,40.0,DE,N,N,120.05,N
20233254,2026-03-09T20:59:28.000,MED,Y,B,M,55.0,DE,N,N,130.35,N
12486,2025-10-28T00:27:56.000,MIN,Y,O,M,59.0,DE,N,N,155.30,N
20250530,2026-05-12T11:36:00.000,MIN,Y,O,M,37.0,DE,N,N,120.14,Y
20223036,2025-10-29T12:37:21.000,MED,N,B,M,30.0,DE,N,N,110-125.25,Y
20025258,2026-08-21T01:29:36.000,MED,Y,B,M,36.0,DE,N,Y,215.50,N
20059277,2026-03-17T20:28:50.000,MED,Y,B,M,69.0,DE,N,N,130.35,N
10968,2026-03-16T20:50:32.000,MIN,N,B,M,44.0,DE,N,N,220.16,N
156910,2022-12-22T15:43:11.000,MED,Y,B,M,37.0,DE,N,N,125.25,Y
20245864,2025-09-07T20:35:52.000,MIN,N,B,M,62.0,DE,N,N,121.12,N
20182659,2026-08-25T12:10:00.000,MIN,Y,B,M,51.0,DE,N,N,120.14,N
20172266,2026-06-25T11:54:00.000,MAX,Y,B,M,36.0,DE,N,N,120.05,Y
148229,2026-05-30T20:18:01.000,MED,N,B,M,38.0,DE,N,N,130.35,N
114059,2026-02-26T19:38:21.000,MAX,Y,B,M,36.0,DE,N,N,110-125.25,Y
20248262,2026-01-13T13:09:20.000,MIN,Y,B,M,24.0,CS,N,N,,N
2701,2025-07-02T16:27:37.000,MAX,Y,B,M,38.0,DE,N,Y,120.05,Y
8716,2026-05-12T13:36:31.000,MIN,N,B,M,61.0,DE,N,N,140.20,N
20244113,2026-06-09T12:21:21.000,MAX,Y,W,F,37.0,CS,N,N,160.10,Y
143454,2026-02-15T00:48:47.000,MED,Y,O,M,60.0,DE,N,N,130.96,N
20245392,2026-08-29T20:57:04.000,MAX,N,B,M,32.0,DE,N,Y,160.05,N
20250850,2026-05-27T21:09:08.000,MED,Y,O,M,64.0,DE,N,N,130.35,N
20251609,2026-07-05T13:16:05.000,MED,N,B,M,19.0,DE,N,Y,110-125.25,N
20230916,2024-04-21T20:22:41.000,MED,Y,B,M,39.0,DE,N,N,110-125.25,Y
7859,2026-07-29T01:08:03.000,MIN,Y,W,M,54.0,DE,N,N,155.35,N
20248832,2026-02-14T13:04:54.000,MIN,N,B,M,33.0,DE,N,N,110-125.25,N
169888,2025-01-03T20:57:28.000,MIN,N,O,M,36.0,DE,N,N,265.03,N
20233316,2024-08-16T19:12:17.000,MIN,Y,B,M,66.0,DE,N,N,110-125.25,N
20073704,2026-03-16T13:23:17.000,MAX,Y,O,F,31.0,DE,N,N,110-160.05,Y
20073274,2026-05-18T20:51:00.000,MAX,Y,O,M,38.0,DE,N,N,125.25,Y
20079361,2025-07-03T18:53:23.000,MAX,Y,B,M,31.0,DE,N,Y,125.25,Y
20173155,2026-02-02T12:59:55.000,MED,Y,B,M,34.0,DE,N,N,130.65,N
20028195,2026-07-16T11:09:04.000,MIN,Y,O,M,45.0,DE,N,N,160.10,N
20121579,2026-05-11T14:15:44.000,MAX,Y,B,M,29.0,DE,N,N,160.15,N
20054432,2026-02-07T00:33:02.000,MED,Y,B,M,33.0,DE,N,N,130.35,Y
20238751,2026-08-27T11:41:12.000,MED,N,U,M,41.0,DE,N,N,VOP,N
95328,2026-08-22T17:15:39.000,MED,N,B,M,46.0,DE,N,N,220.39,N
20168225,2026-02-27T12:04:14.000,MAX,N,A,M,26.0,DE,N,N,110-125.25,N
20227093,2023-09-22T13:08:30.000,MED,N,O,M,24.0,DE,N,N,125.27,Y
20227944,2026-06-26T21:01:51.000,MAX,N,B,M,22.0,DE,N,N,160.15,N
20230521,2026-05-18T16:04:32.000,MED,N,W,M,32.0,DE,N,N,120.00,N
20246425,2025-10-04T00:12:00.000,MED,N,O,M,44.0,DE,N,N,110-130.35,N
20181660,2026-07-31T01:59:32.000,MIN,Y,B,M,48.0,CS,N,N,220.03,N
20243027,2026-07-06T12:55:18.000,MIN,Y,W,F,32.0,DE,N,N,120.05,N
20252395,2026-08-15T20:10:00.000,MED,Y,O,M,29.0,DE,N,N,120.10,N
20095478,2025-01-31T17:42:27.000,MED,Y,W,M,30.0,DE,N,Y,140.20,Y
20244872,2025-07-22T14:39:01.000,MED,Y,O,M,51.0,DE,N,N,125.25,N
20222520,2026-06-24T20:27:43.000,MAX,Y,W,M,34.0,DE,N,N,120.05,N
20028393,2026-08-21T15:25:18.000,MED,Y,O,M,37.0,DE,N,N,120.10,N
20102361,2026-01-20T16:01:27.000,MIN,N,B,M,30.0,CS,N,Y,220.09,Y
36249,2026-05-27T12:47:20.000,MED,N,B,M,41.0,DE,N,Y,220.43,N
20248248,2026-01-12T01:21:51.000,MED,Y,O,M,19.0,DE,N,N,125.25,Y
20250356,2026-05-04T12:56:36.000,MIN,Y,B,M,36.0,DE,N,N,120.10,N
20229382,2025-07-10T13:10:56.000,MAX,Y,B,M,21.0,DE,N,Y,120.10,Y
20216303,2026-08-12T01:07:15.000,MIN,Y,B,M,50.0,DE,N,N,140.20,N
17968,2026-08-01T15:49:20.000,MIN,Y,O,M,57.0,DE,N,N,220.39,N
10008162,2026-02-15T23:32:18.000,MAX,Y,O,M,38.0,DE,N,Y,125.25,Y
20251933,2026-07-22T14:22:14.000,MED,Y,W,M,45.0,DE,N,N,C-COM,N
20069340,2026-05-06T12:46:35.000,MED,N,B,M,33.0,CS,N,N,,Y
20249607,2026-03-27T17:12:15.000,MED,Y,W,M,27.0,CS,N,N,165.40,Y
20108374,2026-07-21T14:27:16.000,MED,Y,H,M,33.0,DE,N,N,160.15,N
20188581,2025-10-21T15:42:52.000,MAX,Y,B,F,45.0,DE,N,N,125.20,Y
20132506,2026-08-02T21:04:04.000,MIN,Y,O,M,38.0,DE,N,N,215.55,N
162402,2025-12-14T00:17:00.000,MAX,Y,O,M,36.0,CS,N,N,125.25,Y
20244790,2025-07-18T10:48:40.000,MIN,N,O,M,21.0,DE,N,Y,110-125.25,N
20225132,2025-11-19T14:14:54.000,MED,Y,B,M,22.0,DE,N,Y,125.25,Y
20252517,2026-08-21T12:34:00.000,MIN,Y,B,M,49.0,DE,N,N,265.03,N
20247664,2026-05-19T10:13:19.000,MED,Y,B,M,51.0,DE,N,N,155.25,Y
20146286,2024-05-23T00:04:13.000,MAX,Y,B,M,33.0,DEP,N,N,160.15,Y
20252270,2026-08-09T18:50:24.000,MIN,Y,B,M,50.0,DE,N,N,FOA 900.00,N
20187609,2026-05-21T10:58:00.000,MED,Y,B,M,25.0,DE,N,N,120.05,Y
20227825,2026-05-15T16:40:36.000,MIN,N,B,M,32.0,CS,N,Y,120.05,N
20247254,2025-11-14T19:48:26.000,MED,Y,B,M,21.0,DE,N,Y,265.03,Y
11312,2026-08-04T12:54:41.000,MED,Y,O,M,56.0,DEP,N,N,155.25,N
20248105,2026-08-24T20:34:31.000,MIN,N,O,M,20.0,DE,N,N,165.40,N
20220165,2026-07-26T13:19:08.000,MIN,Y,A,M,58.0,DE,N,N,215.50,N
19180,2025-08-07T15:57:45.000,MAX,Y,O,M,49.0,DE,N,N,215.51,N
20252249,2026-08-08T20:31:50.000,MIN,N,B,M,25.0,DE,N,N,265.03,N
20207959,2026-08-14T10:54:25.000,MIN,Y,B,M,49.0,CS,N,N,,N
91943,2026-06-21T17:00:53.000,MAX,Y,B,M,41.0,DE,N,N,160.10,Y
20231509,2024-05-22T12:23:51.000,MED,Y,O,M,29.0,DE,N,N,105.10,Y
20252311,2026-08-11T16:19:32.000,MED,N,O,M,66.0,DE,N,N,130.75,N
20188343,2026-02-28T17:10:00.000,MED,Y,B,F,29.0,DE,N,N,110-160.05,Y
20154652,2026-06-13T16:05:00.000,MAX,N,B,M,30.0,DE,N,Y,265.03,Y
20090780,2025-07-31T00:28:57.000,MED,N,O,F,36.0,DE,N,N,220.43,N
20252510,2026-08-21T01:12:00.000,MIN,Y,B,M,57.0,DE,N,N,120.05,N
20229418,2025-11-26T11:06:19.000,MAX,Y,B,M,26.0,DE,N,N,140.30,Y
20238300,2026-07-31T15:37:01.000,MIN,N,B,M,29.0,DE,N,N,120.10,N
20198500,2024-08-02T23:49:07.000,MED,Y,B,M,24.0,DE,N,N,110-125.27,Y
20243939,2026-07-08T14:46:44.000,MED,Y,O,M,39.0,DE,N,N,120.05,Y
26323,2026-08-09T20:33:24.000,MED,N,B,M,59.0,DE,N,N,155.30,N
20251885,2026-07-19T10:29:07.000,MIN,Y,B,M,38.0,DE,N,N,140.20,Y
20245798,2025-09-04T13:03:07.000,MAX,Y,B,M,47.0,DE,N,N,110-125.25,Y
20243231,2026-01-14T01:54:26.000,MED,Y,B,M,54.0,DE,N,N,160.15,N
20092268,2024-09-08T01:09:41.000,MAX,Y,B,M,30.0,DE,N,Y,160.15,Y
20241593,2025-02-12T17:09:21.000,MIN,Y,B,M,20.0,DE,N,Y,265.03,Y
20175239,2025-05-09T11:54:06.000,MAX,Y,O,M,28.0,SSR,N,Y,,Y
20158668,2026-04-12T16:31:50.000,MIN,Y,O,M,54.0,SSR,N,N,,N
20187899,2025-02-27T23:29:00.000,MAX,Y,B,M,25.0,DE,N,Y,160.15,Y
20217422,2026-07-09T12:01:04.000,MED,N,O,M,48.0,DE,N,N,155.35,N
20201363,2026-04-15T00:35:20.000,MIN,N,B,M,36.0,DE,N,N,120.05,N
20244366,2025-06-27T17:00:57.000,MED,Y,O,M,29.0,DE,N,N,125.25,N
20244770,2025-07-17T12:39:57.000,MED,Y,O,M,27.0,DE,N,N,125.25,N
20215065,2026-06-29T22:48:28.000,MAX,Y,B,F,27.0,DE,N,N,120.10,N
20003917,2026-03-13T19:36:00.000,MAX,Y,B,M,33.0,DE,N,N,110-135.20,Y
20221963,2026-06-24T00:22:42.000,MIN,N,O,M,31.0,DE,N,N,215.52,N
5723,2026-08-09T22:33:24.000,MED,N,B,M,39.0,DE,N,N,140.20,N
20242888,2025-07-09T19:30:07.000,MAX,Y,B,M,19.0,DE,N,Y,160.15,Y
20247230,2026-07-14T11:24:37.000,MED,Y,B,F,36.0,CS,N,N,,Y
20003285,2026-08-22T12:49:00.000,MED,Y,B,M,43.0,DE,N,Y,155.35,N
20095412,2024-08-18T21:06:38.000,MED,Y,B,M,49.0,SSR,N,N,135.20,N
20251193,2026-06-12T18:18:28.000,MIN,N,W,M,26.0,DE,N,N,220.21,N
20226042,2023-07-26T13:47:28.000,MED,N,B,M,46.0,DE,N,N,125.25,Y
20248956,2026-02-22T01:26:07.000,MED,Y,O,M,38.0,DE,N,N,130.25,N
20248593,2026-01-31T00:34:14.000,MAX,N,B,M,19.0,DE,N,Y,160.15,Y
20245119,2025-08-03T22:46:00.000,MED,Y,W,M,69.0,DE,N,N,125.25,N
20249805,2026-04-08T13:00:19.000,MAX,Y,B,M,23.0,DE,N,Y,120.10,Y
20251865,2026-07-18T00:16:22.000,MIN,Y,B,F,30.0,DE,N,N,140.20,N
10009771,2026-06-13T14:29:06.000,MED,Y,O,M,41.0,DEP,N,N,220.16,N
20163962,2026-02-02T23:01:00.000,MIN,Y,B,F,44.0,DE,N,N,160.10,N
20044978,2026-06-03T11:31:37.000,MIN,N,B,M,33.0,CS,N,N,,N
20240708,2024-12-24T16:01:00.000,MED,N,B,M,47.0,DE,N,N,125.25,N
20252638,2026-08-28T16:04:38.000,MED,N,B,M,18.0,DE,N,N,105.15,N
20044946,2026-08-28T12:47:00.000,MIN,N,B,F,55.0,DE,N,N,140.20,N
20230261,2026-08-24T13:21:28.000,MED,Y,B,M,32.0,DE,N,N,125.25,N
20232804,2025-08-11T11:10:00.000,MAX,N,B,M,24.0,DE,N,Y,110-125.25,Y
20240878,2025-01-05T15:32:41.000,MED,Y,W,M,63.0,DE,N,N,125.25,N
20250473,2026-05-09T11:32:30.000,MIN,N,B,M,63.0,DE,N,N,120.05,Y
20124171,2025-05-20T13:21:41.000,MAX,N,B,M,29.0,DE,N,Y,125.25,Y
20231691,2024-05-31T01:08:00.000,MAX,Y,B,M,24.0,DE,N,Y,125.25,Y
20252657,2026-08-29T20:24:31.000,MIN,N,O,M,44.0,DE,N,N,121.12,N
20142129,2026-07-14T20:04:00.000,MED,Y,W,M,34.0,DE,N,N,140.20,N
20232770,2026-03-16T12:59:08.000,MIN,Y,B,M,49.0,DE,N,N,160.05,N
20251723,2026-07-11T13:26:39.000,MIN,Y,B,F,32.0,DE,N,N,120.05,N
20079769,2024-11-06T20:51:16.000,MIN,N,O,M,47.0,DE,N,N,220.16,Y
126565,2026-05-14T01:22:52.000,MIN,N,O,M,54.0,CS,N,N,,N
20164821,2026-02-22T00:44:22.000,MIN,N,O,M,30.0,DE,N,Y,265.03,N
20233052,2025-08-24T01:27:26.000,MAX,Y,O,M,32.0,DE,N,N,140.25,Y
20244238,2026-07-06T11:10:00.000,MIN,N,W,M,37.0,DE,N,N,140.25,N
20221634,2026-08-15T12:03:32.000,MED,N,O,M,23.0,DE,N,N,145.00,N
855,2026-08-12T16:09:03.000,MAX,N,B,M,38.0,DE,N,Y,230.34,Y
10013541,2025-10-31T00:24:26.000,MIN,Y,B,M,54.0,DE,N,N,220.16,N
20240946,2026-08-24T16:33:32.000,MIN,Y,O,M,24.0,DNS,N,N,110-265.03,N
99246,2026-07-13T16:05:00.000,MED,Y,B,M,40.0,DE,N,N,140.30,N
20248943,2026-02-21T15:53:35.000,MED,Y,B,M,29.0,DE,N,N,120.05,Y
20201204,2025-02-09T22:53:00.000,MED,Y,B,M,42.0,DE,N,N,110-125.25,Y
20100058,2023-04-25T12:21:00.000,MED,Y,W,M,48.0,DE,N,N,125.25,Y
20150212,2025-09-29T16:06:17.000,MAX,N,B,M,29.0,DE,N,Y,160.10,Y
73421,2026-07-29T12:06:38.000,MED,Y,B,M,48.0,CS,N,N,120.14,N
20250512,2026-05-11T12:04:14.000,MIN,N,W,M,64.0,DE,N,N,110-140.30,N
20099816,2026-05-11T11:46:30.000,MED,Y,B,M,44.0,DE,N,N,130.35,N
20242832,2025-04-17T01:08:53.000,MED,N,O,M,23.0,DE,N,N,130.96,Y
20009388,2026-01-06T19:13:33.000,MAX,Y,W,M,38.0,DE,N,N,120.05,Y
20006229,2026-02-18T01:15:54.000,MIN,N,B,M,49.0,DE,N,N,265.03,N
20228208,2025-03-06T20:11:00.000,MED,Y,O,F,30.0,SSR,N,N,110-120.10,Y
20215865,2026-06-17T16:38:19.000,MIN,N,B,M,25.0,CS,N,N,,N
20232857,2026-08-28T19:12:00.000,MIN,N,W,F,35.0,DE,N,N,155.35,N
20241780,2026-07-01T00:37:29.000,MIN,Y,O,F,39.0,DE,N,N,160.10,N
10008438,2025-04-12T19:31:00.000,MAX,Y,B,M,34.0,DE,N,N,150.15,Y
20244612,2025-07-10T12:27:55.000,MED,Y,B,F,27.0,DE,N,N,0,Y
38176,2026-08-29T21:05:54.000,MED,N,O,M,56.0,DE,N,N,140.20,N
20249069,2026-04-24T10:24:57.000,MED,N,A,M,24.0,DE,N,N,130.95,N
20250380,2026-05-05T16:45:56.000,MED,Y,B,M,18.0,DE,N,N,160.15,Y
20243906,2025-06-05T11:19:14.000,MIN,Y,W,M,49.0,DE,N,N,140.30,N
20051489,2025-08-13T12:11:30.000,MIN,Y,B,M,56.0,DE,N,N,265.03,N
20244176,2026-06-05T20:29:26.000,MIN,Y,W,M,40.0,DE,N,N,140.20,N
75100,2026-01-02T17:03:07.000,MIN,Y,B,M,41.0,DE,N,N,110-125.25,N
20241758,2026-08-21T16:08:00.000,MIN,Y,B,M,38.0,DE,N,N,140.20,N
52843,2026-05-03T01:45:53.000,MED,Y,B,M,44.0,DE,N,N,110-120.10,N
20244914,2026-04-25T11:55:32.000,MIN,Y,O,M,36.0,DE,N,N,120.08,N
20037103,2026-07-15T14:53:24.000,MIN,Y,B,F,62.0,DE,N,N,160.15,N
105818,2025-11-03T17:31:15.000,MAX,N,B,M,36.0,DE,N,N,215.52,Y
20057898,2025-05-13T23:33:03.000,MAX,Y,O,M,36.0,DE,N,N,265.03,Y
20009372,2026-08-21T21:30:42.000,MIN,Y,B,M,29.0,DE,N,N,120.14,N
20252245,2026-08-08T17:10:12.000,MED,N,O,M,22.0,DE,N,N,125.25,N
20251377,2026-06-23T16:06:32.000,MED,N,O,M,28.0,DE,N,N,265.02,N
153999,2026-04-26T00:42:55.000,MIN,Y,B,M,57.0,DE,N,N,140.25,N
20008864,2026-03-01T14:50:22.000,MED,Y,O,M,46.0,DE,N,N,125.25,Y
20244419,2025-07-01T18:28:46.000,MED,Y,B,M,41.0,DE,N,N,125.25,N
20252546,2026-08-23T00:55:51.000,MIN,Y,O,M,32.0,DE,N,N,140.20,N
20209073,2026-07-21T12:20:10.000,MAX,N,B,M,29.0,DE,N,N,110-125.25,Y
71228,2026-03-28T20:09:50.000,MIN,Y,W,M,62.0,CS,N,N,,N
20064924,2025-11-19T20:14:42.000,MED,Y,O,M,33.0,DE,N,Y,265.03,Y
72061,2026-08-30T01:38:12.000,MIN,N,B,M,62.0,DE,N,N,155.25,N
20179948,2026-06-09T16:32:01.000,MAX,Y,B,M,31.0,DEP,N,N,140.20,Y
36010,2026-04-15T13:22:15.000,MED,N,B,M,39.0,CS,N,N,,Y
20249343,2026-03-13T20:35:19.000,MIN,N,B,M,40.0,DE,N,N,230.34,N
151502,2026-05-09T15:21:06.000,MIN,N,B,M,42.0,DE,N,N,110-125.25,N
20251908,2026-07-20T17:07:00.000,MIN,Y,B,M,44.0,DE,N,N,120.05,N
20250436,2026-05-07T19:49:42.000,MED,N,O,M,24.0,DE,N,N,125.25,Y
163496,2025-05-08T21:14:16.000,MED,N,W,F,40.0,DE,N,N,140.25,N
20196992,2025-02-27T11:58:00.000,MED,N,B,M,38.0,DE,N,N,125.20,Y
20252360,2026-08-13T16:26:20.000,MIN,Y,B,F,36.0,DE,N,N,120.05,N
20064992,2025-07-19T16:20:40.000,MAX,Y,O,M,34.0,DEP,N,N,120.05,Y
20175593,2025-12-13T12:26:53.000,MIN,Y,B,M,54.0,DEP,N,N,140.20,Y
56643,2026-03-16T12:01:07.000,MIN,Y,O,M,39.0,CS,N,N,,N
20247466,2025-11-25T13:05:47.000,MED,Y,O,M,24.0,DE,N,N,110-125.25,Y
19581,2026-02-16T17:36:55.000,MED,N,B,M,38.0,CS,N,N,155.25,Y
20249606,2026-03-27T16:53:54.000,MED,Y,A,M,18.0,DE,N,Y,125.25,Y
66984,2026-08-22T20:18:00.000,MAX,N,B,M,41.0,DE,N,Y,110-140.25,N
20225548,2025-10-30T16:41:33.000,MIN,N,A,M,41.0,CS,N,N,215.55,N
20074554,2024-09-28T19:08:55.000,MED,Y,B,M,61.0,DEP,N,N,160.15,Y
20231563,2024-05-24T21:13:44.000,MAX,Y,B,M,35.0,DE,N,N,125.25,Y
20119506,2025-02-21T16:07:51.000,MAX,Y,O,M,33.0,DEP,N,Y,265.03,Y
146056,2026-08-09T17:46:56.000,MED,N,O,M,36.0,DE,N,N,215.50,N
111307,2025-11-10T01:05:21.000,MED,Y,B,M,36.0,DE,N,Y,110-125.27,Y
20010931,2025-05-26T11:56:16.000,MED,N,O,M,35.0,DE,N,N,130.30,Y
30115,2026-08-14T12:56:26.000,MAX,Y,O,M,39.0,DE,N,Y,125.25,N
20118361,2026-08-15T19:48:41.000,MIN,Y,O,M,32.0,DE,N,N,160.10,N
20252379,2026-08-14T13:22:28.000,MIN,Y,B,M,37.0,DE,N,N,140.25,N
20247652,2025-12-06T00:59:00.000,MED,Y,B,F,24.0,DE,N,Y,220.16,Y
28991,2026-04-08T11:51:55.000,MAX,Y,B,M,37.0,DE,N,Y,240.75,Y
20214727,2026-07-06T11:59:05.000,MED,N,O,M,29.0,CS,N,N,165.40,N
20251894,2026-07-19T20:47:56.000,MED,Y,B,F,19.0,DE,N,N,120.05,N
20181827,2024-11-15T16:29:41.000,MED,Y,B,M,26.0,DE,N,Y,125.25,Y
11064,2026-08-30T01:09:14.000,MIN,N,B,M,65.0,DEP,N,N,120.14,N
20220839,2022-09-23T14:48:00.000,MAX,Y,B,F,48.0,DE,N,N,125.25,Y
20252521,2026-08-21T15:10:35.000,MIN,N,W,F,27.0,DE,N,N,220.18,N
20232596,2025-10-24T15:09:00.000,MED,Y,B,M,22.0,DE,N,Y,125.25,Y
20244724,2026-08-02T16:57:24.000,MAX,Y,O,M,20.0,DE,N,Y,160.15,N
20251905,2026-07-20T15:17:00.000,MIN,N,O,M,41.0,CS,N,N,,N
20193690,2025-10-21T17:41:51.000,MAX,Y,B,M,31.0,DE,N,N,130.35,Y
20024669,2025-09-20T01:10:43.000,MAX,N,O,M,40.0,DE,N,Y,120.05,Y
20252642,2026-08-28T17:44:30.000,MIN,N,W,F,31.0,DE,N,N,215.56,N
12240,2025-07-24T13:20:40.000,MIN,Y,O,M,52.0,DE,N,N,140.20,N
20248239,2026-01-11T16:14:43.000,MED,Y,B,M,32.0,DE,N,N,125.25,Y
14002,2026-07-31T00:54:46.000,MED,Y,O,M,47.0,CS,N,N,,N
20214976,2026-05-28T19:12:06.000,MAX,Y,B,M,25.0,DE,N,N,125.25,Y
20232063,2025-08-20T17:10:22.000,MAX,N,O,M,24.0,DE,N,N,120.10,Y
20136605,2025-12-02T15:52:33.000,MAX,Y,B,M,46.0,DE,N,N,140.30,Y
20245336,2025-09-23T14:41:00.000,MED,Y,O,M,25.0,DE,N,N,130.35,Y
20252532,2026-08-21T21:23:20.000,MED,Y,B,M,46.0,DE,N,N,FOA 900.00,N
20111136,2025-08-01T22:27:00.000,MED,Y,B,M,29.0,CS,N,Y,,Y
20247593,2025-12-03T16:46:46.000,MED,Y,B,M,40.0,DE,N,N,130.25,N
20249422,2026-03-18T13:11:00.000,MED,N,B,M,26.0,DE,N,N,125.25,Y
100247,2026-06-25T12:40:04.000,MAX,N,O,M,36.0,SSR,N,N,220.16,Y
20138192,2025-08-13T18:47:36.000,MAX,Y,B,M,28.0,DE,N,Y,460.20,Y
20222198,2023-01-01T16:22:02.000,MAX,Y,O,M,24.0,DE,N,Y,125.25,Y
20040488,2026-08-10T10:36:31.000,MED,N,B,M,43.0,DE,N,N,121.12,N
20250748,2026-05-21T15:55:55.000,MED,N,O,M,22.0,DE,N,Y,105.17,Y
20252660,2026-08-30T01:46:00.000,MED,N,W,F,37.0,DE,N,N,FOA 900.00,N
20213538,2026-07-03T17:11:13.000,MAX,Y,B,M,25.0,DE,N,N,160.15,N
20208663,2022-02-16T13:04:56.000,MAX,Y,B,M,24.0,DE,N,Y,125.25,Y
20249064,2026-02-28T12:49:16.000,MED,Y,B,M,30.0,DE,N,N,110-125.25,Y
20127913,2026-05-25T15:29:00.000,MAX,Y,B,M,32.0,DE,N,Y,110-125.25,N
20194258,2026-02-17T16:24:53.000,MAX,Y,B,M,24.0,CS,N,N,160.05,Y
20181813,2026-07-01T12:48:28.000,MED,Y,W,F,45.0,DE,N,N,140.20,N
6199,2025-08-28T11:00:13.000,MAX,N,B,M,43.0,DE,N,Y,160.15,Y
20244169,2025-06-18T15:36:08.000,MED,N,B,F,30.0,DE,N,N,125.25,Y
7962,2026-08-17T05:13:29.000,MIN,N,B,M,53.0,CS,N,N,155.25,N
20251818,2026-07-16T12:33:22.000,MIN,Y,B,M,43.0,DE,N,N,130.52,N
20250939,2026-06-25T13:50:55.000,MIN,Y,B,M,20.0,DE,N,Y,265.03,N
20232766,2026-07-08T20:17:52.000,MED,N,O,M,22.0,CS,N,N,,N
20247190,2025-11-12T12:37:27.000,MED,Y,B,M,42.0,DE,N,N,125.25,Y
20176291,2025-12-28T17:30:47.000,MED,Y,B,M,61.0,DE,N,N,140.25,N
20224701,2026-08-07T15:07:24.000,MIN,N,O,M,37.0,DE,N,N,265.03,N
4005,2026-08-09T20:33:00.000,MED,N,O,M,58.0,CS,N,N,165.45,N
20007716,2026-03-23T23:33:00.000,MAX,Y,W,M,34.0,DEP,N,N,140.25,Y
20249844,2026-04-09T16:51:09.000,MED,N,B,M,23.0,DE,N,Y,105.17,Y
20251629,2026-07-06T12:19:07.000,MIN,Y,O,M,35.0,CS,N,N,FOA 900.00,N
20246699,2025-10-17T15:11:23.000,MIN,Y,B,M,20.0,DE,N,Y,110-125.25,Y
20243932,2026-06-10T15:06:51.000,MED,N,O,M,47.0,DE,N,N,265.03,Y
20251932,2026-07-22T12:11:41.000,MED,Y,O,M,20.0,DE,N,N,1192(3),N
155291,2026-08-26T13:01:33.000,MED,Y,A,M,35.0,DE,N,N,150.15,N
20224391,2024-03-17T00:52:08.000,MAX,Y,B,M,21.0,DE,N,Y,130.95,Y
20232742,2026-01-23T11:52:19.000,MAX,N,O,M,24.0,DE,N,Y,160.15,Y
20250948,2026-05-31T23:38:13.000,MED,Y,B,M,32.0,DE,N,N,220.16,Y
158478,2025-11-19T16:07:48.000,MED,Y,O,M,48.0,DE,N,N,110-130.35,Y
20005247,2022-03-13T01:01:40.000,MAX,Y,A,M,35.0,DE,N,Y,125.25,Y
20213498,2024-02-27T20:42:35.000,MAX,Y,O,M,26.0,DE,N,N,125.25,Y
20221114,2022-10-11T17:22:04.000,MED,Y,B,F,46.0,DE,N,N,125.25,Y
71604,2022-09-02T17:34:00.000,MED,N,B,M,38.0,DE,N,N,125.25,Y
20251695,2026-07-10T00:29:42.000,MED,N,O,M,19.0,DE,N,Y,160.15,Y
121124,2026-08-30T01:51:00.000,MIN,N,B,M,51.0,DE,N,N,155.25,N
20247805,2025-12-14T15:54:21.000,MIN,N,B,M,19.0,DE,N,Y,160.15,Y
12095,2026-07-13T20:39:20.000,MIN,N,B,M,56.0,DE,N,N,155.30,N
20243248,2026-08-12T12:05:33.000,MED,N,W,M,44.0,DE,N,N,155.40,N
20252519,2026-08-21T15:01:52.000,MIN,Y,O,M,45.0,DE,N,N,120.05,N
20242666,2025-11-05T01:32:35.000,MED,N,O,F,33.0,DE,N,N,130.35,N
20249629,2026-03-29T16:11:04.000,MIN,Y,O,M,46.0,DE,N,N,140.25,N
20250758,2026-07-02T14:56:00.000,MIN,Y,O,M,22.0,DE,N,N,120.05,N
20021351,2025-07-21T20:46:16.000,MAX,Y,B,M,34.0,DE,N,Y,265.03,Y
20191972,2026-05-25T13:13:00.000,MAX,Y,O,F,40.0,DEP,N,N,220.03,N
20245985,2025-09-12T16:54:14.000,MED,Y,B,M,44.0,DE,N,N,130.35,Y
20008026,2026-07-31T20:32:29.000,MAX,N,B,M,34.0,DEP,N,Y,120.05,N
20206073,2026-03-27T16:40:21.000,MAX,Y,B,M,24.0,DE,N,Y,110-120.10,Y
20206218,2026-08-28T21:54:24.000,MAX,N,B,F,30.0,DEP,N,N,VOP,N
20249601,2026-03-27T12:57:45.000,MED,Y,B,M,19.0,DE,N,Y,125.25,Y
20193838,2026-07-01T01:27:00.000,MAX,Y,O,M,32.0,DE,N,N,140.25,Y
20213250,2021-03-04T13:49:00.000,MED,Y,B,M,39.0,DE,N,N,125.25,Y
20240855,2025-01-03T19:56:00.000,MED,N,B,M,26.0,DE,N,N,125.25,N
20047723,2026-07-14T11:07:18.000,MIN,Y,O,M,55.0,DE,N,N,120.05,N
20252061,2026-07-30T12:39:57.000,MED,N,O,M,23.0,DE,N,N,110-125.25,N
20252514,2026-08-21T12:36:00.000,MIN,N,,,37.0,DE,N,N,120.10,N
20244802,2025-07-18T21:11:31.000,MED,Y,O,M,56.0,DE,N,N,125.25,N
20247930,2025-12-22T01:04:21.000,MIN,N,O,M,55.0,CS,N,N,,N
20192073,2026-03-26T16:08:53.000,MAX,Y,B,M,25.0,DE,N,Y,120.05,Y
20239043,2024-09-30T17:50:00.000,MED,Y,B,M,41.0,SSR,N,N,,Y
20019335,2026-07-23T23:36:37.000,MED,Y,O,M,35.0,DE,N,N,220.21,N
20231916,2024-06-11T17:48:11.000,MAX,N,B,M,23.0,SSR,N,N,,Y
20248165,2026-01-08T12:24:57.000,MIN,N,B,M,42.0,CS,N,N,265.01B,N
20248195,2026-01-09T16:03:00.000,MIN,N,A,M,38.0,DE,N,N,140.25,N
20045509,2026-03-15T11:19:00.000,MAX,Y,B,M,33.0,DE,N,Y,155.35,Y
20249233,2026-03-09T11:49:40.000,MIN,Y,O,M,30.0,DE,N,N,110-160.15,N
20232452,2025-10-05T12:47:34.000,MIN,Y,B,M,39.0,CS,N,N,,N
20244145,2025-06-17T17:18:18.000,MIN,N,B,M,19.0,DE,N,N,105.15,Y
20207936,2026-08-10T20:55:28.000,MIN,N,B,M,36.0,CS,N,N,,N
20025355,2025-05-09T17:16:23.000,MIN,N,O,M,48.0,DE,N,N,220.43,N
20252082,2026-07-31T01:04:00.000,MED,N,B,M,34.0,DE,N,N,130.30,N
20251704,2026-07-10T16:06:45.000,MED,Y,B,M,34.0,DE,N,N,130.65,Y
20197020,2026-06-27T11:09:54.000,MED,Y,B,M,33.0,DE,N,N,140.25,Y
20245188,2025-08-07T01:23:00.000,MED,Y,B,M,21.0,DE,N,N,265.03,Y
20155660,2026-08-23T23:55:00.000,MIN,N,B,M,43.0,DE,N,N,265.03,N
62322,2025-09-14T01:37:21.000,MED,N,B,M,58.0,DE,N,N,130.53,N
20230917,2026-04-30T18:57:00.000,MIN,Y,W,F,42.0,DE,N,N,140.25,N
20089740,2025-10-31T12:47:23.000,MED,Y,A,M,31.0,DEP,N,Y,120.05,Y
13028,2026-08-05T21:03:43.000,MIN,Y,B,M,61.0,DE,N,N,160.05,N
21072,2025-04-30T16:47:27.000,MED,Y,B,M,39.0,SSR,N,Y,,N
20244515,2026-06-17T21:02:35.000,MIN,Y,O,M,33.0,CS,N,N,155.25,N
20227399,2023-10-10T20:35:31.000,MED,N,O,M,47.0,DE,N,N,125.25,N
20250910,2026-05-29T18:09:58.000,MED,Y,B,M,22.0,DE,N,N,120.05,Y
20189590,2025-09-11T22:53:00.000,MAX,Y,B,M,29.0,DE,N,Y,265.03,Y
20203561,2026-07-31T16:22:41.000,MED,Y,B,M,36.0,DE,N,N,215.11,N
20231603,2025-07-11T12:50:00.000,MAX,Y,O,M,27.0,DE,N,N,120.10,Y
20172271,2026-07-04T01:48:22.000,MED,Y,O,M,54.0,DEP,N,N,140.20,N
20224670,2023-05-15T16:46:48.000,MED,N,B,M,61.0,DE,N,N,125.25,Y
20248049,2026-06-25T23:02:00.000,MAX,Y,B,F,23.0,DE,N,N,120.10,N
10011163,2026-05-08T20:58:29.000,MIN,Y,B,M,65.0,DE,N,N,165.45,N
20249730,2026-04-04T11:50:49.000,MIN,N,A,M,33.0,DE,N,N,160.15,Y
57854,2026-06-26T16:58:10.000,MIN,N,B,M,51.0,DE,N,N,140.20,N
20252213,2026-08-07T01:32:20.000,MED,N,O,M,27.0,DE,N,N,160.15,N
39504,2026-08-26T19:44:12.000,MAX,N,B,F,59.0,DE,N,N,VOP,N
20252661,2026-08-30T12:04:57.000,MIN,N,B,M,26.0,DE,N,N,215.51,N
20247793,2026-01-27T11:13:39.000,MIN,N,B,M,24.0,CS,N,N,,N
20240608,2026-01-16T12:51:52.000,MIN,N,B,M,28.0,CS,N,N,110-265.03,N
24917,2026-07-31T00:34:41.000,MED,Y,B,M,42.0,DE,N,N,120.05,N
20249776,2026-07-29T22:47:00.000,MED,Y,B,F,24.0,DE,N,N,140.25,N
20039771,2026-02-05T16:57:25.000,MAX,N,O,M,33.0,DE,N,Y,110-120.10,Y
20251791,2026-07-15T13:32:37.000,MIN,Y,O,M,42.0,DE,N,N,220.03,N
20252640,2026-08-28T17:32:11.000,MIN,N,W,M,34.0,DE,N,N,120.00,N
20231770,2024-06-04T19:26:51.000,MED,Y,B,F,67.0,DE,N,N,125.25,Y
20153732,2026-07-16T01:04:25.000,MED,N,O,M,37.0,DE,N,N,130.35,N
4379,2024-08-26T19:55:03.000,MAX,N,B,M,43.0,DE,N,N,125.20,Y
10010650,2025-08-23T21:02:53.000,MED,Y,B,M,40.0,DE,N,Y,120.05,Y
20190027,2026-08-03T16:00:07.000,MIN,N,A,M,41.0,DE,N,N,130.52,N
20179660,2026-05-19T00:41:06.000,MED,Y,B,M,27.0,CS,N,N,,N
20245678,2025-08-29T11:47:40.000,MED,N,O,M,44.0,DE,N,N,130.75,N
20130475,2026-07-20T17:01:15.000,MED,Y,B,M,40.0,DEP,N,N,VOP,N
16427,2026-08-08T16:44:00.000,MED,N,B,M,40.0,DE,N,N,121.12,N
20215143,2023-08-22T17:46:05.000,MAX,N,B,M,26.0,DE,N,Y,125.25,Y
20248900,2026-08-29T17:15:45.000,MED,N,B,F,23.0,DE,N,N,120.10,N
20102122,2026-06-18T20:33:05.000,MAX,N,B,M,32.0,DE,N,Y,215.52,N
20248236,2026-01-11T12:35:29.000,MIN,Y,I,M,20.0,DE,N,N,110-120.10,Y
20252654,2026-08-29T17:29:52.000,MED,N,O,M,43.0,DE,N,N,FOA 900.00,N
20184492,2025-11-06T19:39:00.000,MAX,Y,B,M,32.0,DE,N,N,135.25,N
102574,2026-08-26T16:10:23.000,MIN,N,W,M,49.0,DE,N,N,,N
20244735,2025-07-15T21:38:24.000,MED,Y,B,M,33.0,DE,N,N,140.30,Y
20241975,2025-03-06T16:15:50.000,MED,N,B,M,27.0,DE,N,N,125.25,Y
150073,2021-04-27T20:42:00.000,MED,N,B,M,44.0,DE,N,Y,125.25,Y
20038475,2025-01-10T20:14:40.000,MIN,Y,B,M,63.0,DE,N,N,160.15,Y
20247114,2026-05-10T13:31:20.000,MAX,Y,B,M,20.0,DE,N,Y,140.25,Y
20218929,2026-02-10T11:54:07.000,MIN,Y,B,M,24.0,CS,N,N,160.15,N
20223222,2026-06-14T11:18:00.000,MAX,Y,B,M,25.0,DE,N,N,160.15,Y
20250938,2026-05-31T12:31:08.000,MIN,Y,B,F,28.0,DE,N,N,195.05,Y
20060449,2026-02-21T11:03:45.000,MAX,Y,O,M,43.0,DE,N,Y,130.65,Y
94585,2026-08-28T16:16:59.000,MED,N,B,M,42.0,DEP,N,N,VOP,N
40949,2024-03-17T16:30:00.000,MAX,Y,O,M,46.0,DE,N,Y,160.15,Y
20231003,2025-02-22T12:46:14.000,MAX,N,B,M,21.0,DE,N,Y,160.15,Y
20198748,2026-06-12T16:03:58.000,MED,N,O,M,26.0,DE,N,N,460.20,N
20052880,2026-07-15T21:09:15.000,MED,Y,B,F,37.0,DE,N,N,120.05,Y
20213613,2025-07-16T19:02:00.000,MED,N,B,M,25.0,DE,N,N,125.25,Y
37306,2026-08-23T21:13:33.000,MIN,N,B,M,57.0,DE,N,N,110-120.10,N
2964,2026-06-15T16:19:51.000,MED,Y,O,M,55.0,DE,N,N,140.20,Y
20041166,2026-08-30T17:18:00.000,MIN,N,B,M,39.0,DE,N,N,145.00,N
20231406,2024-05-16T17:05:25.000,MED,Y,O,M,29.0,DE,N,N,125.15,Y
20165242,2026-06-09T11:20:21.000,MAX,Y,O,M,37.0,DE,N,N,155.25,Y
20252220,2026-08-07T12:51:07.000,MIN,N,O,M,34.0,DE,N,N,110-125.25,N
141931,2024-10-31T11:45:24.000,MED,Y,B,M,41.0,DE,N,N,130.53,N
20219741,2026-06-02T01:14:15.000,MED,Y,B,M,23.0,DE,N,Y,160.10,Y
22826,2026-08-21T12:36:30.000,MIN,Y,B,M,64.0,DE,N,N,155.30,N
20229088,2026-07-19T23:26:00.000,MAX,N,B,M,21.0,DE,N,Y,265.03,N
20243788,2025-10-02T16:48:59.000,MED,N,O,M,20.0,DE,N,Y,105.15,Y
153369,2026-08-23T22:43:00.000,MIN,N,B,M,56.0,DE,N,N,160.10,N
20054732,2025-10-23T21:56:24.000,MED,N,O,M,40.0,DE,N,N,125.25,N
20252033,2026-07-28T16:02:44.000,MED,N,O,M,26.0,DE,N,N,125.27,N
20236844,2026-04-10T13:17:17.000,MED,Y,B,M,37.0,DE,N,N,240.75,N
20249848,2026-04-09T20:25:49.000,MIN,Y,H,M,29.0,DE,N,N,220.21,N
20248327,2026-01-15T20:08:13.000,MIN,Y,W,M,56.0,CS,N,N,265.01,N
20249826,2026-04-08T20:47:36.000,MAX,Y,O,M,27.0,CS,N,N,130.25,Y
20252223,2026-08-07T15:16:06.000,MIN,N,O,M,52.0,DE,N,N,120.10,N
20251888,2026-07-19T17:05:00.000,MIN,Y,O,F,39.0,DE,N,N,155.40,N
19088,2026-05-29T00:08:19.000,MIN,N,B,M,59.0,DE,N,N,110-120.10,N
20158419,2026-08-25T00:48:23.000,MED,N,B,M,53.0,DE,N,N,215.51,N
20109609,2026-06-02T16:31:02.000,MED,N,A,M,43.0,DE,N,N,110-125.25,Y
58151,2026-02-12T15:50:07.000,MED,Y,B,M,42.0,DE,N,Y,140.25,Y
20252578,2026-08-25T11:56:57.000,MIN,N,W,M,26.0,DE,N,N,215.50,N
20064155,2026-07-30T14:39:24.000,MIN,N,B,M,36.0,CS,N,N,145.00,N
20223937,2023-04-05T18:53:09.000,MED,N,O,M,40.0,DE,N,N,125.25,Y
20218577,2026-02-14T00:27:00.000,MIN,Y,O,M,41.0,DE,N,N,220.16,N
2435,2026-04-18T16:18:16.000,MAX,Y,B,M,51.0,DE,N,N,265.02,Y
20138280,2026-08-14T01:23:30.000,MAX,N,B,M,30.0,DE,N,Y,215.51,Y
137092,2026-02-13T17:38:00.000,MED,N,B,M,38.0,DE,N,N,220.16,N
20073692,2026-04-11T13:08:06.000,MIN,Y,A,M,67.0,DE,N,N,110-125.25,Y
161496,2026-08-07T01:05:53.000,MAX,N,B,M,32.0,DE,N,N,130.35,N
20099895,2026-06-03T12:56:09.000,MED,Y,A,M,34.0,DE,N,Y,265.03,N
147154,2026-03-24T00:40:57.000,MIN,Y,W,M,61.0,CSP,N,N,155.25,N
20247870,2026-05-23T19:50:04.000,MIN,Y,B,M,25.0,DE,N,N,120.05,N
101852,2026-06-04T13:00:16.000,MIN,Y,B,M,39.0,DE,N,N,120.05,Y
58513,2026-03-31T12:08:08.000,MAX,Y,B,M,39.0,DE,N,N,120.05,Y
20249038,2026-02-27T11:42:29.000,MED,N,A,M,19.0,DE,N,Y,160.15,Y
20248588,2026-01-30T17:48:52.000,MED,N,B,M,37.0,DE,N,N,130.25,N
20248576,2026-08-03T00:48:10.000,MED,N,O,M,18.0,DE,N,N,110-160.15,N
20250088,2026-04-20T01:33:09.000,MIN,Y,W,M,32.0,DE,N,N,140.25,N
20245913,2025-09-09T23:35:00.000,MED,Y,B,M,32.0,DE,N,N,125.25,Y
20244203,2025-06-20T00:38:19.000,MIN,N,B,M,20.0,DE,N,Y,110-125.25,N
20138568,2026-04-08T02:32:59.000,MAX,N,O,M,29.0,DE,N,N,160.15,N
20240629,2026-05-03T01:18:00.000,MED,N,O,M,27.0,CS,N,N,155.30,Y
20140812,2026-07-16T20:51:45.000,MAX,N,B,M,27.0,DE,N,Y,140.30,Y
20194021,2026-06-15T01:12:25.000,MIN,Y,O,M,59.0,CS,N,N,,N
63529,2026-04-15T01:08:23.000,MIN,Y,B,F,42.0,DE,N,N,160.15,N
20251942,2026-07-22T20:39:14.000,MIN,Y,W,F,32.0,DE,N,N,215.52,Y
20049509,2026-03-27T12:23:30.000,MED,N,W,M,32.0,DE,N,Y,140.25,Y
20227030,2023-09-19T00:08:38.000,MAX,Y,B,M,24.0,DE,N,Y,125.25,Y
138581,2025-08-22T01:46:10.000,MIN,Y,,,57.0,CS,N,N,,Y
119503,2025-10-10T20:51:22.000,MIN,Y,B,M,47.0,DE,N,N,140.25,N
20045558,2026-03-16T01:01:06.000,MED,Y,O,M,38.0,DE,N,N,120.05,N
20222341,2025-11-04T00:58:01.000,MAX,Y,B,M,22.0,DE,N,Y,140.20,Y
20251088,2026-06-08T00:56:38.000,MAX,Y,B,M,24.0,DE,N,N,120.05,Y
20219842,2024-10-01T11:10:39.000,MIN,Y,B,M,33.0,DE,N,N,120.10,N
20208019,2026-05-21T16:48:31.000,MAX,N,B,M,25.0,DE,N,Y,160.15,N
20151669,2026-08-25T21:13:28.000,MED,N,B,M,28.0,DE,N,Y,220.16,N
20242647,2025-04-07T16:48:00.000,MAX,Y,B,M,26.0,DE,N,N,125.25,Y
20252538,2026-08-22T12:27:15.000,MIN,N,O,F,36.0,DE,N,N,FOA 900.00,N
20249272,2026-03-11T14:06:01.000,MED,Y,B,M,20.0,DE,N,N,125.25,N
20249754,2026-04-05T11:47:42.000,MIN,N,W,M,50.0,DE,N,N,265.03,N
10010724,2026-08-06T12:36:11.000,MIN,N,B,M,41.0,DE,N,N,265.03,N
20252591,2026-08-26T00:22:14.000,MED,N,B,M,43.0,DE,N,N,FOA 900.00,N
20006141,2023-08-15T17:38:46.000,MED,Y,B,M,43.0,DE,N,Y,125.25,Y
20206693,2026-05-24T14:04:00.000,MAX,Y,O,M,24.0,DE,N,Y,265.03,N
10224,2026-08-25T23:54:45.000,MED,N,O,M,57.0,DE,N,N,110-130.25,N
20116508,2026-04-18T00:53:56.000,MAX,N,O,M,42.0,DE,N,N,140.25,Y
20245081,2025-08-01T04:15:05.000,MED,Y,O,F,37.0,DE,N,N,125.27,N
61666,2026-04-28T13:59:26.000,MIN,Y,H,M,41.0,DE,N,N,121.12,N
20238739,2026-07-31T22:29:02.000,MED,N,O,M,35.0,DE,N,N,160.15,N
20244604,2025-07-09T23:57:54.000,MIN,N,U,M,39.0,DE,N,N,230.34,N
141333,2026-05-03T22:51:10.000,MAX,Y,B,M,39.0,DE,N,Y,120.10,Y
49372,2026-08-06T12:52:18.000,MAX,Y,B,M,38.0,DE,N,Y,220.16,N
20210194,2025-03-11T18:59:40.000,MED,N,U,M,35.0,DE,N,Y,125.25,Y
20247134,2026-06-19T20:54:28.000,MED,Y,O,M,26.0,CS,N,N,,N
20189876,2026-07-13T18:59:59.000,MED,Y,B,M,28.0,DE,N,N,140.30,N
20065359,2025-03-15T21:14:40.000,MIN,Y,O,M,31.0,DE,N,N,220.39,N
20248433,2026-01-22T11:42:30.000,MIN,Y,O,M,21.0,DE,N,N,265.03,Y
20247833,2026-03-11T12:58:27.000,MAX,N,B,M,19.0,DE,N,Y,125.25,Y
20188645,2026-08-11T11:53:33.000,MED,Y,B,M,35.0,DE,N,N,VTL 1192.2,N
20086825,2026-01-06T13:04:18.000,MED,Y,O,M,71.0,DEP,N,N,140.20,N
20249855,2026-04-09T23:45:16.000,MED,Y,B,M,27.0,DE,N,N,130.95,N
20248776,2026-02-11T23:35:33.000,MED,Y,B,M,19.0,DE,N,Y,110-125.25,Y
20227531,2026-07-22T12:01:23.000,MIN,Y,M,M,35.0,SSR,N,N,,N
20229677,2026-04-03T20:29:04.000,MED,N,O,M,23.0,DE,N,N,160.10,N
20184581,2025-08-09T22:50:00.000,MAX,N,B,M,28.0,DE,N,Y,220.16,Y
20232653,2026-03-29T01:50:25.000,MAX,Y,O,M,55.0,DE,N,N,140.25,N
20123446,2025-07-28T13:16:09.000,MED,Y,I,M,33.0,CS,N,N,AC 000.00,Y
20003674,2026-05-27T16:17:00.000,MAX,Y,B,M,40.0,DE,N,Y,160.10,Y
31489,2026-06-06T00:58:00.000,MIN,N,B,M,56.0,DE,N,N,160.10,N
20178994,2026-01-14T15:44:27.000,MAX,Y,B,F,40.0,DE,N,N,140.25,Y
20241086,2025-01-16T00:51:35.000,MAX,Y,O,M,25.0,DE,N,N,110-125.25,Y
20217848,2026-04-15T14:40:48.000,MED,Y,B,M,30.0,CS,N,N,,N
20220728,2022-09-16T20:38:57.000,MED,Y,B,F,34.0,DE,N,N,125.25,Y
20107156,2024-10-30T18:28:00.000,MAX,N,O,M,31.0,DE,N,Y,265.12,Y
20252409,2026-08-16T17:17:00.000,,N,W,M,79.0,DE,N,N,121.12,N
20217732,2022-10-07T11:59:38.000,MED,Y,O,M,29.0,DE,N,N,125.25,Y
113974,2024-07-13T16:10:03.000,MED,Y,B,M,39.0,DE,N,N,125.25,Y
20069462,2025-07-27T18:44:00.000,MIN,Y,B,M,51.0,DE,N,N,160.15,Y
20226882,2026-06-25T01:12:00.000,MED,Y,B,M,24.0,DE,N,Y,110-125.25,N
20246177,2026-08-25T00:40:10.000,MED,Y,O,M,24.0,DE,N,N,120.05,N
58750,2026-08-25T11:49:52.000,MED,N,O,M,54.0,DE,N,N,140.20,N
20246815,2025-10-23T17:48:33.000,MED,Y,O,M,52.0,DE,N,N,130.75,N
20150167,2026-04-29T20:21:28.000,MAX,N,O,M,27.0,DE,N,N,125.15,Y
148892,2026-02-14T02:01:14.000,MIN,Y,B,M,55.0,CS,N,N,165.40,N
152879,2025-10-13T23:58:44.000,MED,N,W,M,53.0,DE,N,N,160.15,N
20227158,2023-09-26T19:55:00.000,MED,Y,B,M,61.0,DE,N,N,125.25,Y
20228581,2023-12-15T12:32:29.000,MED,Y,B,M,22.0,DE,N,Y,125.25,Y
20229312,2026-05-05T14:28:48.000,MED,Y,O,M,26.0,DE,N,N,120.05,N
20184698,2025-10-24T19:05:23.000,MIN,N,O,M,42.0,DE,N,N,220.21,Y
20239447,2026-04-07T01:12:44.000,MAX,N,O,M,40.0,DE,N,Y,160.15,Y
20171945,2026-04-09T16:38:31.000,MED,N,B,M,31.0,DE,N,N,220.43,N
20204661,2024-10-31T00:46:17.000,MED,Y,B,M,27.0,DE,N,Y,110-125.25,Y
114328,2026-06-19T19:33:00.000,MIN,Y,W,M,43.0,DE,N,N,120.05,N
20015274,2026-05-15T17:26:10.000,MED,Y,H,M,34.0,DE,N,Y,215.52,N
20252227,2026-08-07T19:43:02.000,MIN,N,A,M,35.0,DE,N,N,FOA 900.00,N
20225113,2023-06-08T15:43:01.000,MED,N,B,M,26.0,DE,N,Y,125.27,Y
20225713,2026-07-09T13:14:10.000,MIN,N,B,M,29.0,CS,N,N,,N
20251646,2026-07-07T16:24:39.000,MED,N,B,M,19.0,DE,N,Y,105.15,Y
20249725,2026-05-09T16:08:44.000,MIN,Y,A,M,48.0,DE,N,N,110-120.10,N
20249279,2026-03-11T16:43:21.000,MAX,N,B,M,22.0,DE,N,Y,110-125.25,Y
20167589,2026-05-25T16:25:12.000,MIN,Y,O,M,42.0,CS,N,N,140.20,Y
20250393,2026-05-06T11:50:23.000,MIN,Y,B,M,21.0,DE,N,Y,160.15,Y
18370,2026-03-10T23:48:56.000,MIN,Y,B,M,50.0,CS,N,N,,N
20226845,2026-06-28T01:01:45.000,MIN,Y,B,M,26.0,DEP,N,N,155.35,N
20211192,2020-09-11T17:21:00.000,MED,N,B,M,31.0,DE,N,N,125.25,Y
20025292,2025-06-19T20:14:18.000,MED,Y,O,M,41.0,DE,N,N,220.21,Y
20131138,2025-03-12T18:45:58.000,MAX,Y,B,M,29.0,DE,N,N,125.25,Y
20241924,2025-06-08T19:47:53.000,MAX,Y,O,M,25.0,DE,N,N,140.30,Y
20100972,2025-10-28T10:06:14.000,MIN,Y,B,F,44.0,CS,N,N,,N
20248001,2026-01-28T09:58:44.000,MIN,Y,B,F,45.0,DE,N,N,353-A(1),Y
67937,2025-09-24T15:39:30.000,MAX,N,B,M,36.0,DE,N,Y,125.25,Y
20216781,2026-07-28T16:34:01.000,MIN,Y,A,M,34.0,DE,N,N,FOA 900.00,N
20035337,2026-07-30T12:22:59.000,MED,Y,O,M,49.0,DE,N,N,265.03,N
109588,2026-06-26T01:13:00.000,MIN,N,B,M,60.0,DE,N,N,265.03,N
20123681,2026-08-24T15:55:44.000,MAX,Y,O,F,34.0,CS,N,N,,N
20245799,2025-09-04T15:27:59.000,MED,Y,B,M,39.0,DE,N,N,125.25,Y
20238699,2024-09-14T16:26:04.000,MIN,Y,B,M,45.0,DE,N,N,120.05,Y
20252103,2026-08-01T16:06:40.000,MIN,Y,A,M,54.0,DE,N,N,155.25,N
20106517,2026-02-08T00:40:00.000,MIN,Y,B,M,50.0,DE,N,N,215.50,Y
36364,2024-05-20T19:25:38.000,MAX,Y,B,M,39.0,DEP,N,Y,120.05,Y
20138057,2026-03-06T16:30:07.000,MAX,Y,O,M,30.0,DE,N,Y,110-125.25,Y
56188,2025-05-11T00:50:02.000,MAX,Y,O,M,39.0,DE,N,N,215.51,Y
20248677,2026-02-06T11:51:24.000,MED,N,B,M,20.0,DE,N,Y,160.15,Y
20246147,2026-07-18T18:06:10.000,MAX,Y,B,M,24.0,DE,N,N,160.15,Y
20930,2023-09-28T16:38:00.000,MED,N,B,M,45.0,DE,N,N,265.03,Y
20058373,2025-12-13T00:08:59.000,MIN,N,B,M,72.0,DE,N,N,110-125.25,N
20232744,2026-04-24T00:29:10.000,MIN,N,W,M,33.0,CS,N,N,220.06,N
20248196,2026-07-17T00:41:33.000,MAX,Y,W,M,41.0,DE,N,N,140.20,N
20249351,2026-03-14T11:20:00.000,MIN,Y,W,M,42.0,CS,N,N,,Y
20176582,2026-05-26T16:25:12.000,MAX,N,B,M,30.0,DE,N,Y,125.25,Y
20204413,2024-12-12T15:23:23.000,MED,Y,B,M,24.0,DE,N,Y,110-120.10,Y
10009199,2026-08-12T12:26:55.000,MAX,N,B,M,37.0,DE,N,Y,511(1)(A),N
20248985,2026-02-24T23:05:00.000,MED,Y,O,M,30.0,DE,N,N,160.15,N
20212810,2026-07-23T21:15:33.000,MAX,Y,B,M,49.0,DE,N,N,140.20,N
20156335,2026-06-04T10:49:51.000,MAX,N,B,M,29.0,DE,N,Y,110-120.10,Y
71519,2025-05-25T00:07:00.000,MAX,Y,O,M,39.0,DE,N,N,215.51,Y
20249173,2026-03-06T01:28:38.000,MIN,N,O,M,63.0,DE,N,N,220.21,N
20250258,2026-04-29T18:43:14.000,MAX,N,B,M,26.0,DE,N,N,110-125.25,Y
20249974,2026-04-15T15:18:45.000,MIN,Y,W,M,44.0,DE,N,N,155.42,N
87560,2025-09-23T15:05:03.000,MIN,N,B,M,42.0,DE,N,N,110-125.25,N
20162934,2026-02-03T11:22:48.000,MED,Y,B,M,46.0,DE,N,Y,120.00,Y
20068881,2026-06-25T11:41:58.000,MED,Y,B,M,46.0,DE,N,N,120.10,N
20249298,2026-03-12T12:00:16.000,MED,Y,O,M,75.0,DE,N,N,125.25,N
162282,2022-11-03T17:27:14.000,MAX,N,B,M,36.0,DE,N,N,125.25,Y
115608,2026-01-08T20:03:38.000,MED,Y,B,M,37.0,DE,N,N,110-120.10,Y
20240206,2025-11-17T16:33:56.000,MED,Y,B,M,30.0,DE,N,N,140.20,N
17412,2024-10-16T16:50:22.000,MED,N,O,M,51.0,DE,N,N,125.25,N
134990,2026-01-29T19:16:00.000,MED,Y,B,M,37.0,DE,N,N,120.05,N
20212876,2021-01-31T20:16:42.000,MAX,Y,B,M,34.0,DE,N,N,125.25,Y
20222717,2026-06-06T16:19:07.000,MED,N,O,M,28.0,DE,N,N,110-125.25,N
20072515,2024-04-19T16:58:00.000,MIN,N,B,M,56.0,DE,N,N,220.18,Y
69891,2026-05-09T16:27:05.000,MAX,Y,B,M,37.0,DE,N,N,120.05,Y
20250648,2026-05-16T13:35:55.000,MIN,N,B,F,35.0,CS,N,N,,N
20170143,2026-05-05T14:55:11.000,MED,Y,B,F,33.0,DE,N,N,120.05,N
47711,2026-07-30T11:35:43.000,MAX,Y,B,M,41.0,DE,N,Y,120.10,Y
2032,2025-05-13T00:41:15.000,MAX,Y,B,M,48.0,DE,N,N,120.10,Y
20251114,2026-06-09T15:14:51.000,MIN,Y,W,M,35.0,DE,N,N,265.03,Y
20201058,2026-06-23T15:27:17.000,MED,Y,B,F,47.0,DE,N,N,110-120.10,N
20241174,2026-07-09T12:14:59.000,MIN,Y,B,M,34.0,DE,N,N,140.25,N
20135801,2021-11-20T15:25:00.000,MED,Y,B,M,31.0,DE,N,Y,125.25,Y
20244405,2026-07-28T10:43:31.000,MAX,Y,B,M,32.0,DE,N,N,110-130.35,N
20164525,2026-01-24T13:15:25.000,MAX,Y,B,M,28.0,DE,N,Y,140.20,Y
20222455,2023-01-04T14:51:09.000,MED,Y,O,M,32.0,DE,N,N,125.25,Y
20240456,2024-12-11T03:07:11.000,MED,N,U,M,62.0,DE,N,N,130.96,N
20239796,2026-03-21T00:42:08.000,MED,Y,B,M,22.0,DE,N,N,110-130.35,N
20247783,2025-12-12T23:11:01.000,MED,Y,B,M,20.0,DE,N,Y,160.10,Y
20232160,2024-06-21T19:52:10.000,MAX,Y,B,M,26.0,DE,N,Y,110-125.25,Y
20244096,2025-06-14T12:50:05.000,MAX,Y,B,M,20.0,DE,N,Y,125.25,Y
20239891,2024-11-13T18:29:57.000,MIN,N,B,M,58.0,DE,N,N,265.03,N
20170360,2025-11-21T12:54:12.000,MIN,Y,W,M,38.0,DE,N,N,110-125.25,N
20047880,2026-08-26T15:55:25.000,MAX,Y,B,M,32.0,DE,N,Y,220.39,N
20248132,2026-01-06T16:21:34.000,MED,Y,A,M,53.0,DE,N,N,130.35,N
89695,2026-06-05T12:50:38.000,MIN,N,H,M,47.0,CS,N,N,,N
67782,2025-11-30T19:02:45.000,MED,Y,B,F,56.0,DE,N,N,120.10,N
20212033,2026-02-24T21:46:08.000,MAX,N,W,M,31.0,DE,N,Y,110-125.25,Y
20066102,2026-06-14T16:16:25.000,MED,Y,B,M,33.0,DE,N,Y,265.03,Y
20212184,2026-02-06T01:07:42.000,MIN,Y,W,M,40.0,DE,N,N,,Y
20096930,2026-08-03T20:42:02.000,MIN,N,B,M,33.0,DE,N,N,265.03,N
20125359,2025-06-12T17:24:20.000,MIN,Y,O,M,33.0,CS,N,N,120.00,N
20161545,2025-07-31T20:16:32.000,MED,N,B,M,28.0,DE,N,Y,265.03,Y
20226066,2025-12-15T14:12:59.000,MAX,Y,B,M,35.0,DE,N,Y,125.25,Y
20242092,2026-05-15T10:38:47.000,MED,Y,O,M,39.0,DE,N,N,220.16,N
20227884,2024-11-19T23:19:00.000,MED,Y,B,M,29.0,DE,N,Y,120.05,Y
88315,2025-06-11T19:58:45.000,MED,Y,B,M,39.0,DE,N,N,FOA 900.00,Y
28311,2026-08-01T00:13:34.000,MED,N,B,M,61.0,DE,N,N,110-265.03,N
152919,2024-08-23T23:48:47.000,MED,Y,B,M,37.0,DE,N,Y,125.27,Y
20251084,2026-06-07T20:39:04.000,MED,Y,B,M,24.0,DE,N,Y,265.03,Y
89217,2026-08-24T10:40:26.000,MED,Y,B,M,56.0,DE,N,N,120.05,N
20244291,2025-11-19T16:30:26.000,MAX,N,O,M,19.0,DE,N,Y,105.15,Y
4955,2026-07-29T16:13:12.000,MIN,Y,B,M,51.0,DE,N,N,120.05,N
10000812,2026-07-17T17:40:53.000,MIN,N,B,M,49.0,DE,N,N,265.03,N
20249798,2026-07-10T23:52:00.000,MED,Y,B,M,19.0,DE,N,N,110-125.25,N
20243342,2025-05-10T00:21:00.000,MED,Y,O,M,49.0,DE,N,N,130.65,Y
20233307,2026-08-07T16:07:23.000,MED,N,B,M,27.0,CS,N,N,215.50,N
9908,2026-05-21T19:17:23.000,MIN,Y,O,M,63.0,DE,N,N,160.15,N
20251541,2026-07-02T01:40:43.000,MED,Y,W,F,32.0,CS,N,N,,N
47744,2026-07-14T23:21:09.000,MIN,Y,B,M,46.0,DE,N,N,140.25,N
20246555,2026-04-25T08:14:07.000,MIN,N,A,M,46.0,DE,N,N,155.40,N
20220387,2026-03-09T13:05:43.000,MAX,Y,B,M,38.0,CS,N,N,,Y
70097,2026-07-09T16:10:21.000,MIN,Y,B,M,47.0,CS,N,N,,N
107896,2026-02-21T20:02:10.000,MIN,Y,O,M,59.0,DE,N,N,110-125.25,N
20232895,2025-11-10T11:25:56.000,MIN,Y,O,M,31.0,DE,N,N,120.05,N
20204447,2026-07-08T14:42:10.000,MED,Y,U,M,63.0,DE,N,N,125.25,N
20246426,2025-10-04T01:07:36.000,MED,N,W,M,43.0,DE,N,N,160.10,N
20161427,2026-02-14T12:37:38.000,MAX,Y,B,M,30.0,DE,N,N,110-125.25,Y
88826,2025-10-31T12:26:58.000,MED,Y,B,M,46.0,DE,N,Y,125.25,N
10000772,2026-06-16T17:04:08.000,MED,N,B,M,38.0,DE,N,N,120.05,Y
20247192,2025-11-12T14:37:12.000,MAX,Y,B,M,37.0,DE,N,N,150.15,Y
20252265,2026-08-09T16:22:40.000,MIN,Y,B,M,37.0,DE,N,N,140.15,N
20238415,2025-10-27T15:58:13.000,MAX,Y,A,M,36.0,DE,N,N,150.15,Y
20250711,2026-05-19T15:59:57.000,MED,N,B,M,22.0,DE,N,Y,105.17,N
20219272,2025-08-21T15:57:38.000,MED,N,O,M,24.0,DE,N,N,120.10,Y
20243493,2025-05-16T13:33:11.000,MAX,Y,O,M,27.0,DE,N,N,110-125.25,Y
20025075,2026-05-26T00:34:00.000,MED,Y,B,M,39.0,DEP,N,N,CO,Y
20185912,2025-12-27T16:54:44.000,MED,Y,B,M,46.0,DE,N,N,110-125.25,Y
20132610,2026-07-27T19:00:00.000,MED,N,O,M,30.0,DE,N,Y,265.03,N
20248367,2026-01-18T11:40:00.000,MED,Y,B,M,21.0,DE,N,Y,110-125.25,Y
20245911,2025-09-09T23:34:19.000,MED,N,A,M,33.0,DE,N,N,125.25,N
20079861,2025-01-18T15:55:25.000,MED,Y,B,M,31.0,DE,N,N,125.25,Y
20249696,2026-04-02T15:17:42.000,MED,Y,B,M,37.0,DE,N,N,125.25,N
20250224,2026-04-27T12:37:00.000,MED,Y,B,M,21.0,DE,N,Y,110-125.25,Y
10000941,2026-06-10T13:33:52.000,MED,Y,B,M,63.0,DE,N,N,155.35,N
20022409,2026-05-04T14:44:04.000,MIN,Y,O,M,50.0,DE,N,N,215.51,N
20252141,2026-08-04T16:50:28.000,MED,N,O,M,26.0,DE,N,Y,,N
31613,2026-01-09T20:17:17.000,MED,Y,B,F,37.0,CS,N,Y,220.03,Y
20206589,2025-07-02T21:12:58.000,MAX,Y,B,M,40.0,DE,N,N,110-120.10,N
20217649,2026-06-11T16:27:45.000,MIN,Y,A,M,49.0,CS,N,N,265.02,N
20228582,2023-12-15T13:23:47.000,MED,N,B,M,63.0,DE,N,N,125.25,N
20223597,2023-03-16T18:00:20.000,MED,N,B,M,30.0,DE,N,N,125.25,Y
20244320,2025-06-25T20:56:52.000,MED,N,O,M,30.0,DE,N,N,220.21,Y
20251169,2026-06-11T22:30:49.000,MIN,N,O,M,27.0,DE,N,N,220.21,N
20149073,2026-05-24T20:57:01.000,MAX,Y,O,M,32.0,DE,N,Y,120.05,Y
20008166,2026-01-08T13:58:25.000,MIN,N,B,M,34.0,CS,N,Y,,Y
20147387,2023-10-13T13:52:29.000,MED,Y,O,M,32.0,DE,N,N,125.25,Y
20104149,2025-06-27T15:55:58.000,MED,Y,O,M,30.0,DE,N,N,110-125.25,Y
8001,2026-06-05T01:03:53.000,MIN,Y,O,M,61.0,DE,N,N,140.25,N
20070518,2025-10-07T19:36:37.000,MED,N,U,M,33.0,DE,N,N,220.43,N
20239422,2026-04-09T13:17:13.000,MIN,Y,B,M,36.0,DE,N,N,160.05,Y
20252066,2026-07-30T15:07:51.000,MED,Y,B,M,44.0,DE,N,N,160.15,N
166383,2026-07-15T22:44:00.000,MED,N,B,M,37.0,DE,N,N,220.16,N
20251682,2026-07-09T15:13:34.000,MED,N,B,M,19.0,DE,N,Y,105.15,Y
39374,2025-12-01T11:52:37.000,MIN,Y,B,M,58.0,DE,N,N,140.20,N
20240603,2026-08-25T13:01:18.000,MAX,N,B,M,19.0,DE,N,N,110-125.25,N
20251808,2026-07-15T23:59:58.000,MIN,N,A,M,40.0,DE,N,N,130.20,N
20248034,2026-07-08T15:48:59.000,MIN,N,O,M,43.0,CS,N,N,,N
20244566,2026-02-20T18:47:20.000,MAX,N,B,M,20.0,DE,N,Y,125.25,Y
20246352,2025-09-30T16:33:32.000,MED,N,O,M,28.0,DE,N,N,130.35,Y
20055021,2025-06-16T21:45:00.000,MIN,Y,O,M,36.0,DE,N,N,120.05,N
20171866,2026-08-26T20:16:47.000,,N,B,F,49.0,DE,N,N,220.39,N
20056827,2026-08-21T01:00:55.000,MIN,Y,B,M,50.0,DE,N,N,FOA 900.00,N
20240493,2024-12-12T21:19:04.000,MAX,Y,B,M,23.0,DE,N,N,130.95,Y
20212111,2026-04-10T12:11:59.000,MAX,N,B,M,24.0,CS,N,N,,Y
20241006,2026-07-20T21:14:39.000,MIN,Y,,,30.0,DE,N,N,140.20,N
20152874,2025-06-10T11:28:53.000,MED,Y,B,M,30.0,DE,N,N,110-130.30,N
20231248,2024-08-22T22:53:00.000,MED,Y,B,M,21.0,DE,N,Y,125.25,Y
150928,2026-04-20T18:48:33.000,MIN,Y,B,M,42.0,DE,N,N,120.05,N
20231802,2024-06-06T12:21:51.000,MED,Y,B,M,56.0,DE,N,N,125.25,Y
20245527,2025-08-22T18:00:40.000,MIN,Y,B,M,63.0,DE,N,N,120.05,Y
20239840,2024-11-12T00:12:42.000,MED,Y,O,M,41.0,DE,N,N,130.35,N
20203436,2020-05-08T13:11:35.000,MIN,N,B,M,63.0,DE,N,N,215.15,Y
20251967,2026-07-24T16:34:20.000,MIN,Y,O,M,27.0,DE,N,N,121.12,N
20250896,2026-05-29T00:41:00.000,MED,N,O,M,24.0,DE,N,N,130.35,N
20245608,2026-08-06T12:44:10.000,MIN,N,O,F,54.0,DE,N,N,160.15,N
20070169,2026-08-23T19:29:00.000,MAX,Y,O,M,34.0,DE,N,N,VOP,N
20241501,2025-02-06T16:26:45.000,MED,Y,O,F,47.0,DE,N,N,150.15,Y
20209442,2024-04-26T14:48:20.000,MED,Y,W,M,74.0,DE,N,N,130.50,Y
3899,2026-02-10T20:37:47.000,MIN,N,B,M,65.0,DE,N,N,140.20,N
20247231,2026-07-01T12:26:37.000,MIN,Y,W,F,41.0,DE,N,N,140.20,N
20226822,2026-06-06T13:23:01.000,MIN,Y,B,F,49.0,DE,N,N,160.05,N
20251703,2026-07-10T16:09:09.000,MED,N,B,M,18.0,DE,N,Y,110-125.25,Y
20248531,2026-03-04T17:48:00.000,MED,Y,B,M,21.0,DE,N,N,160.15,Y
164223,2026-08-27T21:42:39.000,MED,N,B,M,36.0,DEP,N,N,VOP,N
137497,2025-09-08T15:28:40.000,MED,N,B,M,38.0,DE,N,N,130.50,N
20226725,2026-04-04T01:12:26.000,MED,Y,B,M,23.0,DE,N,Y,160.15,Y
81553,2026-02-17T00:33:27.000,MED,Y,B,M,44.0,DE,N,N,215.51,N
2888,2026-07-21T12:21:16.000,MAX,Y,O,M,62.0,DEP,N,N,155.25,N
20096878,2025-08-08T15:07:12.000,MIN,N,B,M,40.0,DE,N,N,155.35,N
20077891,2026-03-15T14:47:00.000,MAX,Y,B,M,45.0,DE,N,Y,125.25,Y
20206660,2019-08-28T19:42:00.000,MED,Y,B,M,28.0,DE,N,N,125.25,Y
20234707,2025-09-26T11:49:00.000,MIN,N,B,M,58.0,DE,N,N,120.10,N
20243803,2025-05-31T17:10:36.000,MIN,N,B,M,34.0,DE,N,N,265.03,N
20251700,2026-07-10T11:50:49.000,MED,N,B,M,34.0,DE,N,N,130.30,N
20220306,2022-08-24T12:18:08.000,MED,Y,B,M,60.0,DE,N,N,125.25,Y
20242877,2025-04-18T17:36:29.000,MED,N,B,M,39.0,DE,N,N,265.03,Y
20147991,2025-07-03T18:50:55.000,MAX,Y,O,M,28.0,DE,N,Y,125.25,Y
20222855,2026-05-30T20:35:23.000,MAX,Y,B,F,27.0,DE,N,N,160.10,Y
20225679,2026-05-17T12:07:36.000,MED,Y,A,M,34.0,DE,N,N,120.00,N
20246722,2026-03-15T18:45:28.000,MED,N,O,M,35.0,DE,N,N,130.30,N
20250484,2026-05-09T20:12:17.000,MIN,N,B,M,41.0,DE,N,N,265.03,N
20033310,2026-03-21T11:33:22.000,MED,N,O,M,32.0,DE,N,Y,140.30,Y
20231979,2024-06-13T17:31:19.000,MED,Y,B,M,21.0,DE,N,Y,110-160.15,Y
20245844,2026-01-10T15:44:30.000,MED,N,B,M,26.0,DE,N,N,160.15,Y
20112343,2026-07-09T13:18:00.000,MED,Y,B,M,29.0,DE,N,N,110-125.25,N
20247323,2026-02-27T10:10:22.000,MIN,N,B,M,26.0,DE,N,Y,220.21,Y
20168962,2025-05-30T17:22:22.000,MAX,N,B,M,31.0,DE,N,Y,135.20,Y
87291,2026-06-06T16:58:37.000,MAX,Y,O,M,35.0,DE,N,Y,140.25,Y
20015608,2025-05-26T00:24:00.000,MAX,N,O,M,47.0,DE,N,Y,110-125.25,Y
20249510,2026-03-22T12:38:00.000,MIN,Y,B,M,22.0,DE,N,N,265.03,Y
102910,2026-06-16T17:28:13.000,MIN,Y,B,M,41.0,DE,N,N,140.25,N
20147716,2026-05-21T11:38:00.000,MAX,Y,B,F,33.0,DE,N,N,120.05,Y
12703,2026-06-17T17:02:24.000,MIN,N,B,M,58.0,SSR,N,N,160.05,N
20214140,2025-01-21T16:09:12.000,MED,Y,B,M,26.0,DE,N,N,130.75,Y
20204548,2023-07-19T11:06:58.000,MAX,Y,B,M,34.0,DE,N,N,125.25,Y
20199434,2026-06-21T17:02:50.000,MAX,Y,B,M,25.0,DE,N,Y,130.35,Y
20226436,2026-08-07T10:52:46.000,MIN,N,B,M,30.0,DE,N,Y,140.20,N
20169608,2026-07-10T08:57:25.000,MAX,Y,B,M,31.0,DEP,N,Y,110-120.10,Y
20171369,2025-09-14T16:36:24.000,MED,Y,B,M,26.0,DE,N,Y,110-125.25,Y
20246996,2025-11-02T16:43:18.000,MIN,N,O,M,24.0,CS,N,N,205.30,N
20251228,2026-06-14T23:51:11.000,MED,Y,O,F,21.0,DE,N,N,120.10,Y
20203483,2026-06-23T12:20:34.000,MED,Y,O,M,48.0,DE,N,N,220.39,Y
20230778,2026-06-27T22:19:43.000,MIN,Y,O,F,42.0,DE,N,N,265.01,N
20242699,2025-04-10T16:07:45.000,MIN,Y,A,M,31.0,DE,N,N,230.34,N
62875,2025-03-10T15:41:21.000,MAX,Y,B,M,41.0,DE,N,Y,220.16,Y
20251545,2026-07-02T12:43:54.000,MED,N,B,M,21.0,DE,N,Y,105.15,N
20245625,2025-08-27T11:58:55.000,MED,Y,B,M,27.0,DE,N,N,160.10,Y
20250015,2026-08-07T12:09:00.000,MIN,N,A,M,56.0,DE,N,N,215.51,N
20151278,2026-04-25T12:50:41.000,MED,Y,B,M,33.0,DE,N,N,125.25,N
20250184,2026-04-24T11:53:24.000,MIN,N,B,M,40.0,DE,N,N,1192.30,N
43076,2026-06-02T12:02:04.000,MED,Y,B,M,67.0,DE,N,N,160.10,Y
20248149,2026-01-07T15:57:47.000,MIN,N,B,M,31.0,DE,N,N,160.15,N
20164848,2025-03-15T01:04:02.000,MIN,N,B,M,38.0,DE,N,N,110-125.25,Y
104666,2024-08-19T16:56:51.000,MAX,Y,O,M,37.0,DE,N,Y,160.15,Y
20167239,2025-09-17T01:09:29.000,MED,Y,O,M,28.0,DEP,N,N,140.20,Y
20246675,2025-10-16T16:07:05.000,MIN,Y,O,M,34.0,DE,N,N,220.21,N
20187925,2026-08-24T14:45:00.000,MIN,N,B,M,25.0,DE,N,N,FOA 900.00,N
20248043,2025-12-30T19:07:17.000,MIN,N,O,M,32.0,DE,N,N,220.21,N
20223966,2024-12-06T11:42:29.000,MED,N,O,M,22.0,DE,N,N,160.15,Y
20239091,2024-10-03T11:23:55.000,MED,Y,A,M,20.0,DE,N,N,110-125.25,Y
20251776,2026-07-14T16:27:00.000,MED,N,B,M,22.0,DE,N,N,220.16,N
154731,2026-01-13T17:15:39.000,MED,Y,B,M,48.0,DE,N,N,110-125.25,N
20220500,2025-10-06T13:01:37.000,MED,Y,O,M,22.0,DE,N,Y,125.25,Y
20249464,2026-03-20T01:41:42.000,MIN,N,U,M,65.0,DE,N,N,220.21,N
20226842,2026-08-10T15:24:02.000,MED,N,B,M,30.0,DE,N,N,265.01,N
20216481,2026-08-11T14:18:22.000,MAX,Y,B,M,37.0,DE,N,N,135.20,N
101084,2025-05-01T16:47:02.000,MED,N,B,M,39.0,DE,N,N,125.25,N
20249658,2026-03-31T16:49:58.000,MIN,N,B,M,23.0,CS,N,Y,,N
20188903,2026-04-11T23:58:00.000,MED,Y,B,M,49.0,DE,N,N,120.05,Y
37242,2026-05-14T11:10:41.000,MED,Y,B,M,68.0,DE,N,N,125.20,N
69081,2026-06-22T20:59:15.000,MIN,Y,B,M,66.0,DE,N,N,110-120.10,N
66635,2025-10-16T15:01:00.000,MED,N,O,M,46.0,DE,N,N,135.20,Y
18048,2026-01-20T18:49:00.000,MIN,Y,O,M,60.0,DE,N,N,140.25,N
20243622,2025-06-26T15:52:22.000,MAX,Y,O,M,20.0,DE,N,N,160.15,Y
20246800,2025-10-22T23:23:30.000,MIN,N,O,M,27.0,DE,N,N,160.15,N
20245660,2026-05-08T21:02:18.000,MIN,Y,B,M,39.0,CS,N,N,155.25,Y
20115597,2026-07-29T13:05:20.000,MIN,N,B,M,30.0,DE,N,N,110-120.07,N
20222620,2023-01-13T21:51:33.000,MED,Y,B,M,60.0,DE,N,N,125.25,Y
20093983,2026-05-26T12:04:55.000,MIN,Y,O,M,40.0,DE,N,N,160.15,N
20251938,2026-07-22T17:29:35.000,MED,Y,W,F,44.0,DE,N,N,120.05,N
20009603,2026-07-27T20:13:34.000,MIN,N,O,M,54.0,DE,N,N,VTL 1192.3,N
20055332,2024-10-02T01:07:31.000,MED,Y,B,M,38.0,DE,N,N,125.25,Y
20185905,2025-12-04T17:50:00.000,MAX,Y,B,M,26.0,DE,N,Y,155.30,Y
20250107,2026-04-21T12:42:31.000,MIN,N,B,M,25.0,DE,N,N,105.10,N
20229074,2024-01-14T20:34:58.000,MED,N,O,M,38.0,DE,N,N,125.25,Y
20217616,2026-08-24T16:21:02.000,MIN,N,B,M,32.0,DE,N,N,265.03,N
20217335,2025-07-19T12:53:53.000,MAX,Y,W,M,32.0,DE,N,N,160.15,Y
20144642,2025-02-12T00:03:39.000,MED,Y,W,M,44.0,DE,N,N,150.15,N
20041156,2026-08-10T15:15:21.000,MAX,N,O,M,34.0,DE,N,N,110-125.25,N
20199362,2026-06-28T01:30:45.000,MIN,N,B,M,49.0,DE,N,N,265.03,N
20245377,2026-05-07T15:50:00.000,MED,N,O,M,41.0,CS,N,N,265.01B,N
20195578,2025-04-11T00:23:46.000,MAX,Y,B,M,35.0,DE,N,Y,120.05,Y
20251091,2026-06-08T12:10:39.000,MIN,N,B,M,22.0,DE,N,N,265.03,N
20182656,2024-01-26T20:53:00.000,MAX,Y,B,M,42.0,DE,N,Y,125.25,Y
20052697,2026-07-06T00:11:01.000,MED,N,B,M,32.0,DE,N,N,220.39,N
20215227,2021-08-06T22:20:24.000,MED,N,W,M,48.0,DE,N,N,125.25,Y
20252375,2026-08-14T13:05:32.000,MIN,N,O,M,37.0,DE,N,N,155.42,N
20172328,2026-03-11T01:00:37.000,MED,Y,B,M,26.0,DE,N,N,140.25,Y
20246631,2025-10-14T20:30:21.000,MED,Y,B,M,22.0,DE,N,N,110-125.25,Y
20244629,2025-07-10T17:27:31.000,MIN,Y,W,M,28.0,DE,N,N,220.43,N
102407,2025-06-19T00:49:20.000,MIN,Y,B,M,62.0,DE,N,N,155.30,Y
20080410,2026-04-19T16:57:50.000,MAX,Y,O,M,34.0,DE,N,N,140.25,Y
20243936,2026-08-19T12:21:35.000,MIN,N,B,M,34.0,CS,N,N,,N
20252328,2026-08-12T11:15:33.000,MED,N,B,M,22.0,DE,N,N,120.10,N
10004137,2026-04-11T12:54:10.000,MIN,N,B,M,45.0,DE,N,N,140.20,N
20153104,2026-06-13T15:17:21.000,MIN,Y,O,M,31.0,DE,N,N,110-125.25,N
20252562,2026-08-24T11:06:09.000,MIN,N,O,F,48.0,DE,N,N,110-120.10,N
20214155,2026-07-19T23:34:20.000,MED,Y,B,M,46.0,CS,N,N,110-155.30,N
20249692,2026-04-02T11:47:00.000,MAX,Y,O,M,26.0,CS,N,N,130.35,Y
155657,2026-05-29T16:28:22.000,MIN,N,O,M,75.0,DE,N,N,165.40,N
20239467,2026-07-07T15:18:47.000,MAX,N,B,M,21.0,DE,N,Y,160.15,N
20054903,2025-07-24T21:24:33.000,MAX,Y,O,M,33.0,DE,N,Y,220.43,Y
20219088,2024-04-04T16:36:00.000,MAX,Y,A,M,32.0,DE,N,N,160.15,Y
20243983,2026-02-25T17:14:49.000,MED,N,B,M,26.0,CS,N,Y,110-120.07,N
20244841,2026-02-10T16:12:47.000,MIN,N,O,M,24.0,CS,N,N,,N
20204999,2026-04-22T23:33:15.000,MAX,Y,W,M,36.0,DE,N,N,140.20,Y
20225203,2023-06-12T20:05:02.000,MED,Y,B,M,23.0,DE,N,Y,105.17,Y
150724,2026-06-24T20:26:18.000,MED,Y,B,M,51.0,DE,N,N,FOA 900.00,N
20247697,2025-12-09T14:54:14.000,MIN,Y,B,M,62.0,DE,N,N,120.10,N
20047769,2025-12-25T00:37:06.000,MAX,Y,B,M,38.0,DE,N,Y,145.05,Y
20060482,2026-07-31T21:20:45.000,MIN,Y,W,M,37.0,CS,N,N,,N
20252506,2026-08-21T00:38:25.000,MIN,Y,B,F,47.0,DE,N,N,140.15,N
20134719,2026-08-25T00:15:28.000,MED,N,B,M,33.0,DE,N,N,160.10,N
144480,2026-06-27T08:45:36.000,MED,Y,B,M,35.0,DE,N,N,160.10,N
20150520,2026-05-22T13:17:51.000,MIN,Y,B,M,54.0,DE,N,N,160.15,N
20212607,2026-03-26T12:16:01.000,MAX,Y,O,M,40.0,DE,N,N,160.05,Y
38377,2025-08-15T14:40:00.000,MIN,N,B,M,62.0,DE,N,N,140.25,N
17628,2025-03-09T19:13:34.000,MAX,Y,B,M,39.0,DE,N,N,120.10,Y
20252349,2026-08-13T00:03:00.000,MED,Y,B,F,50.0,DE,N,N,120.14,N
20251794,2026-07-15T15:06:32.000,MED,Y,B,F,38.0,DE,N,N,120.00,Y
20091244,2026-08-25T21:33:23.000,MAX,N,B,M,30.0,DE,N,Y,110-160.15,N
20230300,2026-08-16T10:42:39.000,MAX,Y,B,M,23.0,DE,N,Y,110-160.15,N
20247009,2026-03-02T15:55:38.000,MED,Y,B,M,26.0,DE,N,N,140.25,Y
20248869,2026-02-17T11:58:00.000,MIN,Y,B,M,42.0,DE,N,N,265.03,N
20251391,2026-06-24T12:29:37.000,MED,N,O,M,23.0,DE,N,N,110-125.25,N
20209697,2026-02-27T16:33:35.000,MIN,N,W,M,34.0,DE,N,N,220.43,N
20251943,2026-07-22T20:58:02.000,MIN,N,O,M,26.0,DE,N,N,121.12,N
20245536,2026-04-15T17:41:44.000,MIN,N,B,M,19.0,DE,N,N,110-125.25,Y
20162409,2025-10-07T00:09:01.000,MAX,Y,B,F,41.0,DE,N,N,120.05,Y
86476,2026-06-01T01:44:11.000,MIN,Y,B,M,44.0,DE,N,N,130.52,N
20251698,2026-07-10T00:49:59.000,MED,N,B,M,23.0,DE,N,N,160.15,N
20246356,2025-11-15T12:10:25.000,MIN,Y,B,M,20.0,DE,N,N,140.20,Y
20159801,2026-08-25T15:52:58.000,MED,N,B,M,31.0,DE,N,Y,121.12,N
20120097,2025-12-24T05:53:39.000,MAX,Y,O,M,33.0,DE,N,Y,125.25,Y
20027795,2026-03-29T16:20:59.000,MED,N,O,M,34.0,DE,N,N,220.39,N
20082179,2026-02-06T13:27:42.000,MIN,Y,W,M,48.0,DE,N,N,110-120.10,N
20243589,2025-05-21T00:13:00.000,MIN,N,B,M,45.0,DE,N,N,220.43,N
20247741,2026-04-19T00:49:30.000,MED,N,O,M,19.0,DE,N,N,120.07,Y
20246616,2025-10-13T20:58:45.000,MED,Y,B,M,29.0,DE,N,N,120.05,Y
20218464,2026-02-26T18:25:27.000,MIN,N,B,M,43.0,CS,N,N,155.25,N
20059986,2026-02-12T17:32:51.000,MIN,N,O,M,41.0,CS,N,N,FOA 900.00,N
20222206,2025-12-03T15:29:39.000,MAX,N,O,M,25.0,DE,N,Y,220.16,Y
125783,2026-08-14T01:19:00.000,MIN,N,O,M,38.0,DE,N,N,140.25,N
20244709,2026-07-23T17:06:30.000,MED,Y,W,M,31.0,DE,N,N,160.15,Y
20229606,2026-08-27T12:11:29.000,MIN,Y,B,M,54.0,DE,N,N,265.03,N
53833,2026-08-05T15:07:41.000,MIN,N,B,M,67.0,DE,N,N,120.05,N
20232041,2025-12-02T00:07:22.000,MAX,Y,B,F,26.0,DE,N,N,120.05,Y
20252310,2026-08-11T16:04:43.000,MED,N,B,M,28.0,DE,N,N,215.52,N
20249996,2026-04-16T12:18:25.000,MIN,N,B,M,24.0,CS,N,N,,N
20251645,2026-07-07T16:23:00.000,MED,Y,B,M,23.0,DE,N,Y,125.25,N
32617,2026-05-07T00:31:04.000,MIN,Y,O,M,41.0,CS,N,N,120.00,N
20231445,2024-05-18T15:35:34.000,MAX,N,B,M,24.0,DE,N,Y,125.25,Y
20232023,2026-08-07T15:42:59.000,MED,Y,O,M,21.0,DE,N,N,265.03,N
20219550,2026-08-14T20:57:51.000,MIN,N,B,M,58.0,DE,N,N,140.25,N
132485,2026-04-10T21:28:42.000,MIN,N,O,M,46.0,DE,N,N,220.21,N
20167733,2026-04-30T23:17:23.000,MAX,Y,H,M,44.0,DE,N,N,140.25,N
20217897,2024-07-22T00:02:39.000,MED,N,B,M,22.0,DE,N,Y,265.03,Y
20137767,2026-01-31T19:27:00.000,MAX,N,O,M,34.0,DE,N,N,140.30,Y
20152999,2026-06-27T18:50:57.000,MAX,Y,B,M,29.0,DE,N,N,110-125.25,Y
168122,2023-12-10T14:05:44.000,MED,N,B,M,39.0,DE,N,N,125.25,Y
20224054,2026-07-13T00:54:53.000,MAX,N,B,M,29.0,DE,N,Y,110-120.05,Y
20019729,2025-06-08T20:14:41.000,MIN,N,B,M,34.0,DE,N,N,110-125.25,Y
20230245,2026-08-06T16:35:46.000,MIN,N,B,M,31.0,DE,N,N,265.03,N
20250101,2026-04-21T00:14:23.000,MAX,Y,B,M,29.0,DE,N,N,120.10,Y
20002011,2026-04-26T13:05:30.000,MIN,N,W,M,52.0,CS,N,N,,N
20195418,2026-04-04T02:58:20.000,MAX,Y,O,M,54.0,DE,N,N,140.30,N
20239286,2025-10-09T15:51:37.000,MED,N,O,M,33.0,DE,N,N,160.15,Y
10001017,2024-08-29T17:14:23.000,MED,Y,B,M,38.0,DE,N,Y,125.25,N
20220748,2026-08-06T16:01:19.000,MAX,Y,B,M,21.0,DE,N,Y,120.10,N
20231193,2026-07-15T17:33:00.000,MIN,N,O,M,26.0,CS,N,N,120.00,N
20229427,2024-12-16T14:14:23.000,MED,Y,B,F,34.0,DE,N,N,125.15,Y
20252543,2026-08-22T20:17:00.000,MIN,N,O,F,32.0,DE,N,N,FOA 900.00,N
20246602,2026-04-28T10:41:53.000,MIN,Y,O,M,38.0,DE,N,N,155.30,N
20218583,2026-07-20T11:47:51.000,MIN,N,B,M,25.0,DE,N,Y,265.03,N
20152657,2023-01-19T16:13:00.000,MAX,Y,B,M,28.0,DE,N,Y,125.25,Y
20228052,2026-06-01T17:38:52.000,MIN,N,O,F,31.0,DE,N,N,120.10,N
20155242,2026-04-27T19:57:59.000,MAX,Y,B,F,28.0,CSP,N,Y,215.52,Y
20250991,2026-06-03T17:11:04.000,MIN,N,W,M,40.0,DE,N,N,105.10,Y
20169897,2026-04-09T01:11:30.000,MED,Y,W,M,37.0,DE,N,N,155.35,N
20239774,2026-04-07T15:42:39.000,MED,Y,O,M,38.0,CSP,N,N,VOP,N
20246983,2025-11-01T23:18:00.000,MIN,Y,B,M,27.0,DE,N,N,140.25,Y
20246858,2025-10-25T20:53:22.000,MED,Y,B,M,25.0,DE,N,N,140.20,Y
20238976,2024-09-27T00:06:00.000,MED,N,B,M,48.0,DE,N,N,110-125.25,N
19547,2025-09-24T21:07:03.000,MIN,Y,O,M,40.0,DE,N,N,155.35,Y
20238220,2026-04-05T01:03:28.000,MIN,Y,O,M,32.0,DE,N,N,165.45,N
20025388,2024-08-12T18:01:42.000,MAX,N,B,M,34.0,DE,N,Y,160.15,Y
20246238,2025-09-24T23:29:49.000,MAX,Y,O,M,25.0,DE,N,Y,125.25,Y
39249,2024-11-27T13:19:03.000,MAX,Y,B,M,47.0,DE,N,N,160.15,Y
12509,2026-07-23T16:50:29.000,MIN,Y,O,M,57.0,DE,N,N,140.20,N
20144238,2024-09-26T20:20:21.000,MAX,Y,B,M,62.0,DE,N,N,150.15,Y
20123996,2026-05-16T16:06:52.000,MIN,N,O,M,30.0,CS,N,N,,N
20224926,2023-05-29T13:23:32.000,MED,Y,A,F,43.0,DE,N,N,135.25,Y
20252488,2026-08-20T15:54:22.000,MIN,N,O,M,35.0,CS,N,N,,N
20246986,2025-11-02T01:26:05.000,MED,N,O,M,57.0,DE,N,N,130.65,N
20250058,2026-04-18T16:37:18.000,MED,N,B,M,26.0,DE,N,N,265.03,Y
20227480,2026-02-11T17:36:49.000,MAX,N,B,M,22.0,DE,N,Y,105.17,Y
101643,2025-05-25T01:04:10.000,MIN,Y,B,M,61.0,DE,N,N,265.03,N
20250501,2026-05-10T18:42:41.000,MIN,N,B,M,38.0,DE,N,N,120.00,N
20029048,2026-07-03T00:23:57.000,MED,Y,B,M,59.0,DE,N,N,155.35,N
52859,2025-11-24T16:36:35.000,MED,Y,B,M,43.0,DE,N,N,140.20,N
20251048,2026-06-06T01:28:47.000,MED,N,B,M,19.0,DE,N,Y,110-125.25,N
20244575,2026-07-08T14:32:00.000,MIN,Y,W,M,37.0,DE,N,N,110-135.20,N
20153109,2026-07-30T12:07:17.000,MAX,N,B,M,30.0,DE,N,Y,265.01,N
20218571,2026-07-11T16:16:36.000,MED,N,O,M,30.0,DE,N,N,140.20,N
20239484,2024-10-24T17:19:31.000,MIN,Y,O,M,42.0,DE,N,N,110-125.25,N
20142834,2026-07-26T11:01:37.000,MAX,Y,O,M,32.0,DEP,N,N,120.05,N
20047225,2025-03-26T00:58:11.000,MAX,Y,B,M,35.0,DE,N,Y,265.03,Y
20215157,2026-06-23T12:22:03.000,MIN,Y,B,M,36.0,DE,N,N,140.20,N
20186899,2026-08-02T23:41:00.000,MED,Y,B,M,25.0,DE,N,N,155.35,N
20157224,2025-11-28T19:09:48.000,MAX,Y,B,M,27.0,DE,N,Y,110-125.25,N
20034820,2026-05-24T19:06:15.000,MED,Y,B,M,35.0,DE,N,N,265.03,N
20246269,2025-09-26T01:07:12.000,MAX,N,B,F,19.0,DE,N,Y,265.03,Y
20238981,2024-09-27T11:24:58.000,MED,N,B,M,33.0,DE,N,N,110-125.25,Y
120437,2026-04-16T00:32:00.000,MIN,N,B,M,42.0,DE,N,N,110-140.25,N
20016866,2026-01-21T11:49:00.000,MIN,Y,B,M,41.0,DE,N,N,120.05,N
70164,2026-07-30T20:10:15.000,MIN,N,O,M,44.0,DE,N,N,110-125.25,N
20239531,2025-09-12T14:09:44.000,MED,Y,B,F,41.0,CS,N,N,215.55,Y
25062,2025-05-29T17:17:42.000,MIN,Y,B,M,38.0,DE,N,N,265.02,N
24005,2026-07-13T20:59:18.000,MIN,N,B,M,37.0,DE,N,N,215.50,N
20227161,2025-08-01T23:48:04.000,MAX,Y,B,M,21.0,DE,N,Y,160.15,Y
159474,2026-01-20T21:54:54.000,MED,Y,A,M,52.0,DEP,N,N,125.25,N
81391,2026-06-22T19:20:10.000,MIN,N,O,M,41.0,DE,N,N,140.20,N
11857,2025-10-27T00:04:07.000,MAX,Y,B,M,43.0,DE,N,Y,120.05,Y
20040671,2026-08-12T18:38:18.000,MED,Y,W,M,58.0,CS,N,N,,N
20247082,2026-04-11T12:47:00.000,MED,Y,B,M,24.0,DE,N,N,215.51,N
47704,2026-06-25T12:52:30.000,MAX,N,B,M,46.0,DE,N,N,215.51,Y
20251219,2026-08-24T11:35:57.000,MED,N,O,M,22.0,DE,N,N,215.52,N
20252594,2026-08-26T12:14:23.000,MED,N,A,M,35.0,DE,N,N,140.25,N
20074861,2026-07-02T12:10:11.000,MIN,Y,O,M,36.0,CS,N,N,160.05,N
20015112,2026-06-17T16:36:54.000,MIN,Y,O,M,52.0,DE,N,N,155.35,N
20171341,2026-05-31T13:15:33.000,MAX,Y,B,M,26.0,DE,N,Y,160.15,Y
20246875,2026-07-24T12:55:56.000,MED,N,O,F,26.0,DE,N,N,140.25,Y
26824,2026-04-25T11:35:40.000,MIN,Y,O,M,38.0,DE,N,N,120.14H,Y
20241263,2026-07-16T20:57:19.000,MED,Y,B,M,48.0,DE,N,N,220.16,N
20146566,2026-06-08T15:41:27.000,MAX,Y,O,M,43.0,DE,N,N,215.51,N
20191526,2026-06-19T12:33:39.000,MED,Y,B,M,44.0,CS,N,N,155.25,N
154004,2026-08-15T01:04:54.000,MAX,N,B,M,48.0,DE,N,N,120.05,N
20239432,2024-10-22T16:33:13.000,MIN,N,B,M,58.0,DE,N,N,155.42,N
20108620,2026-02-06T23:12:32.000,MED,Y,A,M,42.0,DE,N,N,160.10,Y
20246563,2025-10-10T16:07:11.000,MED,Y,O,M,20.0,DE,N,N,125.25,Y
20252577,2026-08-25T10:39:33.000,MIN,N,B,F,30.0,DE,N,N,VTL 511,N
796,2026-04-05T12:06:12.000,MAX,Y,B,M,40.0,DE,N,N,220.16,Y
20247553,2025-12-01T20:16:20.000,MED,N,A,M,24.0,DE,N,N,120.07,Y
20075264,2026-02-05T17:15:26.000,MAX,Y,O,F,34.0,DE,N,N,140.25,Y
94412,2026-06-18T12:08:27.000,MED,Y,O,M,54.0,SSR,N,N,,N
45842,2026-01-07T23:31:53.000,MIN,Y,B,M,45.0,DE,N,N,140.25,N
20251731,2026-07-12T01:09:09.000,MED,Y,B,F,40.0,DE,N,N,155.30,N
20223425,2023-03-07T15:34:53.000,MED,Y,B,M,29.0,DE,N,N,125.25,Y
20214402,2026-03-04T11:26:29.000,MED,Y,B,M,25.0,DE,N,Y,110-120.07,Y
20251054,2026-06-06T14:01:18.000,MED,N,A,M,44.0,DE,N,N,130.65,N
20251426,2026-06-25T14:17:01.000,MED,N,B,M,18.0,DE,N,Y,105.15,Y
20251516,2026-06-30T20:11:15.000,MIN,N,O,M,25.0,DE,N,N,160.15,N
79034,2026-08-25T21:27:25.000,MIN,N,O,M,43.0,DE,N,N,120.05,N
122886,2026-06-16T11:11:16.000,MIN,Y,B,M,38.0,DE,N,N,110-125.25,N
20244335,2025-06-26T15:53:04.000,MIN,N,O,M,22.0,DE,N,N,230.34,N
20231468,2026-01-03T20:13:25.000,MAX,Y,O,M,26.0,DE,N,N,160.10,Y
20248206,2026-03-23T16:00:08.000,MED,N,O,M,32.0,DE,N,N,160.10,Y
77119,2026-06-28T00:40:28.000,MIN,Y,B,M,45.0,DE,N,N,140.20,N
20243377,2025-05-11T20:20:41.000,MIN,Y,B,M,22.0,DE,N,Y,110-125.25,Y
43753,2026-08-24T21:34:04.000,MAX,N,B,M,37.0,DE,N,N,120.05,N
20248606,2026-02-01T13:08:09.000,MED,N,O,M,27.0,DE,N,N,130.65,Y
4015,2026-08-21T23:04:00.000,MED,N,O,M,61.0,DE,N,N,220.03,N
20252606,2026-08-27T01:18:02.000,MED,N,B,F,23.0,DE,N,N,FOA 900.00,N
147588,2026-08-01T02:49:51.000,MED,Y,B,M,42.0,DE,N,N,130.96,N
20248634,2026-05-30T17:07:17.000,MIN,N,O,M,50.0,DE,N,N,215.56,N
20249695,2026-04-02T14:53:24.000,MAX,Y,B,F,18.0,DE,N,Y,110-125.25,Y
129026,2021-03-02T00:18:30.000,MED,Y,B,M,50.0,DE,N,N,125.25,N
20246026,2025-09-15T00:27:15.000,MED,Y,O,M,39.0,DE,N,N,125.25,N
20160266,2026-08-06T19:57:42.000,MED,Y,W,M,53.0,DE,N,N,220.39,N
20250893,2026-05-29T00:13:16.000,MED,N,B,M,43.0,DE,N,N,125.25,N
72855,2026-07-06T21:30:04.000,MAX,Y,B,M,40.0,DE,N,N,110-120.10,N
20019518,2026-03-06T00:51:00.000,MIN,Y,B,M,58.0,CS,N,N,110-120.05,N
20228201,2026-02-16T18:15:15.000,MIN,N,B,M,69.0,DE,N,N,120.05,N
20053368,2025-11-14T12:37:14.000,MED,Y,O,M,34.0,DE,N,N,140.25,N
80759,2024-07-27T16:26:45.000,MED,Y,O,M,65.0,DEP,N,N,125.25,Y
20246605,2025-10-12T20:26:09.000,MIN,Y,B,F,32.0,DE,N,N,155.30,N
20215511,2025-02-26T11:41:46.000,MED,Y,O,M,31.0,DE,N,N,110-125.25,Y
20121468,2024-11-09T18:41:53.000,MED,N,B,M,44.0,DE,N,N,121.12,Y
20042646,2026-06-10T12:11:52.000,MED,N,B,M,35.0,DE,N,Y,215.52,N
20134623,2026-06-20T13:56:48.000,MAX,Y,B,M,39.0,DE,N,N,140.20,Y
20105869,2026-08-04T19:14:01.000,MIN,Y,W,M,32.0,DE,N,N,140.20,N
20249952,2026-04-14T18:55:04.000,MED,Y,B,M,21.0,DE,N,N,110-125.25,Y
40553,2026-07-05T12:29:17.000,MIN,N,B,M,59.0,DE,N,N,120.05,N
20252191,2026-08-06T15:14:17.000,MED,N,O,M,21.0,CS,N,N,140.15,N
20187049,2026-03-21T20:40:00.000,MIN,Y,B,M,36.0,CS,N,N,,N
88436,2026-08-01T12:51:00.000,MIN,N,B,M,60.0,DE,N,N,140.25,Y
86750,2026-08-26T15:30:21.000,MIN,N,B,M,65.0,DE,N,N,140.20,N
20242530,2025-04-02T15:39:59.000,MED,Y,B,F,23.0,DE,N,N,125.25,Y
118686,2026-05-14T16:03:00.000,MIN,N,B,M,53.0,DE,N,N,140.20,N
20125346,2025-04-15T19:26:51.000,MED,Y,O,M,35.0,DE,N,N,125.25,Y
20195560,2025-11-07T16:25:14.000,MAX,Y,B,M,26.0,DE,N,Y,265.03,Y
20217529,2026-01-19T17:19:12.000,MAX,N,B,M,29.0,DE,N,N,125.25,N
20146828,2025-07-24T11:36:30.000,MIN,N,O,M,36.0,DE,N,N,110-125.25,N
20179719,2026-07-09T15:53:18.000,MED,N,A,M,29.0,DE,N,N,160.15,N
20233211,2026-08-27T16:32:03.000,MED,N,B,F,34.0,DE,N,N,FOA 900.00,N
20080001,2024-08-07T19:44:35.000,MAX,Y,B,M,30.0,DE,N,Y,125.25,Y
20221982,2025-12-12T12:42:15.000,MED,Y,,,34.0,SSR,N,N,265.01,N
20137287,2026-05-30T20:24:55.000,MED,N,B,M,30.0,CS,N,Y,220.03,Y
20248313,2026-01-15T16:08:32.000,MED,Y,B,M,24.0,DE,N,N,125.25,N
20101022,2025-11-25T20:39:00.000,MAX,Y,O,M,32.0,DE,N,Y,160.15,Y
131204,2026-08-15T19:50:57.000,MIN,Y,W,M,36.0,DE,N,N,110-120.10,N
20003412,2025-05-08T12:39:43.000,MAX,N,O,M,33.0,SSR,N,N,460.20,Y
20248193,2026-01-09T13:39:16.000,MED,Y,B,M,26.0,DE,N,N,125.25,N
20249052,2026-02-27T20:58:00.000,MIN,Y,B,M,44.0,DE,N,N,120.05,N
20037402,2026-04-14T23:59:25.000,MAX,Y,W,M,40.0,DE,N,N,140.30,N
20252635,2026-08-28T12:52:33.000,MIN,N,B,M,25.0,DE,N,N,160.10,N
20092722,2025-07-31T01:34:54.000,MIN,N,B,M,46.0,DE,N,N,140.30,N
20232616,2025-12-20T12:39:59.000,MIN,Y,B,F,36.0,DE,N,N,160.15,Y
20035327,2026-01-27T13:57:11.000,MED,Y,B,M,32.0,DE,N,N,120.05,Y
20249024,2026-02-26T19:08:00.000,MIN,Y,B,M,28.0,DE,N,N,160.10,N
20242604,2025-04-04T23:55:41.000,MAX,N,O,M,33.0,DE,N,N,220.21,Y
20224454,2026-01-09T23:26:55.000,MED,Y,W,M,22.0,CS,N,N,,Y
20226728,2023-09-02T00:50:08.000,MED,N,O,M,47.0,DE,N,N,125.25,Y
20244478,2026-01-25T11:40:21.000,MED,Y,B,M,25.0,DE,N,N,110-130.35,Y
20246383,2025-10-02T01:09:46.000,MIN,Y,O,M,29.0,CS,N,N,110-160.10,Y
87247,2025-11-26T21:00:10.000,MED,Y,B,M,43.0,DE,N,N,140.25,N
20241320,2026-06-30T13:48:06.000,MED,Y,B,M,25.0,DE,N,N,160.10,N
20206078,2026-08-24T00:02:00.000,MED,Y,B,M,69.0,DE,N,N,140.20,N
38219,2026-05-07T15:16:58.000,MAX,Y,O,M,38.0,DEP,N,N,120.18,N
20064944,2025-10-02T13:11:16.000,MED,Y,O,M,60.0,DE,N,N,215.51,N
20244175,2026-04-09T17:37:58.000,MIN,N,B,M,27.0,CS,N,N,155.25,N
20244555,2025-07-07T12:38:41.000,MED,Y,W,M,38.0,DE,N,N,140.25,Y
20207091,2026-03-20T15:15:49.000,MED,N,O,M,46.0,DE,N,N,170.25,N
20178657,2025-07-11T11:34:14.000,MIN,Y,O,M,26.0,DE,N,Y,110-160.10,Y
20186499,2025-10-10T15:28:57.000,MAX,Y,B,M,28.0,DE,N,Y,110-125.25,Y
20249669,2026-05-20T00:45:09.000,MIN,Y,B,F,43.0,DE,N,N,160.15,N
20229732,2024-02-21T19:29:47.000,MAX,Y,O,M,24.0,DE,N,N,125.25,Y
75873,2026-03-06T11:04:13.000,MIN,N,B,M,61.0,DE,N,N,140.20,N
20041347,2026-04-22T20:48:20.000,MED,Y,B,M,34.0,DE,N,N,160.10,N
1120,2025-10-18T16:58:35.000,MED,N,B,M,47.0,DEP,N,Y,160.15,N
20252416,2026-08-16T23:20:28.000,MED,N,B,M,19.0,DE,N,N,110-125.25,N
50066,2026-02-19T15:31:10.000,MAX,Y,O,M,45.0,DE,N,N,125.25,N
20247154,2026-06-24T00:07:18.000,MIN,Y,B,F,53.0,DE,N,N,140.25,N
20010895,2026-05-19T19:03:34.000,MAX,Y,O,M,35.0,DE,N,N,160.15,N
20176477,2026-07-20T14:03:38.000,MAX,Y,B,M,29.0,DE,N,Y,125.25,Y
20246136,2025-09-19T21:11:56.000,MAX,Y,O,M,21.0,DE,N,Y,125.25,Y
20117097,2026-06-16T18:48:59.000,MAX,Y,B,M,36.0,DE,N,N,120.10,Y
20170391,2026-01-18T00:45:08.000,MAX,Y,O,M,33.0,DEP,N,N,265.03,Y
20230325,2024-11-18T12:16:39.000,MAX,Y,B,M,23.0,DE,N,Y,125.25,Y
12383,2026-04-17T16:51:19.000,MIN,N,B,M,58.0,DE,N,N,155.35,N
20248791,2026-02-13T01:21:43.000,MIN,N,O,M,24.0,DE,N,N,220.21,N
20227592,2026-08-10T01:19:51.000,MED,N,B,M,26.0,DE,N,N,160.10,N
20250023,2026-04-17T01:33:57.000,MED,Y,O,F,38.0,DE,N,N,160.15,Y
20251352,2026-06-22T11:18:40.000,MIN,N,B,M,40.0,DE,N,N,265.03,N
20057610,2025-04-01T20:31:00.000,MAX,Y,O,M,38.0,DE,N,N,265.03,Y
20240620,2026-07-28T12:34:48.000,MED,Y,O,M,34.0,DE,N,N,120.05,N
20243395,2026-07-21T13:22:49.000,MAX,Y,B,F,35.0,DE,N,N,120.05,N
20249735,2026-04-04T15:32:19.000,MAX,Y,B,M,21.0,DE,N,N,110-125.25,Y
10488,2024-11-26T16:35:38.000,MAX,Y,B,M,39.0,DE,N,Y,130.95,Y
20022823,2026-07-26T11:56:18.000,MED,Y,B,M,45.0,CS,N,N,120.00,N
20231595,2025-09-09T00:35:00.000,MIN,N,O,M,44.0,DE,N,N,215.52,N
20239894,2026-07-20T16:09:31.000,MAX,Y,B,F,29.0,DEP,N,N,120.05,N
20249478,2026-03-20T21:13:13.000,MIN,Y,W,F,46.0,DE,N,N,110-160.10,N
20153033,2026-03-03T13:03:37.000,MED,N,B,M,63.0,DE,N,N,130.35,N
20078890,2026-08-10T11:57:41.000,MED,Y,B,M,31.0,DE,N,Y,110-265.03,Y
20244124,2025-06-16T12:37:00.000,MIN,N,W,M,26.0,DE,N,N,120.04,Y
153526,2025-09-28T23:10:09.000,MED,N,B,M,36.0,DE,N,N,160.10,Y
20232689,2026-04-14T01:15:00.000,MAX,Y,B,M,22.0,DE,N,N,140.25,Y
88781,2025-09-28T10:37:33.000,MIN,Y,O,M,52.0,DE,N,N,110-125.25,N
20242133,2026-08-11T12:03:33.000,MAX,Y,O,M,44.0,DE,N,N,120.05,N
20240228,2024-11-29T16:28:12.000,MED,N,U,M,40.0,DE,N,Y,125.25,Y
20208282,2026-04-29T16:38:47.000,MED,Y,B,M,37.0,DE,N,Y,160.15,N
85654,2025-07-11T17:58:50.000,MED,Y,O,M,48.0,DE,N,N,125.27,N
20173472,2026-03-28T01:37:05.000,MIN,Y,B,M,31.0,DE,N,N,140.30,N
24877,2025-06-01T00:46:42.000,MIN,Y,B,M,44.0,SSR,N,N,120.05,Y
20227703,2026-03-11T20:51:09.000,MED,N,A,M,30.0,DE,N,N,265.02,N
20250190,2026-04-24T17:09:42.000,MIN,Y,B,M,44.0,DE,N,N,265.03,N
150344,2026-03-29T13:25:44.000,MAX,Y,B,M,41.0,DE,N,Y,220.16,Y
20252294,2026-08-11T00:46:46.000,MIN,N,O,M,25.0,DE,N,N,265.03,N
20252289,2026-08-10T16:57:23.000,MED,N,A,M,21.0,DE,N,N,125.25,N
143639,2026-07-24T12:39:26.000,MED,N,O,M,41.0,CS,N,N,VTL 1192.2,N
20026293,2026-08-10T00:22:37.000,MED,Y,B,M,42.0,DE,N,Y,220.16,N
20250134,2026-06-25T13:16:36.000,MED,N,B,M,20.0,DE,N,Y,105.15,Y
119428,2026-07-23T16:38:55.000,MED,N,B,M,48.0,DE,N,N,110-160.15,N
39661,2026-06-05T15:46:39.000,MED,N,O,M,37.0,DE,N,N,110-125.25,N
20230229,2026-08-26T16:39:52.000,MAX,N,B,M,20.0,DE,N,Y,265.03,N
20077484,2026-04-11T19:48:39.000,MED,N,B,M,34.0,DE,N,Y,220.16,Y
20214164,2026-04-30T16:04:42.000,MIN,Y,B,M,43.0,DE,N,N,160.05,N
20250791,2026-05-24T16:04:39.000,MIN,Y,B,F,26.0,DE,N,N,110-125.25,Y
153695,2026-04-14T00:09:00.000,MED,Y,B,M,49.0,DE,N,N,120.05,N
20248750,2026-02-10T19:28:20.000,MIN,N,O,M,51.0,DE,N,N,220.21,N
20214407,2026-08-27T23:59:57.000,MED,N,B,M,28.0,DE,N,N,160.15,N
20226035,2023-07-26T11:36:41.000,MAX,N,B,M,25.0,DE,N,Y,105.15,Y
20251462,2026-07-20T12:43:25.000,MIN,N,B,M,34.0,DE,N,N,140.15,N
34511,2026-07-30T01:23:16.000,MED,Y,B,M,53.0,DE,N,N,220.39,N
20022258,2026-03-06T17:48:14.000,MAX,Y,B,M,34.0,CS,N,Y,215.51,Y
20210771,2026-03-27T00:21:53.000,MED,Y,W,M,35.0,DE,N,N,120.10,N
20121582,2025-12-08T16:24:46.000,MAX,Y,O,M,32.0,DE,N,Y,140.20,Y
20232462,2026-06-10T13:28:08.000,MED,Y,B,M,56.0,DE,N,N,125.25,N
20252600,2026-08-26T17:14:29.000,MIN,N,W,M,27.0,DE,N,N,145.00,N
20245439,2025-08-19T16:28:23.000,MED,Y,O,M,42.0,DE,N,N,130.35,Y
20219312,2026-03-20T19:51:13.000,MAX,N,O,M,32.0,DE,N,N,140.20,Y
20246646,2025-10-15T17:04:59.000,MAX,Y,B,M,23.0,DE,N,Y,105.15,Y
20203434,2024-10-30T16:25:46.000,MAX,Y,B,M,24.0,DE,N,Y,105.15,Y
20221959,2026-06-15T00:38:02.000,MED,N,B,M,34.0,DEP,N,N,VOP,Y
20125128,2026-08-10T11:52:11.000,MAX,Y,B,F,30.0,DE,N,N,CO,N
20245703,2025-08-30T15:13:43.000,MED,Y,B,M,20.0,DE,N,N,120.10,Y
20232939,2025-06-25T01:06:00.000,MED,Y,B,M,21.0,DE,N,Y,110-125.25,Y
20248713,2026-02-08T16:35:00.000,MED,N,B,M,19.0,DE,N,Y,110-125.25,Y
20242276,2025-03-19T21:57:48.000,MAX,N,B,M,20.0,DE,N,Y,105.15,Y
20244874,2026-06-29T15:03:09.000,MED,Y,B,M,25.0,DE,N,N,125.25,N
20248979,2026-02-24T16:53:00.000,MIN,Y,B,M,38.0,DE,N,N,140.25,N
20076745,2026-08-27T12:12:57.000,MIN,Y,B,M,44.0,DE,N,N,110-125.25,N
55842,2025-12-30T16:56:13.000,MIN,Y,B,M,51.0,DE,N,N,160.15,Y
20231078,2026-03-14T23:05:00.000,MIN,Y,B,F,34.0,DE,N,N,140.20,N
20242622,2026-05-13T19:22:32.000,MIN,Y,B,M,34.0,DE,N,N,250.45,N
20171908,2024-08-07T16:04:11.000,MAX,Y,O,M,30.0,DE,N,Y,125.25,Y
20216177,2025-11-19T15:22:53.000,MAX,N,B,M,23.0,DE,N,Y,160.15,Y
20245128,2025-08-04T11:34:40.000,MAX,Y,B,M,21.0,DE,N,Y,160.15,Y
34174,2026-08-09T19:14:38.000,MED,Y,W,M,39.0,DE,N,N,140.20,N
20248958,2026-02-22T01:33:31.000,MED,N,O,M,19.0,DE,N,Y,125.27,Y
20247672,2025-12-07T14:45:00.000,MIN,N,B,M,42.0,DE,N,N,110-125.25,N
20250523,2026-05-11T18:59:53.000,MED,Y,H,M,44.0,DE,N,N,120.10,Y
20245588,2025-09-07T01:09:03.000,MED,N,O,M,27.0,DE,N,N,160.15,Y
20183949,2026-04-29T11:45:57.000,MAX,Y,O,M,26.0,DE,N,N,125.27,Y
20247974,2026-08-14T15:36:00.000,MIN,Y,B,M,25.0,DE,N,N,170.20,N
20248152,2026-01-07T17:34:27.000,MED,Y,A,M,42.0,DE,N,N,125.25,N
20251186,2026-06-12T14:21:22.000,MIN,N,B,M,39.0,DE,N,N,220.21,N
20176521,2026-01-31T15:50:00.000,MAX,Y,B,M,26.0,DE,N,Y,140.20,Y
20239589,2026-02-24T13:51:34.000,MIN,Y,O,M,37.0,DE,N,N,120.05,N
3739,2025-11-12T13:02:07.000,MIN,Y,B,M,60.0,DE,N,N,110-125.25,N
20242775,2026-05-26T13:29:59.000,MIN,N,B,M,49.0,CS,N,N,220.39,N
20205236,2023-09-08T18:55:34.000,MAX,Y,B,M,25.0,DE,N,Y,110-125.25,Y
20015997,2024-12-07T00:33:11.000,MED,Y,B,M,43.0,DE,N,N,125.25,Y
20162659,2026-01-22T15:53:12.000,MAX,Y,O,M,40.0,DE,N,N,120.05,Y
20135451,2026-04-30T12:33:24.000,MIN,N,B,M,28.0,CS,N,N,,N
10009400,2026-05-14T15:25:32.000,MED,N,B,M,34.0,DE,N,Y,125.25,N
2270,2023-07-14T20:14:41.000,MED,Y,O,M,46.0,DE,N,Y,125.25,Y
20119941,2026-04-18T16:49:54.000,MED,Y,O,M,52.0,DE,N,N,140.20,Y
20231276,2026-07-19T01:18:49.000,MED,Y,B,M,20.0,DE,N,Y,110-120.07,N
20244143,2025-06-17T16:53:08.000,MED,Y,B,M,35.0,DE,N,N,120.05,Y
20247823,2026-08-21T16:46:53.000,MIN,Y,B,M,27.0,DE,N,N,120.05,N
20110930,2026-07-28T15:54:29.000,MAX,Y,B,M,42.0,DE,N,N,140.25,N
153049,2026-08-25T00:45:00.000,MIN,N,B,M,66.0,DE,N,N,155.25,N
20185217,2025-12-17T01:06:52.000,MAX,Y,B,M,30.0,DE,N,Y,125.25,Y
166223,2025-04-17T20:53:58.000,MIN,N,U,M,44.0,DE,N,N,105.15,N
20126742,2026-04-28T22:54:00.000,MED,Y,B,M,30.0,DE,N,Y,125.25,Y
26125,2025-07-15T13:27:54.000,MIN,N,O,M,42.0,DE,N,N,110-125.25,N
3824,2026-08-14T00:33:57.000,MED,Y,B,M,37.0,DE,N,N,140.20,N
20053190,2026-05-09T17:22:58.000,MIN,Y,B,M,32.0,DE,N,N,120.10,N
20245923,2025-09-10T16:21:46.000,MED,N,B,M,33.0,DE,N,N,125.25,N
25387,2026-05-11T00:30:48.000,MIN,N,O,M,41.0,DE,N,N,140.20,N
20221084,2026-05-27T15:58:02.000,MIN,Y,W,M,39.0,DE,N,N,140.20,N
20231660,2026-04-14T11:33:20.000,MAX,Y,B,M,41.0,DE,N,N,110-120.10,Y
20224128,2023-04-17T18:45:00.000,MED,Y,W,M,65.0,DE,N,N,125.25,N
20041895,2026-01-21T14:16:23.000,MED,N,O,M,57.0,DE,N,N,160.15,N
20250421,2026-08-02T20:00:02.000,MIN,N,B,M,27.0,DE,N,N,140.25,N
20248052,2025-12-31T00:16:39.000,MED,Y,O,M,28.0,DE,N,N,130.35,N
20252612,2026-08-27T14:42:09.000,MIN,N,B,F,35.0,DE,N,N,145.00,N
20243254,2026-02-10T15:06:31.000,MAX,N,B,M,20.0,DE,N,Y,110-125.25,Y
20229048,2026-05-26T15:05:38.000,MIN,Y,U,M,20.0,CS,N,N,,Y
20203505,2024-06-25T16:18:49.000,MAX,Y,B,M,29.0,DE,N,N,110-130.35,Y
20238760,2026-06-01T14:07:20.000,MIN,N,B,M,20.0,DE,N,Y,160.15,Y
7135,2025-12-07T12:37:35.000,MED,Y,O,M,48.0,DE,N,N,110-125.25,Y
20165286,2026-03-09T11:15:00.000,MED,Y,B,M,53.0,CS,N,N,,N
20230793,2026-07-29T19:24:10.000,MED,N,W,M,34.0,DE,N,N,155.35,N
20251037,2026-06-05T12:36:15.000,MED,N,B,M,20.0,DE,N,Y,110-125.25,N
20238852,2026-07-09T17:28:09.000,MAX,Y,B,M,37.0,DE,N,N,150.05,N
20124884,2026-08-10T15:07:10.000,MAX,N,B,M,30.0,DE,N,N,110-125.25,N
20220031,2026-08-27T17:45:00.000,MIN,N,W,M,41.0,DE,N,N,120.05,N
20072935,2025-03-23T16:32:59.000,MED,Y,B,F,31.0,DE,N,N,140.20,Y
111052,2026-05-12T16:29:48.000,MED,N,B,M,48.0,DE,N,N,160.10,Y
20251297,2026-06-19T00:28:03.000,MIN,N,O,M,26.0,DE,N,N,121.12,N
10000388,2026-07-13T21:06:09.000,MIN,Y,B,M,37.0,DE,N,N,220.41,N
20201691,2026-04-01T05:48:55.000,MED,Y,B,M,41.0,DE,N,N,170.25,Y
20249636,2026-03-29T23:17:00.000,MED,N,B,M,30.0,DE,N,N,265.03,Y
20214960,2025-07-01T22:44:01.000,MAX,Y,B,M,31.0,DE,N,N,120.05,N
20246012,2026-07-28T15:51:07.000,MAX,N,B,M,19.0,DE,N,Y,105.15,N
20245363,2026-05-01T00:44:19.000,MIN,Y,B,M,44.0,CS,N,N,,N
48992,2026-03-20T01:22:27.000,MED,Y,B,M,58.0,DE,N,Y,110-160.10,Y
20160989,2025-12-15T14:58:28.000,MAX,Y,B,M,32.0,DE,N,N,160.15,Y
12355,2026-02-28T21:04:28.000,MIN,N,O,M,58.0,DE,N,N,160.10,N
20228314,2025-06-18T21:05:45.000,MAX,Y,B,M,21.0,DE,N,Y,105.15,Y
93393,2026-04-25T15:07:00.000,MAX,Y,O,M,38.0,DE,N,N,120.05,N
20197183,2026-05-06T18:30:34.000,MAX,N,B,M,27.0,DE,N,Y,125.25,Y
20080801,2025-08-01T18:08:13.000,MED,Y,W,M,39.0,DE,N,N,130.96,Y
20215741,2026-05-27T19:02:43.000,MAX,Y,B,M,23.0,DE,N,Y,160.15,Y
20079404,2026-07-23T20:19:47.000,MAX,N,B,M,30.0,DE,N,Y,220.16,N
120739,2026-08-10T00:56:00.000,MAX,Y,O,M,39.0,DE,N,N,140.25,N
121344,2026-05-27T20:29:00.000,MED,Y,B,F,42.0,DE,N,N,220.16,N
20117149,2024-11-23T19:30:20.000,MED,Y,O,M,33.0,DE,N,N,220.16,Y
46465,2025-11-13T10:28:02.000,MED,N,B,M,37.0,DE,N,N,160.10,Y
20034608,2026-04-25T16:28:08.000,MED,Y,B,M,32.0,DE,N,N,160.10,N
20246570,2026-05-20T07:14:12.000,MIN,N,O,M,33.0,CS,N,N,215.56,N
4345,2026-01-30T16:35:00.000,MAX,Y,B,M,43.0,DE,N,N,140.25,Y
157704,2025-11-10T16:06:49.000,MED,Y,B,M,41.0,DE,N,N,140.25,N
20224807,2026-06-13T12:31:30.000,MAX,N,O,M,31.0,DE,N,N,130.35,Y
20251989,2026-07-25T22:42:00.000,MIN,N,O,F,57.0,DE,N,N,160.10,N
20122688,2025-12-09T00:50:00.000,MED,N,B,M,31.0,DE,N,N,160.10,Y
7747,2026-04-01T16:28:05.000,MED,Y,O,M,49.0,DE,N,N,125.25,N
20247290,2025-11-16T01:28:19.000,MIN,N,O,M,23.0,DE,N,N,120.05,N
133280,2025-02-25T16:20:35.000,MAX,Y,B,F,24.0,DE,N,N,120.10,Y
20212548,2026-04-15T16:32:00.000,MAX,Y,B,F,24.0,DE,N,N,110-125.25,Y
20187566,2025-12-30T16:40:01.000,MAX,N,O,M,28.0,DE,N,Y,160.15,Y
20208002,2026-07-19T01:22:18.000,MIN,Y,B,M,25.0,DE,N,N,110-125.25,N
50441,2026-06-28T00:23:00.000,MAX,N,B,M,38.0,DE,N,Y,265.03,Y
20126527,2026-06-11T00:34:47.000,MAX,Y,B,M,29.0,DE,N,N,160.05,Y
20227584,2025-05-14T15:31:13.000,MED,Y,O,M,23.0,DE,N,N,155.35,N
20214521,2021-06-18T00:28:58.000,MAX,Y,B,M,24.0,DE,N,Y,125.25,Y
20185206,2026-07-18T01:45:50.000,MIN,Y,O,M,42.0,DE,N,N,120.05,N
20247394,2025-11-21T11:50:25.000,MED,N,O,M,20.0,DE,N,Y,105.15,Y
20249674,2026-04-01T10:56:14.000,MED,Y,B,M,26.0,DE,N,N,150.15,N
20232084,2026-05-05T15:07:17.000,MIN,Y,O,M,44.0,DE,N,N,265.03,N
20131074,2025-08-27T12:53:47.000,MIN,Y,B,M,39.0,DE,N,N,120.05,Y
44656,2026-05-29T16:39:50.000,MIN,N,B,M,60.0,DE,N,N,140.20,N
20208829,2026-07-14T12:44:36.000,MED,Y,W,M,67.0,DE,N,N,140.25,N
20245217,2025-08-08T13:14:09.000,MAX,Y,B,F,20.0,DE,N,Y,105.15,Y
20248511,2026-01-26T17:24:29.000,MIN,N,B,M,25.0,DE,N,N,110-125.27,N
20244110,2025-06-15T11:44:38.000,MED,Y,B,M,33.0,DE,N,N,125.25,N
20249745,2026-04-05T00:41:42.000,MED,Y,B,F,21.0,DE,N,N,265.03,Y
20038283,2026-02-17T16:26:27.000,MAX,Y,O,M,35.0,DE,N,N,110-125.25,Y
20109401,2026-05-09T00:18:16.000,MED,Y,B,M,32.0,DE,N,N,155.35,N
20216960,2026-02-19T12:00:28.000,MAX,N,B,M,22.0,DE,N,Y,110-125.25,Y
20248287,2026-01-14T17:27:42.000,MIN,N,O,M,66.0,DE,N,N,105.10,Y
156920,2026-05-13T12:09:30.000,MAX,N,O,M,34.0,DE,N,N,110-125.25,Y
20239502,2025-03-24T17:08:36.000,MIN,N,B,M,53.0,DE,N,N,220.39,N
20238681,2024-09-13T15:00:04.000,MED,N,B,M,33.0,DE,N,N,125.25,Y
20247141,2025-11-09T20:38:10.000,MIN,Y,B,M,27.0,DE,N,Y,160.10,Y
20247808,2026-06-28T17:24:18.000,MIN,Y,B,M,45.0,CS,N,N,,N
20231261,2026-01-30T21:53:12.000,MED,N,O,M,41.0,DE,N,N,155.30,Y
20244412,2026-07-03T01:05:52.000,MED,Y,B,M,46.0,DE,N,N,160.15,N
20167595,2026-07-10T15:57:51.000,MED,N,O,M,37.0,DE,N,N,265.03,N
20242587,2026-05-07T00:20:00.000,MIN,N,B,M,20.0,CS,N,N,,N
20241238,2025-12-01T20:47:32.000,MIN,Y,B,M,35.0,DE,N,N,155.35,Y
20241299,2025-01-26T17:10:00.000,MED,Y,O,M,31.0,DE,N,N,125.25,Y
20232169,2026-07-21T17:35:59.000,MIN,Y,O,M,42.0,DE,N,N,220.21,N
20252104,2026-08-01T17:17:32.000,MIN,Y,B,M,28.0,DE,N,N,120.05,N
20238313,2026-05-13T11:24:10.000,MIN,N,B,M,27.0,CS,N,N,110-265.03,N
44434,2026-03-28T20:53:56.000,MAX,Y,B,M,43.0,DE,N,N,110-125.25,Y
20146463,2026-01-28T00:29:19.000,MED,Y,B,M,34.0,DE,N,N,120.05,Y
20095759,2026-07-12T01:20:39.000,MAX,N,B,M,35.0,DE,N,N,160.15,N
20249847,2026-04-09T20:13:34.000,MIN,N,H,M,21.0,DE,N,N,220.21,N
107266,2026-06-17T11:09:28.000,MIN,N,B,M,61.0,DE,N,N,120.05,N
20211022,2025-06-19T12:09:56.000,MAX,Y,B,M,40.0,DE,N,N,160.10,Y
20180697,2025-08-29T18:35:15.000,MAX,Y,O,M,25.0,DEP,N,Y,110-125.25,Y
20029303,2024-12-03T14:25:49.000,MED,N,B,M,34.0,DE,N,Y,105.17,Y
20134003,2025-11-25T01:40:00.000,MED,N,A,M,34.0,DE,N,N,110-130.35,N
20095516,2026-04-28T01:36:06.000,MAX,Y,O,M,41.0,DE,N,N,140.30,Y
20095615,2026-07-09T12:01:44.000,MAX,Y,B,M,30.0,DE,N,N,140.20,Y
20177809,2026-07-14T23:15:51.000,MAX,Y,B,M,25.0,DE,N,Y,140.25,N
20107857,2025-11-15T17:05:52.000,MED,Y,B,M,33.0,DE,N,N,130.35,Y
20220959,2023-01-11T12:02:50.000,MAX,Y,O,M,22.0,DE,N,Y,125.25,Y
20249468,2026-03-20T02:01:14.000,MIN,N,O,M,31.0,DE,N,N,220.21,N
20226437,2023-08-16T18:05:53.000,MAX,Y,O,M,32.0,DE,N,Y,125.25,Y
20217094,2025-02-10T17:17:53.000,MED,Y,B,M,47.0,DE,N,N,125.27,Y
137177,2026-07-18T00:49:19.000,MIN,Y,B,M,52.0,DE,N,N,160.10,N
20244445,2026-07-22T19:28:00.000,MED,N,O,M,40.0,DE,N,N,220.16,N
20240704,2024-12-24T13:11:00.000,MED,Y,O,M,35.0,DE,N,N,125.25,N
20252077,2026-07-30T19:21:00.000,MED,Y,B,M,20.0,DE,N,N,110-125.25,N
20238964,2026-08-09T16:37:20.000,MED,N,B,M,23.0,DE,N,Y,215.50,N
20243250,2025-05-07T12:55:28.000,MED,Y,B,M,21.0,DE,N,N,130.35,Y
20246689,2025-10-17T01:08:36.000,MED,Y,O,M,33.0,DE,N,N,120.05,Y
20148486,2026-07-10T15:51:28.000,MAX,N,B,M,28.0,DE,N,Y,160.15,N
20188242,2026-07-09T17:27:21.000,MIN,Y,B,M,49.0,DE,N,N,265.03,N
20251203,2026-06-13T10:24:28.000,MED,N,W,M,39.0,DE,N,N,130.95,N
20223002,2025-10-22T11:06:21.000,MED,Y,B,M,32.0,DE,N,N,160.10,N
20195124,2026-08-05T13:05:24.000,MED,Y,B,M,27.0,DE,N,N,220.43,N
20248179,2026-07-16T11:51:22.000,MED,Y,O,M,34.0,DE,N,N,265.03,N
20243216,2025-05-05T15:57:41.000,MED,Y,O,M,48.0,DE,N,N,135.25,N
141851,2024-10-04T18:38:42.000,MIN,Y,O,M,48.0,DE,N,N,120.10,N
20246130,2025-09-19T16:45:09.000,MIN,N,B,M,32.0,DE,N,N,235.22,N
20223497,2025-02-21T17:20:24.000,MAX,Y,B,M,23.0,DE,N,Y,125.25,Y
8787,2026-08-04T15:03:16.000,MED,Y,O,F,47.0,DE,N,N,120.10,N
20237060,2026-04-29T15:08:50.000,MED,Y,B,M,47.0,DE,N,N,130.65,N
10005711,2026-07-27T18:56:41.000,MED,Y,B,M,47.0,DE,N,N,140.20,N
20251965,2026-07-24T16:14:40.000,MIN,Y,O,F,30.0,DE,N,N,120.05,N
20227666,2024-07-17T15:41:54.000,MED,Y,B,M,29.0,DE,N,N,125.25,N
20248864,2026-02-16T20:06:42.000,MED,Y,O,F,41.0,DE,N,N,160.15,Y
20080967,2026-05-16T11:52:36.000,MIN,N,B,M,39.0,DE,N,N,265.03,N
20239996,2024-11-18T16:49:04.000,MIN,Y,W,M,34.0,DE,N,N,140.30,Y
20136998,2026-05-13T12:04:33.000,MIN,N,B,M,43.0,DE,N,N,265.03,N
78354,2025-07-31T15:12:43.000,MAX,Y,O,M,52.0,DE,N,N,110-125.25,Y
20251781,2026-07-14T20:29:58.000,MIN,N,O,M,62.0,DE,N,N,220.21,N
20250320,2026-05-02T16:34:53.000,MED,Y,B,M,27.0,DE,N,N,110-130.35,N
20231982,2026-05-23T12:15:52.000,MIN,Y,W,M,36.0,DE,N,N,140.20,N
20232951,2025-11-26T11:21:50.000,MAX,Y,B,M,22.0,DE,N,Y,110-120.10,Y
20223008,2026-07-04T11:22:52.000,MAX,Y,B,M,32.0,DE,N,N,265.02,Y
20246909,2025-10-28T18:36:40.000,MAX,Y,O,M,19.0,DE,N,Y,110-125.25,Y
20007152,2023-09-01T20:24:06.000,MED,Y,B,M,58.0,DE,N,N,125.27,N
20250040,2026-04-17T19:54:12.000,MED,N,O,M,39.0,DE,N,N,130.35,N
20175417,2026-03-29T00:41:28.000,MED,N,O,M,27.0,DE,N,Y,140.30,Y
83179,2026-02-28T19:52:07.000,MIN,Y,B,M,57.0,CS,N,N,140.20,N
35877,2025-05-15T16:33:00.000,MIN,Y,B,M,38.0,DE,N,Y,110-125.25,Y
20251945,2026-07-23T01:08:00.000,MED,N,W,M,39.0,DE,N,N,125.25,N
20247879,2025-12-18T20:37:49.000,MIN,N,O,M,49.0,DE,N,N,220.21,N
20251820,2026-07-16T15:56:03.000,MED,Y,B,M,58.0,DE,N,N,125.25,N
20246979,2026-06-11T19:56:25.000,MIN,Y,O,M,42.0,DE,N,N,140.25,N
20251083,2026-06-07T20:24:54.000,MIN,N,B,M,52.0,DE,N,N,160.15,N
20009954,2025-08-13T16:15:36.000,MIN,Y,O,M,35.0,DE,N,N,140.25,Y
20045739,2026-07-29T16:16:06.000,MED,Y,O,M,63.0,DE,N,N,140.20,N
20247740,2026-01-07T11:00:00.000,MIN,N,B,M,48.0,DE,N,N,140.25,N
33636,2025-02-18T14:50:00.000,MAX,Y,B,M,44.0,DE,N,Y,130.35,Y
30904,2026-02-03T13:05:52.000,MED,Y,W,M,39.0,DE,N,N,160.10,Y
20210050,2026-05-04T17:33:15.000,MIN,Y,A,M,61.0,DE,N,N,110-125.25,N
20012694,2026-08-13T00:26:00.000,MED,Y,B,M,44.0,DE,N,Y,140.20,N
20010657,2026-02-05T11:11:27.000,MED,N,B,M,44.0,DE,N,N,VTL 666.66,Y
20218720,2024-10-18T15:49:49.000,MED,N,O,M,25.0,DE,N,Y,125.25,Y
20239701,2025-10-27T16:13:19.000,MIN,Y,B,M,47.0,DE,N,N,160.10,N
20247444,2026-08-14T15:53:17.000,MED,Y,B,M,35.0,DE,N,N,140.20,N
20210783,2020-08-12T20:17:00.000,MED,Y,B,M,55.0,DE,N,N,125.25,N
20238669,2026-06-14T13:18:00.000,MIN,Y,B,M,23.0,DE,N,Y,215.50,Y
20251599,2026-07-04T21:16:54.000,MIN,N,B,M,57.0,DE,N,N,130.52,N
20244605,2026-03-05T14:38:03.000,MIN,Y,O,M,60.0,CS,N,N,265.02,N
10000341,2026-06-06T01:17:27.000,MIN,N,B,M,39.0,DE,N,N,168-T,N
20216532,2026-05-31T19:00:21.000,MED,N,O,M,39.0,DE,N,N,125.25,N
133464,2026-04-06T10:43:45.000,MED,Y,B,M,36.0,DE,N,Y,125.27,N
20252157,2026-08-05T13:26:57.000,MIN,Y,O,F,42.0,DE,N,N,220.43,N
20216826,2026-04-03T11:51:02.000,MAX,Y,O,M,33.0,DE,N,N,120.05,Y
20251750,2026-08-15T13:53:42.000,MIN,Y,W,F,36.0,DE,N,N,220.03,N
20252069,2026-07-30T16:33:57.000,MED,Y,B,F,36.0,DE,N,N,125.25,N
20238646,2024-11-14T13:33:42.000,MIN,Y,B,M,36.0,DE,N,N,120.05,Y
20238279,2025-01-07T15:50:59.000,MED,Y,B,M,23.0,DE,N,Y,140.25,Y
87944,2026-04-22T19:09:00.000,MIN,Y,O,M,47.0,DE,N,Y,140.20,N
20075042,2026-06-20T11:35:00.000,MIN,Y,W,M,34.0,DE,N,N,120.05,N
20169328,2025-07-06T01:13:27.000,MED,Y,B,M,33.0,DE,N,N,160.10,Y
20137105,2026-08-09T12:48:37.000,MAX,Y,B,M,29.0,DE,N,Y,120.05,N
20133892,2026-07-13T00:14:00.000,MAX,N,O,M,31.0,DE,N,N,110-125.25,Y
20115686,2026-08-09T00:25:00.000,MIN,Y,B,M,61.0,DE,N,N,265.03,N
20228287,2026-02-15T15:58:50.000,MAX,Y,O,M,25.0,CSP,N,Y,140.25,Y
20250055,2026-04-18T14:47:55.000,MED,N,B,M,18.0,DE,N,Y,110-125.25,Y
20241218,2026-05-28T00:19:00.000,MIN,N,O,M,56.0,DE,N,N,140.20,N
10004138,2026-04-05T20:55:14.000,MIN,Y,B,M,56.0,DE,N,N,140.30,N
15949,2026-02-17T00:48:26.000,MIN,Y,O,M,62.0,DE,N,N,150.15,N
20238343,2024-10-23T18:16:04.000,MED,N,B,M,21.0,DE,N,Y,125.25,Y
20195830,2025-05-09T00:20:42.000,MIN,Y,O,M,31.0,DE,N,N,120.08,Y
20073258,2026-07-01T17:31:37.000,MIN,Y,O,M,34.0,DE,N,N,155.30,N
16250,2026-07-06T16:44:25.000,MIN,N,B,M,43.0,DE,N,N,265.03,N
20248583,2026-01-30T13:59:16.000,MIN,Y,B,M,45.0,DE,N,N,220.16,N
108065,2026-05-09T14:32:45.000,MED,Y,O,M,36.0,CS,N,N,,Y
10011596,2026-03-21T16:20:21.000,MAX,N,O,M,35.0,DE,N,N,160.15,Y
20240447,2024-12-10T17:39:57.000,MAX,Y,O,F,34.0,DE,N,N,125.25,Y
20131465,2026-07-21T22:47:30.000,MAX,N,B,M,29.0,DE,N,Y,220.39,Y
20186474,2026-01-20T12:33:47.000,MED,Y,O,M,36.0,DE,N,N,110-125.25,Y
83658,2026-04-17T17:19:42.000,MAX,N,O,M,45.0,DE,N,Y,220.39,N
10010790,2026-08-14T11:35:19.000,MED,Y,B,M,47.0,DE,N,N,120.10,N
20212525,2026-07-10T11:32:51.000,MED,Y,W,F,41.0,DE,N,N,120.05,N
20075427,2024-08-25T12:55:10.000,MED,Y,B,M,48.0,DE,N,N,265.03,Y
20096149,2026-07-02T13:38:49.000,MED,Y,B,M,41.0,DE,N,N,120.05,N
20252099,2026-08-01T01:35:51.000,MIN,Y,O,M,49.0,DE,N,N,140.25,N
20230288,2024-03-21T00:55:18.000,MED,N,O,M,47.0,DE,N,N,125.25,Y
20106712,2025-08-18T01:26:06.000,MAX,Y,B,M,38.0,DE,N,N,130.53,Y
20240690,2026-06-17T10:07:42.000,MIN,Y,B,F,30.0,CS,N,N,,N
20252019,2026-07-28T01:02:29.000,MIN,Y,B,M,35.0,DE,N,N,110-125.25,N
20212482,2022-07-04T01:45:39.000,MAX,Y,B,M,23.0,DE,N,N,125.25,Y
20252039,2026-07-28T16:58:16.000,MED,Y,O,F,39.0,DE,N,N,130.96,N
20213561,2026-04-10T18:44:41.000,MAX,Y,B,M,28.0,DE,N,N,140.30,Y
20157983,2025-06-10T17:18:11.000,MED,Y,B,M,38.0,DE,N,N,125.25,Y
20006811,2026-04-29T13:47:44.000,MIN,Y,I,M,36.0,DE,N,N,140.25,N
10014513,2026-01-24T16:47:13.000,MED,N,O,M,51.0,DEP,N,N,160.15,Y
20174579,2026-03-22T00:43:34.000,MED,Y,B,M,36.0,DE,N,N,120.05,Y
20015506,2026-08-14T20:38:16.000,MED,Y,B,F,34.0,DEP,N,N,140.25,N
20234604,2026-04-15T19:22:00.000,MIN,Y,B,M,64.0,DEP,N,N,160.15,N
112335,2025-10-17T19:41:08.000,MIN,Y,O,M,48.0,DE,N,N,190.65,N
20043230,2025-12-13T12:58:10.000,MED,N,A,M,34.0,DE,N,Y,265.03,N
20085837,2025-07-29T16:16:05.000,MAX,Y,B,M,34.0,DE,N,Y,125.25,Y
20250619,2026-05-14T22:56:00.000,MIN,Y,B,M,27.0,DE,N,N,140.25,Y
75879,2026-08-08T23:30:00.000,MIN,Y,O,M,50.0,DE,N,N,140.25,N
20080698,2026-05-15T17:27:00.000,MAX,Y,O,M,49.0,DE,N,N,140.25,Y
20249461,2026-03-20T00:55:17.000,MED,Y,O,M,19.0,DE,N,N,110-125.25,Y
20172535,2026-08-07T22:11:00.000,MIN,Y,B,M,49.0,DE,N,Y,155.30,N
20181033,2026-07-06T21:16:36.000,MAX,Y,B,M,29.0,DE,N,N,155.40,N
20245961,2026-04-17T19:35:00.000,MED,N,B,M,31.0,DE,N,N,140.25,N
20102059,2026-06-08T00:41:15.000,MED,N,B,M,38.0,DE,N,N,125.25,Y
20025750,2026-06-30T14:41:15.000,MAX,Y,O,M,34.0,DE,N,N,160.15,Y
20056245,2025-08-01T00:54:00.000,MIN,Y,O,M,49.0,DE,N,N,265.03,N
20242388,2025-03-26T00:13:00.000,MED,N,O,M,19.0,DE,N,N,125.25,Y
20249989,2026-04-15T23:14:56.000,MED,N,B,M,27.0,DE,N,N,130.30,N
20247054,2025-11-05T19:08:10.000,MED,N,B,M,44.0,DE,N,N,110-125.25,Y
20239245,2025-12-18T12:01:50.000,MED,Y,B,M,31.0,DE,N,N,215.51,Y
20071305,2025-01-12T20:46:13.000,MAX,Y,B,M,36.0,DE,N,N,120.05,Y
20247942,2026-08-06T20:46:00.000,MED,Y,B,F,33.0,DE,N,N,120.05,N
20243562,2025-05-19T15:06:57.000,MIN,Y,B,M,19.0,DE,N,Y,120.07,Y
20252384,2026-08-14T20:41:20.000,MED,Y,O,M,21.0,DE,N,N,FOA 900.00,N
20006853,2026-07-14T11:43:36.000,MIN,Y,B,M,39.0,DE,N,N,140.25,N
20160607,2026-04-04T01:10:22.000,MED,Y,B,M,30.0,DEP,N,N,215.51,N
20248743,2026-07-01T14:20:28.000,MED,Y,O,M,18.0,DE,N,Y,110-125.27,N
20251045,2026-06-05T22:28:30.000,MED,N,B,M,34.0,DE,N,N,121.12,Y
20241341,2025-01-29T11:12:21.000,MED,N,O,M,29.0,DE,N,N,220.43,Y
20226574,2023-08-23T16:18:02.000,MAX,N,B,M,23.0,DE,N,Y,105.15,Y
20169308,2026-08-09T17:16:34.000,MIN,Y,B,M,28.0,DE,N,N,120.05,N
20218040,2022-04-01T19:25:00.000,MED,Y,B,M,22.0,DE,N,Y,125.25,Y
20132176,2026-05-17T01:16:17.000,MIN,Y,B,M,37.0,DE,N,N,AC 999.99,N
20120410,2023-06-05T12:22:00.000,MED,Y,B,M,41.0,DE,N,N,125.25,Y
153842,2025-03-21T14:56:16.000,MED,Y,O,F,39.0,DE,N,N,220.21,Y
20244578,2025-07-09T00:11:41.000,MED,Y,B,M,64.0,DE,N,N,130.35,N
20022206,2026-07-13T11:47:55.000,MAX,Y,B,M,34.0,DEP,N,Y,VOP,N
6371,2026-01-29T14:54:59.000,MED,Y,O,M,55.0,DE,N,N,125.25,N
20244671,2025-07-12T16:34:24.000,MIN,N,B,M,24.0,DE,N,N,125.15,N
20035917,2025-01-14T00:41:47.000,MED,Y,O,M,45.0,DE,N,N,160.15,Y
65773,2025-10-05T16:10:50.000,MED,Y,W,M,62.0,DE,N,N,140.20,N
20216578,2026-08-05T01:05:39.000,MED,Y,B,F,40.0,DE,N,N,140.20,N
139628,2025-08-28T10:50:34.000,MED,Y,B,M,36.0,DEP,N,Y,160.10,Y
20221266,2026-05-07T11:10:01.000,MED,Y,B,M,50.0,DE,N,N,125.25,N
20240681,2024-12-21T19:46:41.000,MIN,Y,B,M,26.0,DE,N,N,110-125.25,N
11643,2026-04-21T17:08:31.000,MIN,Y,B,M,52.0,DE,N,N,155.30,N
20250634,2026-05-15T13:05:27.000,MIN,N,B,M,23.0,CS,N,N,,N
20008074,2026-06-14T20:53:56.000,MIN,Y,B,M,45.0,CS,N,N,,N
20186075,2026-06-30T13:09:04.000,MAX,Y,W,M,31.0,DE,N,N,120.05,Y
20188492,2026-02-06T18:59:23.000,MIN,Y,B,M,26.0,DE,N,Y,120.05,Y
20058282,2026-02-06T18:29:24.000,MAX,N,B,M,38.0,DE,N,Y,160.15,Y
20023305,2026-07-17T19:34:00.000,MAX,N,B,M,33.0,DE,N,N,140.30,N
20247712,2025-12-10T00:18:55.000,MAX,Y,B,M,20.0,DE,N,Y,110-125.25,Y
20226289,2026-08-10T16:42:33.000,MAX,N,B,M,25.0,DE,N,N,160.10,N
20036290,2026-05-07T17:15:26.000,MED,Y,B,M,50.0,CSP,N,N,VOP,N
20248257,2026-01-13T00:15:45.000,MIN,N,O,M,30.0,DE,N,N,160.10,N
44765,2026-01-30T16:44:00.000,MIN,N,O,M,51.0,DE,N,N,110-125.25,N
20228681,2023-12-22T00:49:00.000,MAX,Y,B,M,22.0,DE,N,Y,125.25,Y
20169038,2025-07-12T18:49:34.000,MAX,Y,O,M,32.0,DE,N,Y,140.25,Y
20249718,2026-04-03T19:52:12.000,MIN,N,O,M,27.0,DE,N,N,140.25,N
20119412,2026-02-03T16:03:00.000,MAX,Y,B,M,31.0,DE,N,Y,160.15,Y
20135633,2026-05-12T21:09:02.000,MIN,Y,B,M,50.0,DE,N,N,120.00,Y
20245918,2025-09-10T12:34:26.000,MED,N,O,M,33.0,DE,N,N,130.35,N
59789,2026-06-11T15:03:44.000,MED,Y,O,M,40.0,DE,N,N,160.15,N
20241163,2026-06-23T16:42:26.000,MAX,Y,B,M,21.0,DE,N,Y,265.03,N
20048045,2026-08-03T19:26:02.000,MIN,Y,W,M,51.0,DE,N,N,140.20,N
20247496,2025-11-26T20:15:14.000,MIN,Y,O,M,43.0,DE,N,N,120.10,N
20250618,2026-05-14T21:18:48.000,MIN,Y,W,M,33.0,DE,N,N,120.05,N
20244958,2025-07-25T18:50:56.000,MAX,Y,B,M,25.0,DE,N,Y,125.25,Y
20223130,2026-07-13T13:53:48.000,MIN,Y,W,M,38.0,DE,N,N,155.40,N
20902,2026-06-05T22:02:38.000,MIN,N,B,M,74.0,DE,N,N,110-125.25,N
20173835,2026-07-23T15:47:25.000,MAX,N,B,M,27.0,DE,N,Y,265.01B,N
20244277,2025-06-23T22:34:00.000,MED,Y,B,M,25.0,DE,N,N,125.25,Y
106233,2026-04-25T01:21:32.000,MAX,Y,B,M,36.0,DE,N,Y,265.03,Y
57201,2025-11-21T12:31:49.000,MED,N,B,M,42.0,DE,N,Y,220.21,Y
20241809,2025-09-08T11:46:55.000,MAX,Y,O,M,21.0,DE,N,N,160.15,Y
20142118,2026-02-25T14:45:06.000,MAX,Y,B,M,29.0,DE,N,Y,125.25,Y
20045243,2026-04-03T18:41:41.000,MAX,Y,B,M,32.0,DE,N,Y,265.03,Y
20251631,2026-07-06T15:27:34.000,MED,N,O,M,39.0,DE,N,N,130.65,N
20220113,2026-05-07T14:33:51.000,MIN,Y,B,M,23.0,DE,N,Y,160.10,N
20057180,2026-07-23T21:21:00.000,MED,N,O,M,35.0,DE,N,N,155.35,N
20251556,2026-07-09T17:01:49.000,MIN,Y,A,M,25.0,DE,N,N,140.25,N
20252303,2026-08-11T12:54:01.000,MIN,N,O,M,21.0,DE,N,N,265.03,N
20227577,2023-10-21T02:20:42.000,MED,N,W,M,22.0,DE,N,N,130.35,Y
94370,2026-07-26T13:28:36.000,MIN,Y,O,M,60.0,DE,N,N,120.05,N
20226247,2026-06-04T23:47:57.000,MIN,Y,B,F,37.0,DE,N,N,265.01,N
20250051,2026-04-18T13:04:47.000,MED,N,O,M,21.0,DE,N,N,155.30,Y
20094376,2025-10-11T12:38:26.000,MED,Y,O,M,47.0,DE,N,N,130.65,N
20248386,2026-01-19T20:56:41.000,MED,Y,B,M,19.0,DE,N,N,110-120.10,Y
20240131,2026-02-26T20:40:06.000,MAX,N,O,M,31.0,DE,N,N,155.35,Y
20239972,2025-10-03T11:48:09.000,MAX,N,B,M,34.0,DE,N,N,110-125.25,Y
100544,2026-01-08T13:53:40.000,MIN,N,B,M,38.0,DE,N,N,120.10,Y
85835,2026-04-29T15:38:09.000,MIN,Y,W,M,42.0,DE,N,N,140.25,N
20087168,2026-04-14T19:29:58.000,MIN,Y,B,M,47.0,DE,N,N,265.03,N
20239102,2024-10-03T16:38:00.000,MED,Y,B,M,55.0,DE,N,N,125.25,Y
47179,2026-07-16T12:26:56.000,MIN,Y,O,M,44.0,CS,N,N,215.50,N
20241533,2025-02-08T17:27:47.000,MAX,Y,O,M,32.0,DE,N,N,130.35,Y
20228809,2026-04-21T12:47:49.000,MIN,Y,A,M,52.0,CS,N,N,110-265.03,N
20215856,2026-06-20T16:29:19.000,MAX,N,B,M,23.0,DE,N,Y,110-125.25,Y
10012904,2026-06-16T13:01:56.000,MED,N,B,M,35.0,DE,N,N,125.25,Y
20179368,2026-02-26T11:57:00.000,MAX,N,O,M,32.0,DE,N,Y,220.41,Y
20248761,2026-02-11T12:14:11.000,MIN,N,O,M,38.0,DE,N,N,220.43,N
101977,2026-08-06T00:54:25.000,MED,N,W,F,62.0,DE,N,N,220.39,N
20251577,2026-07-03T21:42:03.000,MED,Y,B,M,27.0,DE,N,N,110-125.25,N
20021363,2026-07-19T17:03:24.000,MED,Y,B,M,38.0,DE,N,N,120.05,N
20251861,2026-07-17T19:55:54.000,MED,Y,O,M,27.0,DE,N,N,FOA 900.00,N
80769,2026-07-05T23:47:53.000,MIN,N,B,M,37.0,DE,N,N,120.05,N
20201483,2026-03-04T16:00:51.000,MAX,Y,B,M,26.0,DE,N,Y,160.15,Y
20243786,2026-07-05T12:43:33.000,MAX,N,B,M,19.0,DE,N,Y,160.15,N
20245271,2025-08-11T16:01:00.000,MED,Y,O,M,40.0,DE,N,N,125.25,N
110883,2026-04-17T20:14:58.000,MIN,N,B,M,35.0,DE,N,N,120.05,N
20001663,2026-08-10T01:07:04.000,MED,N,B,M,48.0,DE,N,N,220.16,N
20206906,2026-06-19T17:10:00.000,MIN,N,O,M,50.0,CS,N,N,,N
100797,2026-07-06T00:09:12.000,MED,Y,W,M,59.0,DE,N,N,160.15,N
41940,2026-08-09T23:46:37.000,MED,N,B,M,62.0,DE,N,N,220.16,N
20230475,2026-08-11T01:14:00.000,MED,N,W,M,25.0,DE,N,N,140.25,N
20238129,2026-05-05T17:07:10.000,MAX,Y,B,M,44.0,DE,N,N,120.05,Y
20235610,2026-04-21T12:54:53.000,MIN,N,B,M,52.0,DE,N,N,265.03,N
2441,2026-03-25T12:46:05.000,MIN,Y,B,M,44.0,DE,N,N,215.52,N
20075201,2024-10-03T17:09:04.000,MAX,N,O,M,32.0,DE,N,N,125.25,Y
20159780,2025-06-10T13:08:00.000,MED,Y,B,M,32.0,DE,N,N,120.10,Y
20238709,2026-07-02T17:03:55.000,MIN,N,B,M,44.0,DE,N,N,265.03,N
20251952,2026-07-23T16:48:33.000,MIN,N,O,M,35.0,DE,N,N,140.25,N
20240674,2025-11-17T16:30:45.000,MIN,Y,W,M,37.0,DE,N,N,110-125.25,N
20240069,2024-11-21T17:02:09.000,MED,Y,O,M,36.0,DE,N,N,125.25,Y
37903,2024-09-22T23:45:22.000,MED,Y,B,M,42.0,DE,N,Y,125.25,Y
20231994,2025-06-06T15:55:46.000,MED,Y,B,M,20.0,DE,N,Y,120.10,Y
20231430,2026-07-29T15:41:27.000,MED,N,O,M,27.0,CS,N,N,215.52,N
15892,2026-06-13T11:37:07.000,MIN,N,B,M,62.0,CS,N,N,155.25,N
20251863,2026-07-18T00:03:12.000,MED,N,B,M,31.0,DE,N,N,110-125.25,N
112160,2026-05-20T12:34:38.000,MIN,Y,B,M,37.0,DE,N,N,120.05,N
20149019,2026-07-28T13:20:52.000,MED,N,B,M,32.0,DE,N,N,140.25,N
20150390,2023-12-28T20:12:53.000,MAX,N,O,M,28.0,DE,N,Y,110-125.25,Y
35678,2026-07-17T17:21:53.000,MED,N,O,M,49.0,DE,N,N,160.15,N
20216416,2026-07-03T00:40:00.000,MED,Y,A,F,44.0,DE,N,N,140.20,Y
20096009,2026-04-15T23:33:16.000,MIN,Y,O,M,42.0,DE,N,N,160.05,N
20245840,2025-09-06T12:18:51.000,MIN,N,B,M,31.0,DE,N,Y,110-125.25,Y
20211404,2022-08-17T20:14:48.000,MAX,N,B,M,50.0,DE,N,N,125.25,Y
20069919,2026-07-15T16:00:08.000,MIN,Y,B,M,55.0,DE,N,N,140.20,N
20244939,2025-07-24T21:14:40.000,MED,N,O,M,29.0,DE,N,N,220.21,Y
20251509,2026-08-10T00:18:00.000,MED,Y,B,M,40.0,DEP,N,N,155.30,N
20252040,2026-07-28T18:03:40.000,MED,Y,W,M,35.0,DE,N,N,130.35,N
20244294,2026-04-08T00:15:17.000,MIN,Y,O,M,26.0,DE,N,N,120.05,N
20073332,2023-03-02T16:55:50.000,MED,N,B,M,57.0,DE,N,N,125.27,N
20192431,2026-02-12T02:04:50.000,MAX,Y,A,M,25.0,DE,N,N,265.03,N
20252043,2026-07-29T01:09:00.000,MED,Y,B,M,30.0,DE,N,N,125.25,N
20232438,2026-06-20T12:00:39.000,MAX,N,O,M,20.0,DE,N,N,160.05,Y
124760,2025-08-06T01:35:04.000,MED,Y,B,M,43.0,DE,N,N,110-125.25,N
20240284,2024-12-03T14:05:41.000,MED,Y,B,M,54.0,DE,N,N,130.75,Y
20248612,2026-02-02T00:28:00.000,MIN,N,O,M,55.0,DE,N,N,260.10,N
20245396,2025-11-06T16:19:02.000,MED,N,B,M,33.0,DE,N,N,160.15,Y
103596,2024-05-01T14:33:01.000,MED,Y,O,M,59.0,DE,N,N,125.25,Y
20026127,2026-05-02T19:10:00.000,MED,Y,O,M,49.0,DE,N,N,160.15,N
20252266,2026-08-09T16:29:55.000,MED,N,O,M,22.0,DE,N,N,110-125.25,N
5211,2023-03-26T01:43:56.000,MAX,Y,B,F,39.0,DE,N,N,125.25,Y
49544,2026-04-27T13:15:22.000,MAX,Y,B,M,41.0,CS,N,Y,220.16,Y
1550,2025-07-13T21:29:56.000,MIN,Y,B,M,61.0,DE,N,N,140.20,Y
20219109,2026-07-02T14:40:00.000,MAX,Y,B,M,34.0,DE,N,N,155.30,N
9913,2026-03-20T12:58:23.000,MED,Y,B,M,61.0,DE,N,N,135.25,N
20226312,2026-08-07T18:49:00.000,MAX,Y,O,M,26.0,DE,N,Y,220.16,N
20053271,2023-05-11T19:44:09.000,MED,N,B,M,42.0,DE,N,N,125.25,N
20247128,2025-11-09T01:28:28.000,MAX,Y,B,M,32.0,DE,N,N,140.30SM,Y
20095375,2026-02-25T19:31:48.000,MIN,N,O,M,53.0,DE,N,N,220.43,N
20221028,2022-10-06T16:58:00.000,MED,Y,B,M,46.0,DE,N,N,125.25,Y
20250567,2026-05-13T01:30:55.000,MIN,N,O,M,26.0,DE,N,N,220.21,N
20252277,2026-08-10T00:39:56.000,MIN,N,W,M,41.0,DE,N,N,120.14,N
20030959,2026-04-10T20:17:46.000,MIN,N,O,M,32.0,DE,N,N,110-125.25,Y
20249134,2026-04-14T16:06:43.000,MIN,N,O,M,44.0,DE,N,N,155.35,N
20187915,2026-07-16T15:48:30.000,MAX,Y,B,M,36.0,DE,N,N,160.15,N
20244855,2026-08-10T01:13:16.000,MIN,Y,B,M,40.0,CS,N,N,155.25,N
20251196,2026-06-12T22:31:01.000,MIN,Y,O,M,52.0,DE,N,N,110-125.25,N
148818,2026-01-21T12:52:26.000,MIN,N,B,M,40.0,CS,N,N,265.01B,N
10426,2026-01-23T21:22:50.000,MAX,N,B,M,37.0,DE,N,Y,110-125.25,Y
20252261,2026-08-09T12:55:25.000,MED,N,O,M,18.0,DE,N,N,160.15,N
20248600,2026-05-04T01:44:48.000,MIN,Y,O,M,32.0,DE,N,N,110-140.25,N
28761,2025-11-11T00:08:09.000,MIN,N,W,M,42.0,DE,N,N,140.30,N
20242721,2026-06-11T01:27:00.000,MAX,Y,O,M,20.0,DE,N,N,160.15,N
20097278,2026-03-03T12:12:07.000,MIN,N,B,M,31.0,DE,N,N,125.15,N
63876,2026-03-19T23:52:26.000,MIN,N,B,M,60.0,CS,N,N,,N
20210353,2025-12-17T01:03:45.000,MIN,Y,B,M,26.0,DE,N,N,110-160.15,Y
20204162,2026-02-02T12:33:30.000,MAX,Y,B,M,26.0,DE,N,Y,120.10,Y
20241288,2025-01-25T21:26:33.000,MED,Y,O,M,45.0,DE,N,N,130.96,N
132734,2024-08-20T11:59:23.000,MED,Y,O,M,41.0,DE,N,N,140.25,Y
20240996,2026-06-29T11:44:26.000,MED,N,B,M,20.0,DE,N,Y,120.10,Y
20219750,2026-08-10T20:57:46.000,MED,Y,O,M,22.0,DE,N,N,110-130.50,N
20231434,2024-05-18T10:38:29.000,MED,Y,B,M,21.0,DE,N,N,125.25,Y
20249491,2026-03-21T18:51:00.000,MIN,N,O,M,26.0,DE,N,N,265.03,N
20224082,2026-03-24T23:15:32.000,MED,Y,B,M,28.0,DE,N,N,130.65,N
20114291,2026-07-03T20:53:58.000,MIN,Y,O,M,54.0,DE,N,N,140.25,N
148766,2025-12-30T11:57:02.000,MIN,Y,B,M,65.0,DE,N,N,140.20,N
20204077,2025-11-21T10:03:32.000,MIN,Y,B,M,51.0,DE,N,N,110-125.25,N
20055415,2026-08-13T20:36:52.000,MAX,N,B,M,34.0,DE,N,Y,155.30,N
20231535,2025-10-10T13:03:29.000,MAX,Y,B,M,21.0,DE,N,Y,105.17,Y
20248783,2026-08-10T16:35:54.000,MAX,N,B,M,20.0,DE,N,Y,110-125.25,N
20219976,2026-06-17T23:55:00.000,MED,N,B,M,24.0,DE,N,Y,265.03,Y
10006834,2026-05-03T17:40:39.000,MED,Y,B,M,34.0,DEP,N,N,110-125.25,N
20249021,2026-02-26T16:52:23.000,MIN,N,B,M,31.0,DE,N,N,230.34,N
20239581,2024-10-29T13:02:00.000,MIN,Y,B,M,37.0,DE,N,N,110-125.25,Y
20249135,2026-03-04T01:14:11.000,MAX,Y,B,M,22.0,DE,N,N,120.10,Y
20244658,2025-07-11T17:50:49.000,MED,Y,B,M,37.0,DE,N,N,130.75,N
20251444,2026-06-26T13:11:17.000,MIN,Y,B,F,59.0,CS,N,N,215.50,N
20250022,2026-04-17T01:30:17.000,MAX,Y,W,M,28.0,DE,N,N,120.05,Y
20131388,2026-06-04T13:04:26.000,MAX,Y,B,M,37.0,DE,N,N,140.25,Y
20251974,2026-07-24T23:47:49.000,MIN,Y,O,M,51.0,DE,N,N,110-125.25,N
147701,2025-06-03T13:04:30.000,MIN,Y,B,M,66.0,DE,N,N,140.25,Y
20249984,2026-04-15T19:22:00.000,MIN,Y,B,M,55.0,DE,N,N,110-125.25,N
20226748,2026-08-11T00:14:00.000,MIN,N,B,M,63.0,CS,N,N,,N
20251341,2026-06-29T09:12:45.000,MIN,Y,O,M,25.0,DE,N,N,140.25,N
20230485,2026-02-22T12:24:07.000,MIN,Y,O,M,47.0,DE,N,N,160.15,Y
20226886,2023-09-11T12:20:00.000,MAX,Y,O,M,33.0,DE,N,N,110-125.25,Y
20175325,2026-08-17T00:55:00.000,MIN,N,W,M,34.0,DE,N,N,155.30,N
20221935,2024-04-08T12:56:39.000,MED,Y,B,F,26.0,DE,N,N,125.27,Y
108182,2026-08-11T16:24:18.000,MED,Y,B,M,46.0,DEP,N,N,VOP,N
20224221,2026-04-12T00:47:14.000,MAX,Y,B,M,30.0,DE,N,N,110-120.10,Y
7697,2026-08-16T12:05:20.000,MIN,N,B,M,57.0,DE,N,N,155.30,N
20246006,2026-01-25T11:48:23.000,MAX,Y,B,M,35.0,DE,N,N,140.30,Y
20215987,2026-03-04T15:33:59.000,MAX,Y,B,M,23.0,DE,N,Y,160.15,Y
20226634,2023-08-26T01:50:38.000,MED,Y,O,F,44.0,DE,N,N,125.25,Y
20194612,2026-08-16T17:49:21.000,MAX,N,W,M,37.0,DE,N,N,120.05,N
20229461,2024-02-06T16:59:22.000,MAX,Y,B,M,37.0,DE,N,N,125.25,Y
20243908,2026-07-06T11:54:21.000,MED,Y,B,M,20.0,CS,N,Y,,N
20249114,2026-03-03T10:56:57.000,MED,Y,B,M,35.0,DE,N,N,160.10,Y
136237,2026-01-25T12:12:00.000,MIN,N,B,M,59.0,DE,N,N,265.03,N
20250575,2026-05-13T16:14:23.000,MED,Y,O,M,46.0,DE,N,N,125.27,Y
20250303,2026-05-01T16:32:00.000,MED,N,B,M,21.0,DE,N,N,160.15,Y
3090,2025-03-23T17:25:18.000,MED,Y,B,M,54.0,DEP,N,N,130.65,Y
20239474,2026-06-12T12:42:27.000,MED,N,B,M,20.0,DNS,N,Y,,N
20229838,2026-03-29T22:37:35.000,MED,Y,B,M,52.0,DEP,N,Y,140.20,Y
20252362,2026-08-13T18:46:03.000,,N,B,F,43.0,DE,N,N,120.00,N
20043269,2025-11-30T01:14:58.000,MED,N,B,M,53.0,DE,N,N,140.20,Y
20251521,2026-07-01T11:14:00.000,MED,Y,O,M,32.0,DE,N,N,120.05,Y
20225765,2026-08-16T16:39:58.000,MED,N,B,M,53.0,DE,N,N,120.05,N
20196019,2026-06-15T17:48:16.000,MAX,Y,W,M,39.0,DEP,N,N,120.05,Y
20120497,2024-04-20T15:23:06.000,MED,N,B,M,36.0,DE,N,N,120.05,Y
20086448,2026-08-18T14:41:51.000,MED,Y,B,M,60.0,DEP,N,N,155.25,N
20221809,2026-03-18T15:02:16.000,MAX,N,B,M,22.0,DE,N,Y,160.15,Y
20252084,2026-08-04T16:20:33.000,MED,Y,B,M,20.0,DE,N,Y,265.03,N
20173283,2026-05-16T12:26:53.000,MIN,N,O,M,44.0,CS,N,N,215.50,N
165380,2026-07-07T15:20:05.000,MED,N,B,M,35.0,CS,N,Y,110-140.25,N
20221950,2023-03-08T17:04:24.000,MAX,Y,B,M,28.0,DE,N,N,105.15,Y
20215321,2026-03-07T13:01:52.000,MED,Y,O,F,38.0,DE,N,N,140.25,N
20246608,2026-04-05T23:36:15.000,MIN,N,O,M,28.0,CS,N,N,120.00,N
20058354,2025-05-23T23:11:02.000,MED,Y,O,M,32.0,DE,N,N,110-125.25,Y
20252407,2026-08-16T16:07:36.000,MIN,N,B,M,35.0,DE,N,N,121.12,N
20172706,2025-03-25T13:15:45.000,MED,N,B,M,28.0,DE,N,N,140.30,Y
20205890,2024-08-21T20:57:41.000,MED,Y,B,M,31.0,DE,N,N,125.27,Y
20245205,2026-04-12T01:40:00.000,MIN,N,B,M,39.0,CS,N,N,,Y
20057468,2024-06-09T12:43:36.000,MED,Y,B,M,38.0,DE,N,N,125.25,Y
20230085,2024-03-10T16:35:42.000,MED,Y,B,M,28.0,DE,N,N,125.25,Y
20248798,2026-02-13T12:52:41.000,MED,N,O,M,24.0,DE,N,N,130.35,N
20250141,2026-04-22T17:06:27.000,MED,Y,O,M,59.0,DE,N,N,130.30,N
102201,2026-07-23T18:55:01.000,MAX,Y,,,45.0,DE,N,N,120.05,Y
10000020,2026-04-14T12:10:52.000,MIN,Y,B,M,49.0,DE,N,N,265.03,Y
142402,2025-10-22T19:34:39.000,MED,Y,B,M,45.0,DE,N,N,110-125.25,Y
20125929,2026-06-07T15:46:28.000,MED,N,B,M,31.0,DE,N,N,160.15,Y
20178804,2025-11-17T13:03:24.000,MAX,Y,O,M,29.0,DE,N,N,120.05,Y
20252403,2026-08-16T12:52:33.000,MED,N,B,M,31.0,DE,N,N,125.25,N
15582,2026-06-25T14:15:51.000,MAX,Y,O,M,39.0,CS,N,N,,Y
20215909,2021-10-01T18:59:00.000,MAX,Y,O,M,23.0,DE,N,Y,125.25,Y
20241537,2025-10-16T00:21:37.000,MAX,N,O,M,23.0,DE,N,N,160.15,Y
20080340,2025-10-14T12:07:44.000,MAX,Y,B,M,33.0,DE,N,N,120.10,Y
20216983,2026-07-29T06:17:07.000,MIN,Y,B,F,50.0,DE,N,N,140.25,N
20191903,2026-03-12T15:51:31.000,MED,Y,W,F,31.0,CS,N,N,,Y
20242607,2026-04-13T14:03:49.000,MIN,Y,O,M,37.0,DE,N,N,160.15,N
20231592,2025-05-19T23:39:19.000,MAX,Y,B,M,20.0,DE,N,Y,125.25,Y
20249257,2026-03-10T16:47:28.000,MIN,Y,B,F,37.0,DE,N,N,110-125.25,N
20152446,2025-09-21T01:06:16.000,MIN,N,B,M,49.0,DE,N,N,155.30,N
10590,2026-03-26T11:46:41.000,MED,Y,B,M,40.0,DE,N,N,130.30,N
61605,2026-07-08T17:10:44.000,MIN,N,O,M,51.0,CS,N,N,,N
20044532,2026-05-18T11:24:59.000,MIN,Y,O,M,37.0,DE,N,N,140.30,N
20069526,2026-01-22T20:17:37.000,MAX,N,B,M,33.0,DE,N,N,110-125.25,Y
20250651,2026-05-16T19:28:14.000,MED,Y,O,M,25.0,DE,N,Y,120.10,Y
20246882,2025-10-27T11:45:19.000,MAX,Y,B,M,21.0,DE,N,N,110-125.25,Y
20123471,2026-04-25T17:16:00.000,MAX,Y,A,M,30.0,DE,N,Y,120.05,N
20251701,2026-07-10T13:24:03.000,MIN,Y,O,M,23.0,CS,N,N,1192(3),N
20204348,2025-09-24T11:25:08.000,MAX,Y,W,M,26.0,CS,N,N,,Y
20201445,2026-06-09T02:17:21.000,MIN,N,B,M,49.0,DE,N,N,140.20,N
20248059,2026-05-18T14:29:00.000,MIN,N,B,M,19.0,DE,N,Y,220.39,Y
20231641,2026-07-15T17:49:50.000,MIN,N,O,M,20.0,CS,N,Y,,N
20240754,2026-05-21T20:35:05.000,MAX,N,H,M,27.0,DE,N,N,160.15,Y
20246613,2025-10-13T17:23:03.000,MED,Y,A,M,28.0,DE,N,N,125.25,Y
20141061,2026-04-01T10:25:20.000,MED,Y,B,M,50.0,DE,N,N,120.05,N
20245624,2025-08-27T10:04:04.000,MIN,N,B,M,23.0,DE,N,N,110-125.25,N
20251089,2026-06-08T01:06:00.000,MAX,Y,B,M,30.0,DE,N,N,160.15,Y
20195980,2024-11-20T12:15:56.000,MAX,Y,B,M,25.0,DE,N,Y,110-125.25,Y
20249411,2026-03-17T17:26:46.000,MIN,N,O,M,32.0,CS,N,N,215.55,N
54723,2026-04-25T18:53:00.000,MIN,N,B,M,37.0,DEP,N,N,265.03,N
46207,2025-12-04T12:30:19.000,MAX,Y,B,M,38.0,DE,N,N,135.20,Y
20171873,2026-06-19T22:59:00.000,MAX,Y,B,M,34.0,DE,N,Y,160.05,Y
82553,2026-01-14T16:26:00.000,MED,N,B,M,39.0,DE,N,Y,265.03,Y
10001573,2026-01-09T21:00:15.000,MED,Y,O,M,63.0,DE,N,N,140.20,Y
153512,2026-06-03T16:40:45.000,MED,Y,B,M,38.0,DEP,N,N,140.25,N
20251421,2026-06-25T12:23:42.000,MIN,N,O,M,26.0,CS,N,N,110-265.03,N
20226338,2025-12-03T15:38:45.000,MED,Y,B,M,33.0,DE,N,N,130.35,N
20026893,2026-02-07T01:03:58.000,MAX,N,O,M,41.0,DEP,N,N,155.30,Y
20232955,2026-06-24T01:03:46.000,MAX,Y,B,M,35.0,DE,N,N,140.20,Y
20107890,2026-03-03T17:11:10.000,MIN,Y,O,M,42.0,DE,N,N,120.05,N
20101714,2026-04-11T00:50:58.000,MAX,Y,B,F,36.0,DE,N,N,110-125.25,Y
20243370,2025-05-11T13:32:13.000,MED,Y,O,M,35.0,DE,N,N,130.75,Y
38242,2025-12-03T13:19:03.000,MED,Y,B,M,47.0,DEP,N,N,VOP,N
20204375,2025-11-18T01:24:00.000,MAX,Y,B,M,27.0,DE,N,Y,220.16,Y
20242891,2026-06-27T14:11:00.000,MIN,Y,M,M,36.0,DE,N,N,160.10,Y
20223979,2023-04-07T17:47:10.000,MAX,Y,B,M,26.0,DE,N,Y,125.25,Y
13055,2026-04-16T21:59:11.000,MIN,Y,O,M,60.0,DE,N,N,140.20,Y
131080,2026-03-07T16:29:31.000,MED,Y,O,F,47.0,DEP,N,N,110-160.10,Y
20243953,2025-06-07T03:12:51.000,MED,Y,B,M,24.0,DE,N,N,160.15,Y
20081301,2026-06-23T17:10:00.000,MED,Y,B,M,66.0,DE,N,N,120.05,Y
20069182,2026-07-29T17:24:03.000,MED,N,B,M,57.0,DE,N,N,155.30,N
20242917,2026-06-14T13:02:17.000,MED,N,O,M,20.0,DE,N,N,110-125.25,N
20241403,2025-01-31T16:37:12.000,MIN,N,B,M,33.0,DE,N,N,120.10,Y
20251138,2026-06-10T13:07:22.000,MED,Y,O,M,19.0,DE,N,Y,265.02,Y
20240108,2024-11-23T12:28:06.000,MAX,Y,B,M,44.0,DE,N,N,125.25,Y
20249741,2026-04-04T18:06:40.000,MAX,Y,B,M,53.0,DE,N,N,265.03,Y
20244332,2025-06-26T15:25:14.000,MIN,N,O,M,30.0,DE,N,N,230.34,Y
20251552,2026-07-02T16:01:54.000,MED,Y,B,M,18.0,DE,N,Y,110-125.25,Y
20179976,2026-05-23T16:35:30.000,MIN,Y,B,M,26.0,DE,N,N,120.05,Y
20184197,2025-10-25T20:58:47.000,MAX,Y,B,M,38.0,DE,N,Y,160.05,Y
20249694,2026-04-02T12:28:00.000,MED,Y,B,M,19.0,DE,N,N,130.35,Y
20243156,2025-05-02T13:51:28.000,MAX,Y,B,F,38.0,DE,N,N,135.25,Y
20197843,2026-06-18T01:06:11.000,MED,Y,O,M,43.0,DE,N,N,140.20,Y
20111808,2026-03-25T22:25:00.000,MED,Y,B,M,29.0,DE,N,Y,160.15,N
20129226,2025-08-19T21:35:14.000,MAX,N,O,M,32.0,DE,N,Y,125.25,Y
20246077,2026-05-20T13:17:59.000,MIN,N,B,M,26.0,CS,N,N,,N
20232321,2026-07-28T12:53:46.000,MAX,N,B,M,21.0,DE,N,Y,110-125.25,N
20249266,2026-03-11T00:27:00.000,MED,N,B,M,54.0,DE,N,N,130.80,N
10012586,2021-09-23T23:59:00.000,MED,Y,B,M,35.0,DE,N,Y,125.25,Y
20243610,2025-05-21T21:14:49.000,MED,Y,B,M,20.0,DE,N,Y,125.25,Y
20223468,2023-03-09T12:45:40.000,MED,N,B,M,49.0,DE,N,N,125.25,N
20239045,2024-09-30T19:08:17.000,MED,N,B,M,37.0,DE,N,N,125.25,Y
108407,2026-03-10T19:12:00.000,MIN,Y,B,M,61.0,DE,N,N,215.52,N
104513,2025-02-07T02:14:23.000,MAX,Y,O,M,37.0,DE,N,N,125.25,Y
20252436,2026-08-18T00:14:13.000,MED,N,A,F,62.0,DE,N,N,FOA 900.00,N
170099,2026-04-15T14:50:00.000,MIN,N,O,M,44.0,DE,N,N,120.05,N
20009011,2026-03-26T17:23:24.000,MIN,Y,O,M,40.0,DE,N,N,150.10,N
20251501,2026-06-30T01:46:48.000,MED,Y,B,F,30.0,DE,N,N,160.15,Y
142668,2026-05-01T00:02:05.000,MIN,N,B,M,55.0,DE,N,N,140.30,Y
20084887,2025-09-14T16:48:43.000,MED,Y,O,M,34.0,DE,N,N,130.95,Y
20231830,2026-06-08T21:08:10.000,MED,Y,B,M,32.0,DE,N,N,140.25,N
20239496,2025-03-24T16:50:47.000,MIN,N,B,M,24.0,DE,N,N,105.15,Y
20216830,2026-07-11T00:00:56.000,MED,Y,B,M,30.0,DE,N,N,120.05,Y
20162679,2026-08-15T15:16:42.000,MIN,N,B,M,48.0,DE,N,N,140.20,N
20184808,2025-02-05T09:48:52.000,MAX,Y,B,M,26.0,DE,N,Y,110-125.25,Y
20014713,2026-08-16T16:25:13.000,MIN,N,O,M,42.0,DE,N,N,140.20,N
20231668,2024-05-30T11:09:20.000,MED,Y,W,M,43.0,DE,N,N,125.25,N
10006628,2025-06-13T20:42:00.000,MED,Y,B,F,36.0,DEP,N,N,140.30,N
114369,2026-07-13T15:16:08.000,MAX,N,B,M,35.0,DE,N,N,160.10,Y
20247493,2025-11-26T15:48:31.000,MED,Y,O,M,29.0,DE,N,N,110-125.26,Y
20246048,2025-09-16T14:53:25.000,MIN,N,O,M,41.0,DE,N,N,120.04,N
20060512,2026-06-05T19:14:40.000,MIN,Y,O,M,45.0,DE,N,N,110-125.25,N
20241905,2025-03-03T19:24:27.000,MIN,Y,W,M,45.0,DE,N,N,220.18,N
20200609,2026-05-16T11:26:14.000,MAX,N,B,M,29.0,DE,N,Y,FOA 900.00,Y
20240223,2026-04-15T14:13:00.000,MIN,Y,B,M,29.0,DE,N,N,120.00,Y
20246378,2026-08-14T12:07:49.000,MIN,N,B,M,28.0,CS,N,N,265.02,N
57462,2026-08-16T13:00:38.000,MED,N,B,M,47.0,DE,N,N,110-125.25,N
20124854,2026-04-13T17:01:08.000,MED,Y,O,M,35.0,DEP,N,N,130.53,Y
20223526,2023-03-12T01:30:19.000,MED,Y,B,M,49.0,DE,N,N,125.27,N
20249641,2026-03-30T12:26:20.000,,N,B,F,43.0,DE,N,N,125.25,Y
20170607,2025-12-22T15:09:50.000,MAX,Y,B,M,28.0,DE,N,Y,220.16,Y
20252189,2026-08-06T13:08:47.000,MED,Y,B,M,18.0,DE,N,Y,265.03,N
20246620,2025-10-14T01:00:04.000,MAX,Y,B,M,33.0,DE,N,N,120.10,Y
55161,2024-02-27T18:54:18.000,MED,Y,O,M,45.0,DE,N,N,110-125.25,Y
105671,2025-03-09T01:02:00.000,MAX,N,B,M,46.0,DE,N,Y,110-125.25,Y
14443,2026-04-29T17:08:54.000,MAX,Y,B,M,42.0,DE,N,N,140.25,Y
20249666,2026-03-31T23:46:00.000,MED,Y,A,M,29.0,DE,N,N,140.25,Y
20193320,2026-01-14T01:45:44.000,MIN,Y,A,M,52.0,DE,N,N,120.10,N
77292,2025-02-15T16:31:27.000,MAX,Y,O,M,45.0,DEP,N,Y,VOP,Y
20251714,2026-07-10T22:58:00.000,MED,N,A,M,22.0,DE,N,N,140.25,Y
74362,2025-12-18T16:08:58.000,MIN,N,B,M,45.0,DE,N,N,140.25,N
20217384,2026-01-06T11:54:18.000,MAX,N,B,M,27.0,DE,N,Y,110-125.25,Y
157106,2025-03-21T12:43:48.000,MIN,N,B,M,50.0,DE,N,N,220.21,Y
20247241,2025-11-14T11:35:44.000,MIN,Y,O,M,28.0,DE,N,N,220.43,N
20149484,2026-03-07T20:07:06.000,MED,Y,W,M,40.0,DE,N,N,140.30,Y
20223183,2026-02-11T15:42:30.000,MIN,N,B,M,22.0,DE,N,N,160.15,Y
20042584,2026-08-16T16:33:00.000,MIN,N,B,M,53.0,DE,N,N,168-T,N
20219526,2022-07-06T20:58:00.000,MAX,Y,B,M,24.0,DE,N,Y,125.25,Y
20249804,2026-04-08T12:15:26.000,MIN,Y,B,M,20.0,DE,N,Y,110-125.25,N
20251465,2026-06-27T20:18:14.000,MED,N,O,M,23.0,CS,N,N,,Y
20241950,2026-01-27T12:44:20.000,MIN,N,B,M,35.0,CS,N,N,265.01,N
20250957,2026-06-01T12:24:38.000,MED,N,O,M,57.0,DE,N,N,VTL 1192.2,N
20246004,2025-09-13T16:51:42.000,MED,N,O,M,19.0,DE,N,N,120.10,Y
20249584,2026-03-26T15:23:57.000,MED,Y,O,M,50.0,DE,N,N,125.25,Y
20166118,2026-07-22T12:56:51.000,MAX,Y,B,M,36.0,DEP,N,N,110-125.25,Y
20144790,2026-02-09T12:53:18.000,MIN,Y,B,M,28.0,CS,N,N,,Y
20014249,2026-05-20T05:08:11.000,MED,Y,U,M,45.0,DE,N,N,265.03,N
20108939,2025-12-16T00:33:15.000,MIN,Y,B,M,33.0,DE,N,N,150.15,N
20204371,2024-12-18T20:46:09.000,MED,Y,B,M,34.0,DE,N,Y,125.25,Y
20230313,2026-01-08T10:41:53.000,MIN,N,B,M,36.0,CS,N,N,105.10,N
20250537,2026-05-12T13:14:54.000,MED,N,O,M,32.0,DE,N,N,130.75,N
20247470,2026-07-28T21:47:33.000,MAX,Y,B,M,25.0,DE,N,N,120.05,Y
20186356,2026-05-11T16:47:47.000,MED,N,B,M,27.0,CS,N,Y,265.01,N
20238821,2024-09-19T17:10:00.000,MED,Y,B,M,21.0,DE,N,Y,110-125.25,Y
20250234,2026-04-28T11:13:53.000,MAX,N,O,M,27.0,DE,N,N,110-125.25,Y
20116374,2022-09-02T17:34:00.000,MED,Y,O,M,38.0,DE,N,N,125.25,Y
20250757,2026-05-22T00:03:47.000,MIN,Y,B,M,39.0,DE,N,N,110-120.05,Y
168977,2026-08-16T11:41:10.000,MIN,N,O,M,46.0,DE,N,N,120.05,N
20001778,2026-04-15T16:28:31.000,MIN,Y,B,M,34.0,DE,N,N,160.10,N
49535,2026-04-25T16:53:57.000,MED,Y,B,M,56.0,DE,N,N,120.05,Y
20250755,2026-05-21T20:01:49.000,MED,Y,O,M,24.0,DE,N,N,110-125.25,N
20252080,2026-07-30T20:55:00.000,MED,Y,B,M,25.0,DE,N,N,130.25,N
20228198,2026-05-18T00:53:04.000,MED,N,W,M,34.0,DE,N,N,140.20,N
20214443,2023-07-28T00:24:31.000,MAX,Y,B,M,32.0,DE,N,N,125.25,Y
20107718,2026-06-10T17:03:27.000,MIN,N,O,M,57.0,DE,N,N,220.21,N
25077,2023-12-28T18:44:13.000,MED,Y,O,M,51.0,DE,N,N,110-125.25,Y
57342,2025-08-06T16:45:12.000,MIN,Y,B,M,46.0,DE,N,N,140.20,N
20140629,2026-08-18T11:41:14.000,MIN,Y,B,M,39.0,DE,N,N,140.25,N
20224270,2026-01-27T00:59:00.000,MAX,Y,B,F,36.0,DE,N,N,120.05,Y
20251432,2026-07-10T09:34:24.000,MED,N,W,M,57.0,DE,N,N,155.35,N
20250965,2026-06-02T11:32:35.000,MIN,N,O,M,39.0,DE,N,N,120.60,N
20057369,2025-12-18T21:14:12.000,MIN,Y,B,F,61.0,DE,N,N,155.30,Y
117808,2026-06-03T18:56:00.000,MED,N,B,M,35.0,DE,N,Y,220.41,Y
20105782,2024-08-13T23:35:06.000,MAX,Y,B,M,32.0,DE,N,Y,125.25,Y
20224212,2026-02-04T16:13:11.000,MAX,Y,B,M,22.0,CS,N,Y,120.14,Y
137027,2024-11-22T13:37:32.000,MAX,Y,B,M,35.0,DE,N,Y,220.39,Y
1000,2025-08-23T12:49:19.000,MED,N,W,M,62.0,DE,N,N,220.41,N
20091572,2026-08-13T21:40:54.000,MIN,Y,B,M,38.0,DE,N,N,120.05,N
20174518,2025-10-29T11:34:28.000,MAX,Y,B,M,29.0,DE,N,N,130.35,Y
20181433,2024-11-09T01:12:40.000,MED,Y,A,M,30.0,DE,N,N,110-125.25,Y
20252181,2026-08-10T12:38:09.000,MAX,N,W,M,20.0,DE,N,Y,160.10,N
20250867,2026-05-28T11:40:52.000,MAX,Y,O,M,18.0,CS,N,N,160.10,Y
20249006,2026-07-19T23:56:55.000,MIN,Y,O,M,28.0,DE,N,N,160.10,N
20217450,2026-05-11T13:37:00.000,MAX,Y,B,M,25.0,DE,N,Y,110-125.25,Y
20199748,2026-05-07T10:53:36.000,MAX,Y,B,M,24.0,DE,N,Y,160.10,Y
20228980,2024-01-10T00:20:39.000,MED,N,O,M,29.0,DE,N,N,125.20,N
20238270,2026-08-16T19:18:00.000,MED,N,B,M,22.0,DE,N,N,265.03,N
1179,2026-08-06T14:47:06.000,MED,Y,O,M,50.0,DPV,N,N,,N
20244932,2025-07-24T20:32:39.000,MED,Y,O,M,32.0,DE,N,N,130.95,N
20162876,2026-08-17T16:32:08.000,MIN,N,B,M,37.0,DE,N,N,265.03,N
20136389,2026-05-17T01:44:08.000,MIN,Y,B,M,33.0,DE,N,N,120.05,N
24876,2026-08-18T21:30:44.000,MIN,N,O,M,41.0,DE,N,N,120.05,N
20233089,2025-01-24T21:35:32.000,MED,N,U,M,21.0,DE,N,N,265.03,Y
143849,2025-11-21T23:55:18.000,MED,Y,O,M,36.0,DEP,N,Y,265.03,Y
20247304,2026-04-11T12:12:10.000,MIN,N,O,M,32.0,DE,N,N,120.10,N
20067575,2026-08-17T15:44:12.000,MIN,N,W,M,38.0,DEP,N,N,265.02,N
20239059,2026-05-02T12:23:00.000,MIN,Y,B,M,20.0,DE,N,Y,265.03,Y
20181122,2025-03-14T18:50:00.000,MAX,N,B,M,25.0,DE,N,Y,140.30,Y
40381,2026-07-13T19:59:53.000,MED,Y,B,M,41.0,DE,N,N,511(2)(A),N
163153,2026-08-17T12:49:00.000,MED,Y,B,F,37.0,DE,N,N,215.50,N
20242599,2025-04-04T19:04:42.000,MIN,N,O,M,33.0,DE,N,N,220.21,N
20230431,2026-08-17T20:25:00.000,MAX,N,B,M,24.0,DE,N,Y,110-125.25,N
20140557,2026-08-06T11:27:19.000,MIN,N,B,M,32.0,DE,N,Y,110-125.25,N
13282,2025-12-31T20:58:39.000,MED,Y,B,M,43.0,DE,N,N,120.05,Y
20217622,2022-02-28T17:14:29.000,MED,Y,B,M,31.0,DE,N,N,125.25,Y
20252331,2026-08-12T13:05:21.000,MIN,Y,B,M,20.0,DE,N,N,120.05,N
20224963,2026-08-18T13:34:12.000,MED,Y,W,M,30.0,DE,N,N,120.05,N
20207543,2026-04-16T17:01:01.000,MAX,Y,B,M,26.0,DE,N,Y,265.03,Y
20251914,2026-07-21T00:38:55.000,MED,Y,B,M,21.0,DE,N,Y,160.15,N
20232251,2026-06-20T13:07:32.000,MIN,Y,W,M,41.0,CS,N,N,160.15,N
94728,2026-07-13T13:05:57.000,MED,Y,O,M,51.0,DE,N,N,155.30,N
140753,2026-03-30T16:06:27.000,MAX,Y,B,F,35.0,DE,N,N,160.15,Y
20247435,2025-11-23T18:50:57.000,MIN,Y,O,M,25.0,DE,N,N,110-125.25,N
20230006,2024-03-07T12:15:00.000,MED,Y,O,M,49.0,DE,N,N,130.75,Y
20202210,2026-08-19T10:41:34.000,,N,W,F,36.0,DE,N,N,120.08,N
20198681,2026-03-13T20:28:04.000,MIN,Y,B,M,57.0,DE,N,N,265.03,N
20242382,2026-07-17T19:44:00.000,MED,Y,B,M,26.0,DE,N,N,120.05,Y
46807,2026-05-24T12:50:15.000,MED,Y,B,M,39.0,DE,N,Y,140.30,N
20232575,2024-07-12T14:38:31.000,MIN,Y,O,M,53.0,DE,N,N,110-125.25,N
20012472,2025-04-05T13:17:37.000,MAX,Y,B,M,38.0,DE,N,N,110-140.25,Y
20248686,2026-02-23T19:27:00.000,MIN,Y,W,F,41.0,DE,N,N,140.25,N
33067,2026-06-11T20:25:14.000,MED,Y,O,M,44.0,DE,N,N,220.18,N
20011194,2026-06-13T18:33:51.000,MAX,Y,B,M,34.0,DE,N,N,130.65,Y
20210747,2026-02-10T16:20:17.000,MIN,Y,B,M,45.0,CS,N,N,,Y
20208208,2026-07-27T11:53:48.000,MAX,Y,M,M,33.0,DE,N,N,160.10,Y
20247370,2025-11-20T16:19:02.000,MED,N,O,M,22.0,DE,N,Y,160.15,Y
20245062,2025-07-31T16:25:27.000,MED,Y,B,M,44.0,DE,N,N,125.25,N
20228274,2023-11-29T22:18:45.000,MED,Y,W,F,30.0,DE,N,N,125.25,Y
20202255,2026-04-29T20:37:01.000,MED,Y,B,M,29.0,DE,N,N,265.03,Y
20252430,2026-08-17T17:26:00.000,MIN,Y,B,M,26.0,DE,N,N,265.03,N
2618,2026-05-17T01:13:05.000,MAX,Y,B,M,39.0,DE,N,N,215.52,N
20188332,2026-08-17T19:14:00.000,MIN,N,B,M,31.0,DE,N,N,120.05,N
20147875,2026-05-12T19:05:00.000,MIN,N,B,M,45.0,DE,N,N,140.25,N
20196982,2025-11-20T00:45:00.000,MAX,Y,B,M,25.0,DE,N,Y,121.12,Y
20156938,2024-05-09T11:01:55.000,MAX,Y,B,M,27.0,DE,N,Y,125.25,Y
20251814,2026-07-16T01:16:56.000,MED,Y,B,M,64.0,DE,N,N,220.39,N
20245538,2025-08-23T01:06:18.000,MED,N,B,M,27.0,DE,N,N,120.05,Y
24637,2026-08-09T21:29:48.000,MAX,Y,B,M,44.0,CS,N,N,FOA 900.00,N
20227901,2024-10-02T10:35:12.000,MED,Y,O,M,27.0,DE,N,N,130.65,Y
20190938,2025-12-24T14:46:40.000,MAX,Y,O,M,24.0,DE,N,Y,160.15,Y
20206827,2019-09-06T19:56:11.000,MED,Y,A,M,56.0,DE,N,N,125.27,Y
139396,2026-07-08T16:10:15.000,MAX,Y,O,M,42.0,DE,N,N,220.16,N
57631,2026-04-12T13:22:28.000,MIN,Y,B,M,50.0,DE,N,N,140.20,N
20187415,2026-07-25T16:22:49.000,MED,Y,O,M,32.0,CS,N,N,155.25,N
20243106,2026-08-17T19:57:42.000,MED,N,B,M,29.0,DE,N,Y,120.08,N
20241541,2025-02-09T12:31:05.000,MED,Y,B,M,23.0,DE,N,N,125.25,Y
20075367,2026-07-14T11:44:21.000,MED,Y,B,M,33.0,DE,N,Y,110-125.25,Y
20222222,2026-04-09T10:51:08.000,MED,Y,B,F,37.0,DE,N,N,110-135.20,Y
20136672,2025-12-27T12:55:00.000,MED,Y,O,M,29.0,DE,N,Y,135.20,N
20139317,2026-06-12T15:44:00.000,MAX,Y,B,M,30.0,DEP,N,Y,140.20,N
20247035,2025-11-04T19:26:00.000,MIN,N,B,M,20.0,DE,N,Y,160.15,Y
20246448,2025-10-23T11:23:32.000,MED,N,O,M,21.0,DE,N,Y,160.15,Y
20225340,2026-01-12T21:08:10.000,MAX,N,O,M,26.0,DE,N,N,160.15,Y
20252438,2026-08-18T01:16:25.000,MIN,Y,B,M,37.0,DE,N,N,120.14,N
20201277,2026-01-14T00:48:41.000,MIN,Y,O,M,49.0,DE,N,N,120.05,N
20070340,2026-05-07T16:28:27.000,MIN,N,O,M,32.0,DE,N,N,220.16,N
20153975,2026-05-25T12:08:53.000,MED,Y,O,F,32.0,DE,N,N,120.05,Y
20249786,2026-04-07T16:23:00.000,MIN,Y,B,M,46.0,DE,N,N,265.03,N
20227334,2023-10-06T21:47:28.000,MED,N,O,M,49.0,DE,N,N,125.25,Y
20057576,2026-06-10T16:49:16.000,MIN,Y,W,M,57.0,DE,N,N,265.02,N
20250326,2026-05-21T15:50:36.000,MIN,Y,O,M,19.0,DE,N,Y,160.10,Y
20064591,2026-08-17T16:15:57.000,MED,N,O,M,62.0,DPV,N,N,,N
155718,2025-10-20T12:20:42.000,MAX,Y,B,M,36.0,DE,N,N,130.35,Y
20252456,2026-08-19T00:55:29.000,MIN,N,W,M,68.0,DE,N,N,AC 000.00,N
20212833,2024-08-08T01:13:00.000,MED,Y,O,M,40.0,DE,N,N,130.95,N
20044712,2025-11-16T00:56:05.000,MAX,Y,B,M,33.0,DE,N,Y,110-125.25,Y
20243353,2025-05-10T16:42:28.000,MIN,Y,W,M,40.0,DE,N,N,120.05,N
108329,2026-08-18T16:00:56.000,MIN,N,B,M,45.0,DNS,N,N,110-160.15,N
20223916,2024-08-12T23:53:00.000,MAX,Y,O,M,26.0,DE,N,N,130.35,Y
106372,2026-01-24T00:33:00.000,MIN,Y,B,M,37.0,DE,N,N,140.25,N
20249205,2026-03-07T15:46:01.000,MIN,Y,O,M,49.0,DE,N,N,140.20,N
44170,2026-07-19T19:01:05.000,MED,Y,B,M,64.0,DE,N,Y,160.10,Y
76560,2026-08-18T19:21:00.000,MED,N,B,M,61.0,DE,N,N,155.25,N
20062119,2026-06-26T18:22:03.000,MIN,N,B,M,39.0,DE,N,N,FOA 900.00,N
20224602,2025-10-03T16:02:01.000,MAX,Y,B,M,23.0,DE,N,Y,160.15,Y
10012970,2026-08-16T21:06:23.000,MAX,Y,B,M,34.0,DE,N,N,140.30,N
20252411,2026-08-16T17:57:36.000,MIN,Y,O,M,35.0,DE,N,N,240.30,N
20252447,2026-08-18T17:05:00.000,MIN,N,W,M,33.0,DE,N,N,FOA 900.00,N
20182258,2026-06-25T17:03:47.000,MAX,Y,B,M,29.0,DE,N,Y,110-125.25,Y
20147089,2026-05-08T13:42:46.000,MIN,Y,B,F,58.0,DE,N,N,120.05,N
20212819,2026-08-14T17:10:45.000,MED,Y,O,M,38.0,DE,N,N,140.25,N
20079810,2026-05-26T12:22:07.000,MED,Y,B,M,47.0,DE,N,N,120.10,N
20222721,2026-08-17T15:36:26.000,MED,Y,B,M,22.0,DE,N,N,160.15,N
20247649,2026-06-11T12:49:48.000,MED,N,O,M,21.0,DE,N,N,160.15,N
86885,2022-09-02T12:23:00.000,MED,N,B,M,46.0,DE,N,N,125.25,Y
20252429,2026-08-17T17:01:28.000,MIN,N,B,M,36.0,DE,N,N,110-120.10,N
20252434,2026-08-18T00:05:14.000,MIN,N,O,M,60.0,DE,N,N,120.05,N
20250817,2026-05-26T17:13:23.000,MIN,N,B,M,33.0,DE,N,N,265.03,N
20224370,2024-01-26T09:42:41.000,MAX,Y,B,M,42.0,DE,N,N,110-125.25,Y
69260,2026-01-15T22:35:00.000,MIN,Y,B,M,76.0,DE,N,N,140.25,Y
10008274,2026-08-19T14:12:24.000,MIN,N,B,M,52.0,DPV,N,N,,N
20057700,2025-10-21T01:01:06.000,MAX,Y,O,M,32.0,DE,N,N,140.25,Y
74581,2026-04-29T20:54:10.000,MIN,Y,W,M,37.0,DE,N,N,140.20,Y
20106440,2026-01-19T11:14:04.000,MAX,Y,O,M,30.0,DE,N,Y,160.10,Y
20238423,2026-03-17T17:24:07.000,MIN,N,O,M,22.0,CS,N,N,,N
20187945,2025-11-05T01:02:18.000,MAX,Y,O,M,27.0,DE,N,N,120.10,Y
20240441,2025-12-31T20:17:50.000,MED,Y,O,M,37.0,CS,N,N,,N
10013714,2026-06-23T18:31:29.000,MAX,Y,B,M,40.0,DE,N,N,120.05,Y
20213350,2025-09-20T16:06:00.000,MED,Y,B,M,28.0,DE,N,N,120.05,Y
20233159,2026-08-18T12:24:32.000,MED,Y,O,M,24.0,DE,N,N,,N
20219747,2022-07-21T00:10:30.000,MAX,N,B,M,22.0,DE,N,Y,125.25,Y
20175516,2026-08-17T09:12:09.000,MED,N,B,M,29.0,DEP,N,N,VOP,N
20244642,2026-03-03T14:42:21.000,MIN,N,B,M,31.0,DE,N,N,160.15,N
20228976,2024-01-09T20:38:29.000,MED,Y,O,M,36.0,DE,N,N,125.25,Y
20242823,2025-04-16T19:19:22.000,MED,N,O,M,19.0,DE,N,N,105.15,Y
20252451,2026-08-18T20:06:11.000,MED,N,B,M,20.0,DE,N,N,110-160.15,N
20248270,2026-01-13T16:07:58.000,MAX,Y,B,M,34.0,DE,N,N,130.35,Y
20188556,2026-08-18T12:44:00.000,MIN,N,B,M,25.0,DE,N,N,FOA 900.00,N
20241092,2025-01-16T01:35:11.000,MED,Y,O,M,20.0,DE,N,N,105.15,Y
20244948,2025-07-25T14:51:57.000,MED,Y,O,F,55.0,DE,N,N,125.27,N
20245651,2025-08-28T13:08:03.000,MED,Y,B,M,21.0,DE,N,Y,105.15,Y
20246260,2025-09-25T19:33:34.000,MED,N,B,M,30.0,DE,N,N,140.25,Y
20016153,2026-04-10T17:12:15.000,MAX,Y,W,F,39.0,DE,N,N,160.15,N
20180592,2026-08-17T17:47:59.000,MED,N,O,M,36.0,DEP,N,N,VOP,N
109362,2026-03-13T11:05:00.000,MIN,Y,B,M,51.0,DE,N,N,155.30,N
20200414,2026-06-14T23:50:49.000,MED,Y,O,M,31.0,DE,N,N,160.05,N
20082812,2026-05-28T12:41:23.000,MED,N,B,M,65.0,DE,N,N,265.03,N
20239354,2026-07-07T17:24:25.000,MIN,Y,O,F,51.0,DE,N,N,140.20,N
20241219,2025-01-22T12:54:29.000,MED,Y,O,M,20.0,DE,N,N,110-125.25,Y
20249727,2026-04-04T01:56:34.000,MIN,Y,O,M,19.0,DE,N,Y,110-125.25,N
17844,2025-11-14T21:22:32.000,MAX,Y,B,M,44.0,DE,N,N,120.05,Y
20240007,2026-02-27T00:58:14.000,MED,N,B,M,20.0,DE,N,Y,110-125.25,Y
132996,2026-08-19T01:14:58.000,MED,N,B,M,36.0,DE,N,N,140.20,N
20250532,2026-07-22T14:32:00.000,MIN,Y,B,M,56.0,DE,N,N,160.15,N
20252180,2026-08-06T01:29:18.000,MED,N,B,M,19.0,DE,N,N,265.03,N
20200909,2026-08-17T01:03:36.000,MIN,N,W,M,29.0,DE,N,N,140.20,N
20247339,2025-11-19T16:22:31.000,MED,N,B,M,21.0,DE,N,N,105.15,Y
62558,2026-08-16T16:23:00.000,MAX,Y,O,M,44.0,DE,N,N,215.52,N
20155959,2026-07-11T12:48:22.000,MED,N,O,M,37.0,DE,N,N,140.20,N
20248560,2026-01-29T12:30:28.000,MED,Y,O,M,25.0,DE,N,Y,120.10,Y
20250463,2026-08-18T23:50:24.000,MIN,Y,O,M,37.0,DE,N,N,215.51,N
20252439,2026-08-18T11:46:46.000,MED,N,B,M,34.0,DE,N,N,265.01,N
20249587,2026-04-21T13:01:55.000,MAX,Y,O,M,22.0,DE,N,N,160.15,Y
20217595,2026-08-18T16:57:35.000,MAX,N,B,M,22.0,DE,N,N,110-125.25,N
20251720,2026-07-11T11:59:07.000,MED,Y,B,M,21.0,DE,N,N,160.15,N
20214633,2026-05-31T16:51:10.000,MAX,N,O,M,29.0,CS,N,N,120.00,N
20109231,2026-05-12T16:38:21.000,MAX,Y,B,M,32.0,DE,N,N,110-125.25,Y
20219353,2024-02-05T14:48:53.000,MAX,N,B,M,23.0,DE,N,Y,110-125.25,Y
20179296,2026-08-17T11:38:28.000,MIN,N,O,M,36.0,DE,N,N,VTL 1192.2,N
20226588,2026-06-10T19:34:27.000,MED,N,B,M,59.0,DE,N,N,265.03,N
20222387,2026-05-01T01:16:24.000,MIN,Y,B,M,33.0,DE,N,N,120.14,Y
20246801,2025-10-22T23:57:33.000,MAX,N,O,M,23.0,DE,N,Y,110-125.25,Y
20238191,2024-08-20T18:49:21.000,MED,Y,W,M,42.0,DE,N,N,110-125.25,Y
20252177,2026-08-06T01:19:29.000,MAX,N,B,M,20.0,DE,N,Y,110-125.25,N
20200512,2026-08-19T09:33:12.000,MED,N,O,M,30.0,DE,N,N,,N
20232634,2025-11-19T14:01:57.000,MED,Y,B,M,21.0,DE,N,Y,125.25,Y
22109,2026-08-17T01:01:16.000,MIN,N,B,M,41.0,DE,N,N,215.50,N
20154329,2026-03-25T15:31:17.000,MED,Y,B,M,29.0,DE,N,Y,130.95,N
20136571,2026-04-18T00:24:29.000,MAX,Y,B,M,28.0,CS,N,Y,145.00,Y
20241116,2025-01-17T00:33:48.000,MED,Y,B,M,48.0,DE,N,N,125.25,Y
20046399,2024-10-01T11:27:00.000,MED,Y,B,M,34.0,DE,N,Y,160.15,Y
20249399,2026-04-11T19:31:00.000,MIN,N,A,M,35.0,DE,N,N,150.15,N
43755,2025-03-17T18:22:32.000,MED,N,O,M,47.0,DE,N,N,160.10,Y
140451,2026-05-12T19:03:00.000,MAX,Y,B,M,49.0,DE,N,N,120.05,Y
